id,task_type,status,path_taken,verdict,risk_score,verdict_path,tools,mitre,summary,created_at,completed_at,latency_seconds
e1bd1070-9560-4788-a33f-598f424ebd08,kerberoasting,completed,A,true_positive,100,,7,"[{""id"": ""T1558.003"", ""name"": ""Kerberoasting"", ""tactic"": ""Credential Access""}]","• CONFIRMED ATTACK detected from 10.200.1.2
• SPN enumeration detected — Kerberoasting recon
• 3 indicator(s) found (ipv4, service_name, username)
• HIGH RISK (100/100) — immediate action recommended
• MITRE ATT&CK: {'id': 'T1558.003', 'name': 'Kerberoasting', 'tactic': 'Credential Access'}
• Affected user: admin_1",2026-04-09 10:24:53.152899+00,2026-04-09 10:25:10.905394+00,17.752495
b8c55395-77dc-4712-81fc-f05a95a7aa0f,data_exfiltration,completed,A,true_positive,100,,8,"[{""id"": ""T1041"", ""name"": ""Exfiltration Over C2 Channel"", ""tactic"": ""Exfiltration""}, {""id"": ""T1567"", ""name"": ""Exfiltration Over Web Service"", ""tactic"": ""Exfiltration""}, {""id"": ""T1048"", ""name"": ""Exfiltration Over Alternative Protocol"", ""tactic"": ""Exfiltration""}]","• CONFIRMED ATTACK detected from 10.200.1.3
• Large data transfer: 5.2 GB
• 3 indicator(s) found (ipv4, username)
• HIGH RISK (100/100) — immediate action recommended
• MITRE ATT&CK: {'id': 'T1041', 'name': 'Exfiltration Over C2 Channel', 'tactic': 'Exfiltration'}, {'id': 'T1567', 'name': 'Exfiltration Over Web Service', 'tactic': 'Exfiltration'}, {'id': 'T1048', 'name': 'Exfiltration Over Alternative Protocol', 'tactic': 'Exfiltration'}
• Affected user: admin_2",2026-04-09 10:24:53.66693+00,2026-04-09 10:25:28.19466+00,34.527730
b62703d9-62b2-420c-a056-7e843b145ba4,kerberoasting,completed,A,true_positive,100,,7,"[{""id"": ""T1558.003"", ""name"": ""Kerberoasting"", ""tactic"": ""Credential Access""}]","• CONFIRMED ATTACK detected from 10.200.1.4
• SPN enumeration detected — Kerberoasting recon
• 3 indicator(s) found (ipv4, service_name, username)
• HIGH RISK (100/100) — immediate action recommended
• MITRE ATT&CK: {'id': 'T1558.003', 'name': 'Kerberoasting', 'tactic': 'Credential Access'}
• Affected user: jsmith_3",2026-04-09 10:24:54.179505+00,2026-04-09 10:25:29.293781+00,35.114276
d698f01b-3b43-42fd-be4f-80dbff517e63,data_exfiltration,completed,A,true_positive,100,,8,"[{""id"": ""T1041"", ""name"": ""Exfiltration Over C2 Channel"", ""tactic"": ""Exfiltration""}, {""id"": ""T1567"", ""name"": ""Exfiltration Over Web Service"", ""tactic"": ""Exfiltration""}, {""id"": ""T1048"", ""name"": ""Exfiltration Over Alternative Protocol"", ""tactic"": ""Exfiltration""}]","• CONFIRMED ATTACK detected from 10.200.1.5
• Large data transfer: 5.2 GB
• 3 indicator(s) found (ipv4, username)
• HIGH RISK (100/100) — immediate action recommended
• MITRE ATT&CK: {'id': 'T1041', 'name': 'Exfiltration Over C2 Channel', 'tactic': 'Exfiltration'}, {'id': 'T1567', 'name': 'Exfiltration Over Web Service', 'tactic': 'Exfiltration'}, {'id': 'T1048', 'name': 'Exfiltration Over Alternative Protocol', 'tactic': 'Exfiltration'}
• Affected user: golden_attacker_4",2026-04-09 10:24:54.697992+00,2026-04-09 10:25:29.202282+00,34.504290
519aae1b-551b-48d1-812d-95ff9c626cbd,password_change,completed,A,benign,0,,2,[],"• Routine activity — no threat detected
• 2 indicator(s) found (ipv4, username)
• LOW RISK (0/100) — no action needed
• Affected user: admin_5",2026-04-09 10:24:55.213951+00,2026-04-09 10:24:55.988643+00,0.774692
4cd0815b-3b8a-4eee-9afc-9150329fa0ce,ransomware,completed,A,true_positive,100,,8,"[{""id"": ""T1486"", ""name"": ""Data Encrypted for Impact"", ""tactic"": ""Impact""}, {""id"": ""T1490"", ""name"": ""Inhibit System Recovery"", ""tactic"": ""Impact""}, {""id"": ""T1059"", ""name"": ""Command and Scripting Interpreter"", ""tactic"": ""Execution""}, {""id"": ""T1547"", ""name"": ""Boot or Logon Autostart Execution"", ""tactic"": ""Persistence""}]","• CONFIRMED ATTACK detected from 10.200.1.7
• Shadow copy deletion detected (vssadmin delete shadows)
• 2 indicator(s) found (ipv4, username)
• HIGH RISK (100/100) — immediate action recommended
• MITRE ATT&CK: {'id': 'T1486', 'name': 'Data Encrypted for Impact', 'tactic': 'Impact'}, {'id': 'T1490', 'name': 'Inhibit System Recovery', 'tactic': 'Impact'}, {'id': 'T1059', 'name': 'Command and Scripting Interpreter', 'tactic': 'Execution'}
• Affected user: exfil_user_6",2026-04-09 10:24:55.741374+00,2026-04-09 10:25:28.214287+00,32.472913
f59c0a5a-927d-4351-89ea-2949101ce969,phishing,completed,A,true_positive,85,,10,"[{""id"": ""T1566"", ""name"": ""Phishing"", ""tactic"": ""Initial Access""}, {""id"": ""T1566.001"", ""name"": ""Spearphishing Attachment"", ""tactic"": ""Initial Access""}, {""id"": ""T1566.002"", ""name"": ""Spearphishing Link"", ""tactic"": ""Initial Access""}, {""id"": ""T1204.001"", ""name"": ""Malicious Link"", ""tactic"": ""Execution""}]","• CONFIRMED ATTACK detected from 10.200.1.8
• Urgency/social engineering language detected
• 5 indicator(s) found (domain, email, ipv4, url, username)
• HIGH RISK (85/100) — immediate action recommended
• MITRE ATT&CK: {'id': 'T1566', 'name': 'Phishing', 'tactic': 'Initial Access'}, {'id': 'T1566.001', 'name': 'Spearphishing Attachment', 'tactic': 'Initial Access'}, {'id': 'T1566.002', 'name': 'Spearphishing Link', 'tactic': 'Initial Access'}
• Affected user: golden_attacker_7",2026-04-09 10:24:56.266527+00,2026-04-09 10:25:29.649613+00,33.383086
0b5ac317-3529-4765-849c-765197d63158,phishing,completed,A,true_positive,70,,10,"[{""id"": ""T1566"", ""name"": ""Phishing"", ""tactic"": ""Initial Access""}, {""id"": ""T1566.001"", ""name"": ""Spearphishing Attachment"", ""tactic"": ""Initial Access""}, {""id"": ""T1566.002"", ""name"": ""Spearphishing Link"", ""tactic"": ""Initial Access""}, {""id"": ""T1204.001"", ""name"": ""Malicious Link"", ""tactic"": ""Execution""}]","• CONFIRMED ATTACK detected from 10.200.1.9
• Credential harvesting indicators detected
• 4 indicator(s) found (domain, email, ipv4, username)
• HIGH RISK (70/100) — immediate action recommended
• MITRE ATT&CK: {'id': 'T1566', 'name': 'Phishing', 'tactic': 'Initial Access'}, {'id': 'T1566.001', 'name': 'Spearphishing Attachment', 'tactic': 'Initial Access'}, {'id': 'T1566.002', 'name': 'Spearphishing Link', 'tactic': 'Initial Access'}
• Affected user: exfil_user_8",2026-04-09 10:24:56.781704+00,2026-04-09 10:25:28.699973+00,31.918269
ad9a5458-fb83-4a57-b2c2-3676925ab16a,lolbin_abuse,completed,A,true_positive,100,,8,"[{""id"": ""T1218"", ""name"": ""System Binary Proxy Execution"", ""tactic"": ""Defense Evasion""}, {""id"": ""T1218.005"", ""name"": ""Mshta"", ""tactic"": ""Defense Evasion""}, {""id"": ""T1218.011"", ""name"": ""Rundll32"", ""tactic"": ""Defense Evasion""}]","• CONFIRMED ATTACK detected from 10.200.1.10
• LOLBin abuse: certutil download via -urlcache
• 3 indicator(s) found (ipv4, url, username)
• HIGH RISK (100/100) — immediate action recommended
• MITRE ATT&CK: {'id': 'T1218', 'name': 'System Binary Proxy Execution', 'tactic': 'Defense Evasion'}, {'id': 'T1218.005', 'name': 'Mshta', 'tactic': 'Defense Evasion'}, {'id': 'T1218.011', 'name': 'Rundll32', 'tactic': 'Defense Evasion'}
• Affected user: compromised_9",2026-04-09 10:24:57.296301+00,2026-04-09 10:25:28.853972+00,31.557671
28244e1b-8247-402f-b416-c5c60aac1b2e,ransomware,completed,A,true_positive,100,,8,"[{""id"": ""T1486"", ""name"": ""Data Encrypted for Impact"", ""tactic"": ""Impact""}, {""id"": ""T1490"", ""name"": ""Inhibit System Recovery"", ""tactic"": ""Impact""}, {""id"": ""T1059"", ""name"": ""Command and Scripting Interpreter"", ""tactic"": ""Execution""}, {""id"": ""T1547"", ""name"": ""Boot or Logon Autostart Execution"", ""tactic"": ""Persistence""}]","• CONFIRMED ATTACK detected from 10.200.1.11
• Shadow copy deletion detected (vssadmin delete shadows)
• 2 indicator(s) found (ipv4, username)
• HIGH RISK (100/100) — immediate action recommended
• MITRE ATT&CK: {'id': 'T1486', 'name': 'Data Encrypted for Impact', 'tactic': 'Impact'}, {'id': 'T1490', 'name': 'Inhibit System Recovery', 'tactic': 'Impact'}, {'id': 'T1059', 'name': 'Command and Scripting Interpreter', 'tactic': 'Execution'}
• Affected user: Administrator_10",2026-04-09 10:24:57.814266+00,2026-04-09 10:25:29.096334+00,31.282068
fe3946b3-27f2-4c13-95ab-15e8ca5afb6b,lolbin_abuse,completed,A,true_positive,100,,8,"[{""id"": ""T1218"", ""name"": ""System Binary Proxy Execution"", ""tactic"": ""Defense Evasion""}, {""id"": ""T1218.005"", ""name"": ""Mshta"", ""tactic"": ""Defense Evasion""}, {""id"": ""T1218.011"", ""name"": ""Rundll32"", ""tactic"": ""Defense Evasion""}]","• CONFIRMED ATTACK detected from 10.200.1.12
• LOLBin abuse: certutil download via -urlcache
• 3 indicator(s) found (ipv4, url, username)
• HIGH RISK (100/100) — immediate action recommended
• MITRE ATT&CK: {'id': 'T1218', 'name': 'System Binary Proxy Execution', 'tactic': 'Defense Evasion'}, {'id': 'T1218.005', 'name': 'Mshta', 'tactic': 'Defense Evasion'}, {'id': 'T1218.011', 'name': 'Rundll32', 'tactic': 'Defense Evasion'}
• Affected user: exfil_user_11",2026-04-09 10:24:58.329402+00,2026-04-09 10:25:34.882989+00,36.553587
27041639-7049-4a78-9360-5593592e6985,health_check,completed,A,benign,0,,2,[],"• Routine activity — no threat detected
• 2 indicator(s) found (ipv4, username)
• LOW RISK (0/100) — no action needed
• Affected user: attacker_user_12",2026-04-09 10:24:58.853638+00,2026-04-09 10:24:59.075049+00,0.221411
1e5e22de-19da-4fa0-8247-9bf5c6684617,scheduled_backup,completed,A,benign,0,,2,[],"• Routine activity — no threat detected
• 2 indicator(s) found (ipv4, username)
• LOW RISK (0/100) — no action needed
• Affected user: krbtgt_13",2026-04-09 10:24:59.368651+00,2026-04-09 10:24:59.571404+00,0.202753
530a6b4c-07e0-48ea-87c8-f2e1a21828eb,lateral_movement,completed,A,true_positive,100,,8,"[{""id"": ""T1021"", ""name"": ""Remote Services"", ""tactic"": ""Lateral Movement""}, {""id"": ""T1021.002"", ""name"": ""SMB/Windows Admin Shares"", ""tactic"": ""Lateral Movement""}, {""id"": ""T1570"", ""name"": ""Lateral Tool Transfer"", ""tactic"": ""Lateral Movement""}, {""id"": ""T1047"", ""name"": ""Windows Management Instrumentation"", ""tactic"": ""Execution""}]","• CONFIRMED ATTACK detected from 10.200.1.15
• Detected ipv4: 192.168.1.234
• 3 indicator(s) found (ipv4, username)
• HIGH RISK (100/100) — immediate action recommended
• MITRE ATT&CK: {'id': 'T1021', 'name': 'Remote Services', 'tactic': 'Lateral Movement'}, {'id': 'T1021.002', 'name': 'SMB/Windows Admin Shares', 'tactic': 'Lateral Movement'}, {'id': 'T1570', 'name': 'Lateral Tool Transfer', 'tactic': 'Lateral Movement'}
• Affected user: jsmith_14",2026-04-09 10:24:59.884027+00,2026-04-09 10:26:02.31448+00,62.430453
be4b5113-0441-4d94-b7e0-f9600bd2d320,health_check,completed,A,benign,0,,2,[],"• Routine activity — no threat detected
• 2 indicator(s) found (ipv4, username)
• LOW RISK (0/100) — no action needed
• Affected user: Administrator_15",2026-04-09 10:25:00.398372+00,2026-04-09 10:25:00.690633+00,0.292261
f6cbaf25-22a7-41ba-883f-852427330f34,scheduled_backup,completed,A,benign,0,,2,[],"• Routine activity — no threat detected
• 2 indicator(s) found (ipv4, username)
• LOW RISK (0/100) — no action needed
• Affected user: sql_svc_16",2026-04-09 10:25:00.915454+00,2026-04-09 10:25:01.117612+00,0.202158
e18f014c-5d71-49ee-b78e-e81a7bdd63fb,health_check,completed,A,benign,0,,2,[],"• Routine activity — no threat detected
• 2 indicator(s) found (ipv4, username)
• LOW RISK (0/100) — no action needed
• Affected user: svc_backup_17",2026-04-09 10:25:01.428098+00,2026-04-09 10:25:01.62731+00,0.199212
36223bcf-11c2-4f34-9b63-88d270d43318,lateral_movement,completed,A,true_positive,100,,8,"[{""id"": ""T1021"", ""name"": ""Remote Services"", ""tactic"": ""Lateral Movement""}, {""id"": ""T1021.002"", ""name"": ""SMB/Windows Admin Shares"", ""tactic"": ""Lateral Movement""}, {""id"": ""T1570"", ""name"": ""Lateral Tool Transfer"", ""tactic"": ""Lateral Movement""}, {""id"": ""T1047"", ""name"": ""Windows Management Instrumentation"", ""tactic"": ""Execution""}]","• CONFIRMED ATTACK detected from 10.200.1.19
• Detected ipv4: 10.0.50.37
• 3 indicator(s) found (ipv4, username)
• HIGH RISK (100/100) — immediate action recommended
• MITRE ATT&CK: {'id': 'T1021', 'name': 'Remote Services', 'tactic': 'Lateral Movement'}, {'id': 'T1021.002', 'name': 'SMB/Windows Admin Shares', 'tactic': 'Lateral Movement'}, {'id': 'T1570', 'name': 'Lateral Tool Transfer', 'tactic': 'Lateral Movement'}
• Affected user: jdoe_18",2026-04-09 10:25:01.945815+00,2026-04-09 10:26:01.193164+00,59.247349
c1b542c8-a7aa-41b8-990a-d0818ca4a774,kerberoasting,completed,A,true_positive,100,,7,"[{""id"": ""T1558.003"", ""name"": ""Kerberoasting"", ""tactic"": ""Credential Access""}]","• CONFIRMED ATTACK detected from 10.200.1.20
• SPN enumeration detected — Kerberoasting recon
• 3 indicator(s) found (ipv4, service_name, username)
• HIGH RISK (100/100) — immediate action recommended
• MITRE ATT&CK: {'id': 'T1558.003', 'name': 'Kerberoasting', 'tactic': 'Credential Access'}
• Affected user: user2_19",2026-04-09 10:25:02.460165+00,2026-04-09 10:26:05.344418+00,62.884253
bcd0322b-571c-4190-a13b-2e5a7d3008f7,password_change,completed,A,benign,0,,2,[],"• Routine activity — no threat detected
• 2 indicator(s) found (ipv4, username)
• LOW RISK (0/100) — no action needed
• Affected user: web_admin_20",2026-04-09 10:25:02.983872+00,2026-04-09 10:25:03.183647+00,0.199775
b3a69de6-700d-4393-8ad8-84d876ee1502,password_change,completed,A,benign,0,,2,[],"• Routine activity — no threat detected
• 2 indicator(s) found (ipv4, username)
• LOW RISK (0/100) — no action needed
• Affected user: user2_21",2026-04-09 10:25:03.496112+00,2026-04-09 10:25:03.693002+00,0.196890
3fc73f51-14c0-49c7-8d8d-fd89a0f7aba6,data_exfiltration,completed,A,true_positive,100,,8,"[{""id"": ""T1041"", ""name"": ""Exfiltration Over C2 Channel"", ""tactic"": ""Exfiltration""}, {""id"": ""T1567"", ""name"": ""Exfiltration Over Web Service"", ""tactic"": ""Exfiltration""}, {""id"": ""T1048"", ""name"": ""Exfiltration Over Alternative Protocol"", ""tactic"": ""Exfiltration""}]","• CONFIRMED ATTACK detected from 10.200.1.23
• Large data transfer: 5.2 GB
• 3 indicator(s) found (ipv4, username)
• HIGH RISK (100/100) — immediate action recommended
• MITRE ATT&CK: {'id': 'T1041', 'name': 'Exfiltration Over C2 Channel', 'tactic': 'Exfiltration'}, {'id': 'T1567', 'name': 'Exfiltration Over Web Service', 'tactic': 'Exfiltration'}, {'id': 'T1048', 'name': 'Exfiltration Over Alternative Protocol', 'tactic': 'Exfiltration'}
• Affected user: svc_backup_22",2026-04-09 10:25:04.012638+00,2026-04-09 10:26:03.728624+00,59.715986
3d4f6b04-042c-4b3f-a866-c0da28cb6fd8,lateral_movement,completed,A,true_positive,100,,8,"[{""id"": ""T1021"", ""name"": ""Remote Services"", ""tactic"": ""Lateral Movement""}, {""id"": ""T1021.002"", ""name"": ""SMB/Windows Admin Shares"", ""tactic"": ""Lateral Movement""}, {""id"": ""T1570"", ""name"": ""Lateral Tool Transfer"", ""tactic"": ""Lateral Movement""}, {""id"": ""T1047"", ""name"": ""Windows Management Instrumentation"", ""tactic"": ""Execution""}]","• CONFIRMED ATTACK detected from 10.200.1.24
• Detected ipv4: 10.0.60.84
• 3 indicator(s) found (ipv4, username)
• HIGH RISK (100/100) — immediate action recommended
• MITRE ATT&CK: {'id': 'T1021', 'name': 'Remote Services', 'tactic': 'Lateral Movement'}, {'id': 'T1021.002', 'name': 'SMB/Windows Admin Shares', 'tactic': 'Lateral Movement'}, {'id': 'T1570', 'name': 'Lateral Tool Transfer', 'tactic': 'Lateral Movement'}
• Affected user: compromised_23",2026-04-09 10:25:04.528962+00,2026-04-09 10:26:06.337521+00,61.808559
503d7ada-afdd-4d2e-a31a-71efdc3a9bfa,kerberoasting,completed,A,true_positive,100,,7,"[{""id"": ""T1558.003"", ""name"": ""Kerberoasting"", ""tactic"": ""Credential Access""}]","• CONFIRMED ATTACK detected from 10.200.1.25
• SPN enumeration detected — Kerberoasting recon
• 3 indicator(s) found (ipv4, service_name, username)
• HIGH RISK (100/100) — immediate action recommended
• MITRE ATT&CK: {'id': 'T1558.003', 'name': 'Kerberoasting', 'tactic': 'Credential Access'}
• Affected user: user2_24",2026-04-09 10:25:05.049425+00,2026-04-09 10:26:04.580693+00,59.531268
219ecb55-d28a-49a3-b05b-c39c3abea335,golden_ticket,completed,A,true_positive,100,,7,"[{""id"": ""T1558.001"", ""name"": ""Golden Ticket"", ""tactic"": ""Credential Access""}]","• CONFIRMED ATTACK detected from 10.200.1.26
• Forged Kerberos ticket detected
• 2 indicator(s) found (ipv4, username)
• HIGH RISK (100/100) — immediate action recommended
• MITRE ATT&CK: {'id': 'T1558.001', 'name': 'Golden Ticket', 'tactic': 'Credential Access'}
• Affected user: compromised_25",2026-04-09 10:25:05.562906+00,2026-04-09 10:26:05.628363+00,60.065457
cef88c41-01f9-484d-89c0-226377657f25,data_exfiltration,completed,A,true_positive,100,,8,"[{""id"": ""T1041"", ""name"": ""Exfiltration Over C2 Channel"", ""tactic"": ""Exfiltration""}, {""id"": ""T1567"", ""name"": ""Exfiltration Over Web Service"", ""tactic"": ""Exfiltration""}, {""id"": ""T1048"", ""name"": ""Exfiltration Over Alternative Protocol"", ""tactic"": ""Exfiltration""}]","• CONFIRMED ATTACK detected from 10.200.1.27
• Large data transfer: 5.2 GB
• 3 indicator(s) found (ipv4, username)
• HIGH RISK (100/100) — immediate action recommended
• MITRE ATT&CK: {'id': 'T1041', 'name': 'Exfiltration Over C2 Channel', 'tactic': 'Exfiltration'}, {'id': 'T1567', 'name': 'Exfiltration Over Web Service', 'tactic': 'Exfiltration'}, {'id': 'T1048', 'name': 'Exfiltration Over Alternative Protocol', 'tactic': 'Exfiltration'}
• Affected user: golden_attacker_26",2026-04-09 10:25:06.080142+00,2026-04-09 10:26:05.934878+00,59.854736
b1862aa0-017b-4f22-95ce-308e9f2cc5db,c2_communication,completed,A,true_positive,100,,8,"[{""id"": ""T1071"", ""name"": ""Application Layer Protocol"", ""tactic"": ""Command and Control""}, {""id"": ""T1573"", ""name"": ""Encrypted Channel"", ""tactic"": ""Command and Control""}, {""id"": ""T1105"", ""name"": ""Ingress Tool Transfer"", ""tactic"": ""Command and Control""}, {""id"": ""T1571"", ""name"": ""Non-Standard Port"", ""tactic"": ""Command and Control""}]","• CONFIRMED ATTACK detected from 10.200.1.28
• Regular beacon interval detected: 30.0s (stddev=0.5)
• 3 indicator(s) found (ipv4, username)
• HIGH RISK (100/100) — immediate action recommended
• MITRE ATT&CK: {'id': 'T1071', 'name': 'Application Layer Protocol', 'tactic': 'Command and Control'}, {'id': 'T1573', 'name': 'Encrypted Channel', 'tactic': 'Command and Control'}, {'id': 'T1105', 'name': 'Ingress Tool Transfer', 'tactic': 'Command and Control'}
• Affected user: jsmith_27",2026-04-09 10:25:06.593599+00,2026-04-09 10:26:06.790106+00,60.196507
f59300cd-30c8-4266-a772-5d9b19d64285,health_check,completed,A,benign,0,,2,[],"• Routine activity — no threat detected
• 2 indicator(s) found (ipv4, username)
• LOW RISK (0/100) — no action needed
• Affected user: user2_28",2026-04-09 10:25:07.128949+00,2026-04-09 10:25:26.951979+00,19.823030
c106c058-97c0-4314-a70c-a0ecbc43e3ce,phishing,completed,A,true_positive,70,,10,"[{""id"": ""T1566"", ""name"": ""Phishing"", ""tactic"": ""Initial Access""}, {""id"": ""T1566.001"", ""name"": ""Spearphishing Attachment"", ""tactic"": ""Initial Access""}, {""id"": ""T1566.002"", ""name"": ""Spearphishing Link"", ""tactic"": ""Initial Access""}, {""id"": ""T1204.001"", ""name"": ""Malicious Link"", ""tactic"": ""Execution""}]","• CONFIRMED ATTACK detected from 10.200.1.30
• Credential harvesting indicators detected
• 4 indicator(s) found (domain, email, ipv4, username)
• HIGH RISK (70/100) — immediate action recommended
• MITRE ATT&CK: {'id': 'T1566', 'name': 'Phishing', 'tactic': 'Initial Access'}, {'id': 'T1566.001', 'name': 'Spearphishing Attachment', 'tactic': 'Initial Access'}, {'id': 'T1566.002', 'name': 'Spearphishing Link', 'tactic': 'Initial Access'}
• Affected user: sql_svc_29",2026-04-09 10:25:07.646176+00,2026-04-09 10:26:06.663904+00,59.017728
6da476cd-c2d2-492a-8a42-dc9daccfbc27,health_check,completed,A,benign,0,,2,[],"• Routine activity — no threat detected
• 2 indicator(s) found (ipv4, username)
• LOW RISK (0/100) — no action needed
• Affected user: SYSTEM_30",2026-04-09 10:25:08.16087+00,2026-04-09 10:25:30.244474+00,22.083604
c49b6265-7a87-4b48-aa7b-dd28cad4a171,ransomware,completed,A,true_positive,100,,8,"[{""id"": ""T1486"", ""name"": ""Data Encrypted for Impact"", ""tactic"": ""Impact""}, {""id"": ""T1490"", ""name"": ""Inhibit System Recovery"", ""tactic"": ""Impact""}, {""id"": ""T1059"", ""name"": ""Command and Scripting Interpreter"", ""tactic"": ""Execution""}, {""id"": ""T1547"", ""name"": ""Boot or Logon Autostart Execution"", ""tactic"": ""Persistence""}]","• CONFIRMED ATTACK detected from 10.200.1.32
• Shadow copy deletion detected (vssadmin delete shadows)
• 2 indicator(s) found (ipv4, username)
• HIGH RISK (100/100) — immediate action recommended
• MITRE ATT&CK: {'id': 'T1486', 'name': 'Data Encrypted for Impact', 'tactic': 'Impact'}, {'id': 'T1490', 'name': 'Inhibit System Recovery', 'tactic': 'Impact'}, {'id': 'T1059', 'name': 'Command and Scripting Interpreter', 'tactic': 'Execution'}
• Affected user: sql_svc_31",2026-04-09 10:25:08.676921+00,2026-04-09 10:26:06.508519+00,57.831598
1c26ffac-4ac2-452e-a2ea-f556a297ebea,golden_ticket,completed,A,true_positive,100,,7,"[{""id"": ""T1558.001"", ""name"": ""Golden Ticket"", ""tactic"": ""Credential Access""}]","• CONFIRMED ATTACK detected from 10.200.1.33
• Forged Kerberos ticket detected
• 2 indicator(s) found (ipv4, username)
• HIGH RISK (100/100) — immediate action recommended
• MITRE ATT&CK: {'id': 'T1558.001', 'name': 'Golden Ticket', 'tactic': 'Credential Access'}
• Affected user: golden_attacker_32",2026-04-09 10:25:09.193814+00,2026-04-09 10:26:06.388343+00,57.194529
89a0e298-b6da-4490-b34a-1d08d0026d7b,lateral_movement,completed,A,true_positive,100,,8,"[{""id"": ""T1021"", ""name"": ""Remote Services"", ""tactic"": ""Lateral Movement""}, {""id"": ""T1021.002"", ""name"": ""SMB/Windows Admin Shares"", ""tactic"": ""Lateral Movement""}, {""id"": ""T1570"", ""name"": ""Lateral Tool Transfer"", ""tactic"": ""Lateral Movement""}, {""id"": ""T1047"", ""name"": ""Windows Management Instrumentation"", ""tactic"": ""Execution""}]","• CONFIRMED ATTACK detected from 10.200.1.34
• Detected ipv4: 10.0.60.227
• 3 indicator(s) found (ipv4, username)
• HIGH RISK (100/100) — immediate action recommended
• MITRE ATT&CK: {'id': 'T1021', 'name': 'Remote Services', 'tactic': 'Lateral Movement'}, {'id': 'T1021.002', 'name': 'SMB/Windows Admin Shares', 'tactic': 'Lateral Movement'}, {'id': 'T1570', 'name': 'Lateral Tool Transfer', 'tactic': 'Lateral Movement'}
• Affected user: Administrator_33",2026-04-09 10:25:09.706872+00,2026-04-09 10:26:07.76475+00,58.057878
46d73938-6b31-48d1-b90d-cab12359eff4,lolbin_abuse,completed,A,benign,15,,8,"[{""id"": ""T1218"", ""name"": ""System Binary Proxy Execution"", ""tactic"": ""Defense Evasion""}, {""id"": ""T1218.005"", ""name"": ""Mshta"", ""tactic"": ""Defense Evasion""}, {""id"": ""T1218.011"", ""name"": ""Rundll32"", ""tactic"": ""Defense Evasion""}]","• Routine activity — no threat detected
• URL targets suspicious executable: http://bad.host/stage2.ps1
• 3 indicator(s) found (ipv4, url, username)
• LOW RISK (15/100) — no action needed
• MITRE ATT&CK: {'id': 'T1218', 'name': 'System Binary Proxy Execution', 'tactic': 'Defense Evasion'}, {'id': 'T1218.005', 'name': 'Mshta', 'tactic': 'Defense Evasion'}, {'id': 'T1218.011', 'name': 'Rundll32', 'tactic': 'Defense Evasion'}
• Affected user: Administrator_34",2026-04-09 10:25:10.224248+00,2026-04-09 10:25:27.471228+00,17.246980
399a0fe4-c4fd-4007-8c4d-fa10f08245fb,user_login,completed,A,benign,0,,2,[],"• Routine activity — no threat detected
• 2 indicator(s) found (ipv4, username)
• LOW RISK (0/100) — no action needed
• Affected user: SYSTEM_35",2026-04-09 10:25:10.735655+00,2026-04-09 10:25:30.94883+00,20.213175
3cc19526-d1ec-4745-9474-507f48b204e8,scheduled_backup,completed,A,benign,0,,2,[],"• Routine activity — no threat detected
• 2 indicator(s) found (ipv4, username)
• LOW RISK (0/100) — no action needed
• Affected user: root_36",2026-04-09 10:25:11.27263+00,2026-04-09 10:25:59.959722+00,48.687092
c77f82ec-f43f-4d28-a073-e50e827ab27d,health_check,completed,A,benign,0,,2,[],"• Routine activity — no threat detected
• 2 indicator(s) found (ipv4, username)
• LOW RISK (0/100) — no action needed
• Affected user: svc_backup_37",2026-04-09 10:25:11.787298+00,2026-04-09 10:26:02.380503+00,50.593205
2e1066ea-b8b7-45bc-a1bb-21b5a0ae648e,kerberoasting,completed,A,true_positive,100,,7,"[{""id"": ""T1558.003"", ""name"": ""Kerberoasting"", ""tactic"": ""Credential Access""}]","• CONFIRMED ATTACK detected from 10.200.1.39
• SPN enumeration detected — Kerberoasting recon
• 3 indicator(s) found (ipv4, service_name, username)
• HIGH RISK (100/100) — immediate action recommended
• MITRE ATT&CK: {'id': 'T1558.003', 'name': 'Kerberoasting', 'tactic': 'Credential Access'}
• Affected user: user2_38",2026-04-09 10:25:12.29071+00,2026-04-09 10:26:08.576439+00,56.285729
193c0392-3348-4186-acd4-8823c8d5c399,scheduled_backup,completed,A,benign,0,,2,[],"• Routine activity — no threat detected
• 2 indicator(s) found (ipv4, username)
• LOW RISK (0/100) — no action needed
• Affected user: jdoe_39",2026-04-09 10:25:12.802643+00,2026-04-09 10:25:30.46843+00,17.665787
37166ccc-7066-4206-bcde-c9ffc734d450,phishing,completed,A,true_positive,70,,10,"[{""id"": ""T1566"", ""name"": ""Phishing"", ""tactic"": ""Initial Access""}, {""id"": ""T1566.001"", ""name"": ""Spearphishing Attachment"", ""tactic"": ""Initial Access""}, {""id"": ""T1566.002"", ""name"": ""Spearphishing Link"", ""tactic"": ""Initial Access""}, {""id"": ""T1204.001"", ""name"": ""Malicious Link"", ""tactic"": ""Execution""}]","• CONFIRMED ATTACK detected from 10.200.1.41
• Credential harvesting indicators detected
• 4 indicator(s) found (domain, email, ipv4, username)
• HIGH RISK (70/100) — immediate action recommended
• MITRE ATT&CK: {'id': 'T1566', 'name': 'Phishing', 'tactic': 'Initial Access'}, {'id': 'T1566.001', 'name': 'Spearphishing Attachment', 'tactic': 'Initial Access'}, {'id': 'T1566.002', 'name': 'Spearphishing Link', 'tactic': 'Initial Access'}
• Affected user: user2_40",2026-04-09 10:25:13.31694+00,2026-04-09 10:26:07.314868+00,53.997928
217d1726-8a95-4a6a-accc-b520244fd4a4,kerberoasting,completed,A,true_positive,100,,7,"[{""id"": ""T1558.003"", ""name"": ""Kerberoasting"", ""tactic"": ""Credential Access""}]","• CONFIRMED ATTACK detected from 10.200.1.42
• SPN enumeration detected — Kerberoasting recon
• 3 indicator(s) found (ipv4, service_name, username)
• HIGH RISK (100/100) — immediate action recommended
• MITRE ATT&CK: {'id': 'T1558.003', 'name': 'Kerberoasting', 'tactic': 'Credential Access'}
• Affected user: admin_41",2026-04-09 10:25:13.830888+00,2026-04-09 10:27:01.037043+00,107.206155
03cbf39e-61d3-4a9d-8a80-a03138446559,ransomware,completed,A,true_positive,100,,8,"[{""id"": ""T1486"", ""name"": ""Data Encrypted for Impact"", ""tactic"": ""Impact""}, {""id"": ""T1490"", ""name"": ""Inhibit System Recovery"", ""tactic"": ""Impact""}, {""id"": ""T1059"", ""name"": ""Command and Scripting Interpreter"", ""tactic"": ""Execution""}, {""id"": ""T1547"", ""name"": ""Boot or Logon Autostart Execution"", ""tactic"": ""Persistence""}]","• CONFIRMED ATTACK detected from 10.200.1.43
• Shadow copy deletion detected (vssadmin delete shadows)
• 2 indicator(s) found (ipv4, username)
• HIGH RISK (100/100) — immediate action recommended
• MITRE ATT&CK: {'id': 'T1486', 'name': 'Data Encrypted for Impact', 'tactic': 'Impact'}, {'id': 'T1490', 'name': 'Inhibit System Recovery', 'tactic': 'Impact'}, {'id': 'T1059', 'name': 'Command and Scripting Interpreter', 'tactic': 'Execution'}
• Affected user: root_42",2026-04-09 10:25:14.353228+00,2026-04-09 10:27:28.252418+00,133.899190
303f2c80-a4de-48fe-b827-a702a896cfe3,ransomware,completed,A,true_positive,100,,8,"[{""id"": ""T1486"", ""name"": ""Data Encrypted for Impact"", ""tactic"": ""Impact""}, {""id"": ""T1490"", ""name"": ""Inhibit System Recovery"", ""tactic"": ""Impact""}, {""id"": ""T1059"", ""name"": ""Command and Scripting Interpreter"", ""tactic"": ""Execution""}, {""id"": ""T1547"", ""name"": ""Boot or Logon Autostart Execution"", ""tactic"": ""Persistence""}]","• CONFIRMED ATTACK detected from 10.200.1.44
• Shadow copy deletion detected (vssadmin delete shadows)
• 2 indicator(s) found (ipv4, username)
• HIGH RISK (100/100) — immediate action recommended
• MITRE ATT&CK: {'id': 'T1486', 'name': 'Data Encrypted for Impact', 'tactic': 'Impact'}, {'id': 'T1490', 'name': 'Inhibit System Recovery', 'tactic': 'Impact'}, {'id': 'T1059', 'name': 'Command and Scripting Interpreter', 'tactic': 'Execution'}
• Affected user: root_43",2026-04-09 10:25:14.866496+00,2026-04-09 10:27:27.706548+00,132.840052
569bbfd1-2d2e-4c51-b152-cb8479a100c2,lateral_movement,completed,A,true_positive,100,,8,"[{""id"": ""T1021"", ""name"": ""Remote Services"", ""tactic"": ""Lateral Movement""}, {""id"": ""T1021.002"", ""name"": ""SMB/Windows Admin Shares"", ""tactic"": ""Lateral Movement""}, {""id"": ""T1570"", ""name"": ""Lateral Tool Transfer"", ""tactic"": ""Lateral Movement""}, {""id"": ""T1047"", ""name"": ""Windows Management Instrumentation"", ""tactic"": ""Execution""}]","• CONFIRMED ATTACK detected from 10.200.1.45
• Detected ipv4: 10.0.20.39
• 3 indicator(s) found (ipv4, username)
• HIGH RISK (100/100) — immediate action recommended
• MITRE ATT&CK: {'id': 'T1021', 'name': 'Remote Services', 'tactic': 'Lateral Movement'}, {'id': 'T1021.002', 'name': 'SMB/Windows Admin Shares', 'tactic': 'Lateral Movement'}, {'id': 'T1570', 'name': 'Lateral Tool Transfer', 'tactic': 'Lateral Movement'}
• Affected user: svc_backup_44",2026-04-09 10:25:15.38195+00,2026-04-09 10:27:27.408482+00,132.026532
2266c9cf-ed2d-4966-af0d-6506d4bad085,lateral_movement,completed,A,true_positive,100,,8,"[{""id"": ""T1021"", ""name"": ""Remote Services"", ""tactic"": ""Lateral Movement""}, {""id"": ""T1021.002"", ""name"": ""SMB/Windows Admin Shares"", ""tactic"": ""Lateral Movement""}, {""id"": ""T1570"", ""name"": ""Lateral Tool Transfer"", ""tactic"": ""Lateral Movement""}, {""id"": ""T1047"", ""name"": ""Windows Management Instrumentation"", ""tactic"": ""Execution""}]","• CONFIRMED ATTACK detected from 10.200.1.46
• Detected ipv4: 10.0.40.175
• 3 indicator(s) found (ipv4, username)
• HIGH RISK (100/100) — immediate action recommended
• MITRE ATT&CK: {'id': 'T1021', 'name': 'Remote Services', 'tactic': 'Lateral Movement'}, {'id': 'T1021.002', 'name': 'SMB/Windows Admin Shares', 'tactic': 'Lateral Movement'}, {'id': 'T1570', 'name': 'Lateral Tool Transfer', 'tactic': 'Lateral Movement'}
• Affected user: attacker_user_45",2026-04-09 10:25:15.895583+00,2026-04-09 10:26:07.558827+00,51.663244
785b4158-25fe-4a71-ad0d-9c7667381612,phishing,completed,A,true_positive,85,,10,"[{""id"": ""T1566"", ""name"": ""Phishing"", ""tactic"": ""Initial Access""}, {""id"": ""T1566.001"", ""name"": ""Spearphishing Attachment"", ""tactic"": ""Initial Access""}, {""id"": ""T1566.002"", ""name"": ""Spearphishing Link"", ""tactic"": ""Initial Access""}, {""id"": ""T1204.001"", ""name"": ""Malicious Link"", ""tactic"": ""Execution""}]","• CONFIRMED ATTACK detected from 10.200.1.47
• Urgency/social engineering language detected
• 5 indicator(s) found (domain, email, ipv4, url, username)
• HIGH RISK (85/100) — immediate action recommended
• MITRE ATT&CK: {'id': 'T1566', 'name': 'Phishing', 'tactic': 'Initial Access'}, {'id': 'T1566.001', 'name': 'Spearphishing Attachment', 'tactic': 'Initial Access'}, {'id': 'T1566.002', 'name': 'Spearphishing Link', 'tactic': 'Initial Access'}
• Affected user: jsmith_46",2026-04-09 10:25:16.411469+00,2026-04-09 10:27:01.432555+00,105.021086
72efcf29-b03f-4766-9532-6013f0300594,user_login,completed,A,benign,0,,2,[],"• Routine activity — no threat detected
• 2 indicator(s) found (ipv4, username)
• LOW RISK (0/100) — no action needed
• Affected user: exfil_user_47",2026-04-09 10:25:16.926184+00,2026-04-09 10:26:04.556333+00,47.630149
aaab42b6-8dfe-4a44-8cf7-df28ff70d3a5,lateral_movement,completed,A,true_positive,100,,8,"[{""id"": ""T1021"", ""name"": ""Remote Services"", ""tactic"": ""Lateral Movement""}, {""id"": ""T1021.002"", ""name"": ""SMB/Windows Admin Shares"", ""tactic"": ""Lateral Movement""}, {""id"": ""T1570"", ""name"": ""Lateral Tool Transfer"", ""tactic"": ""Lateral Movement""}, {""id"": ""T1047"", ""name"": ""Windows Management Instrumentation"", ""tactic"": ""Execution""}]","• CONFIRMED ATTACK detected from 10.200.1.49
• Detected ipv4: 10.0.50.242
• 3 indicator(s) found (ipv4, username)
• HIGH RISK (100/100) — immediate action recommended
• MITRE ATT&CK: {'id': 'T1021', 'name': 'Remote Services', 'tactic': 'Lateral Movement'}, {'id': 'T1021.002', 'name': 'SMB/Windows Admin Shares', 'tactic': 'Lateral Movement'}, {'id': 'T1570', 'name': 'Lateral Tool Transfer', 'tactic': 'Lateral Movement'}
• Affected user: web_admin_48",2026-04-09 10:25:17.453579+00,2026-04-09 10:26:06.087037+00,48.633458
0a43049f-13b2-4101-9bd2-cf26b5421950,lateral_movement,completed,A,true_positive,100,,8,"[{""id"": ""T1021"", ""name"": ""Remote Services"", ""tactic"": ""Lateral Movement""}, {""id"": ""T1021.002"", ""name"": ""SMB/Windows Admin Shares"", ""tactic"": ""Lateral Movement""}, {""id"": ""T1570"", ""name"": ""Lateral Tool Transfer"", ""tactic"": ""Lateral Movement""}, {""id"": ""T1047"", ""name"": ""Windows Management Instrumentation"", ""tactic"": ""Execution""}]","• CONFIRMED ATTACK detected from 10.200.1.50
• Detected ipv4: 10.0.40.168
• 3 indicator(s) found (ipv4, username)
• HIGH RISK (100/100) — immediate action recommended
• MITRE ATT&CK: {'id': 'T1021', 'name': 'Remote Services', 'tactic': 'Lateral Movement'}, {'id': 'T1021.002', 'name': 'SMB/Windows Admin Shares', 'tactic': 'Lateral Movement'}, {'id': 'T1570', 'name': 'Lateral Tool Transfer', 'tactic': 'Lateral Movement'}
• Affected user: SYSTEM_49",2026-04-09 10:25:17.968335+00,2026-04-09 10:27:09.433921+00,111.465586
ce086c26-aac9-4204-9f75-cd4f482d1411,c2_communication,completed,A,true_positive,100,,8,"[{""id"": ""T1071"", ""name"": ""Application Layer Protocol"", ""tactic"": ""Command and Control""}, {""id"": ""T1573"", ""name"": ""Encrypted Channel"", ""tactic"": ""Command and Control""}, {""id"": ""T1105"", ""name"": ""Ingress Tool Transfer"", ""tactic"": ""Command and Control""}, {""id"": ""T1571"", ""name"": ""Non-Standard Port"", ""tactic"": ""Command and Control""}]","• CONFIRMED ATTACK detected from 10.200.1.51
• Regular beacon interval detected: 30.0s (stddev=0.5)
• 3 indicator(s) found (ipv4, username)
• HIGH RISK (100/100) — immediate action recommended
• MITRE ATT&CK: {'id': 'T1071', 'name': 'Application Layer Protocol', 'tactic': 'Command and Control'}, {'id': 'T1573', 'name': 'Encrypted Channel', 'tactic': 'Command and Control'}, {'id': 'T1105', 'name': 'Ingress Tool Transfer', 'tactic': 'Command and Control'}
• Affected user: exfil_user_50",2026-04-09 10:25:18.480974+00,2026-04-09 10:27:00.813901+00,102.332927
509cbaec-751b-4072-9e08-5495594b54ad,user_login,completed,A,benign,0,,2,[],"• Routine activity — no threat detected
• 2 indicator(s) found (ipv4, username)
• LOW RISK (0/100) — no action needed
• Affected user: svc_backup_51",2026-04-09 10:25:18.991133+00,2026-04-09 10:25:29.491678+00,10.500545
030e8645-c79f-4050-b518-d67a154c784f,password_change,completed,A,benign,0,,2,[],"• Routine activity — no threat detected
• 2 indicator(s) found (ipv4, username)
• LOW RISK (0/100) — no action needed
• Affected user: SYSTEM_52",2026-04-09 10:25:19.504582+00,2026-04-09 10:26:04.444213+00,44.939631
bdaa75a0-8804-4afb-97ab-9255ed59eef5,health_check,completed,A,benign,0,,2,[],"• Routine activity — no threat detected
• 2 indicator(s) found (ipv4, username)
• LOW RISK (0/100) — no action needed
• Affected user: backup_svc_53",2026-04-09 10:25:20.017562+00,2026-04-09 10:26:07.537772+00,47.520210
fd389543-be14-4e80-bfef-237d4b00acfe,golden_ticket,completed,A,true_positive,100,,7,"[{""id"": ""T1558.001"", ""name"": ""Golden Ticket"", ""tactic"": ""Credential Access""}]","• CONFIRMED ATTACK detected from 10.200.1.55
• Forged Kerberos ticket detected
• 2 indicator(s) found (ipv4, username)
• HIGH RISK (100/100) — immediate action recommended
• MITRE ATT&CK: {'id': 'T1558.001', 'name': 'Golden Ticket', 'tactic': 'Credential Access'}
• Affected user: SYSTEM_54",2026-04-09 10:25:20.533266+00,2026-04-09 10:26:30.256664+00,69.723398
7fdcf518-7f76-4c9c-8117-679f03bbb33f,health_check,completed,A,benign,0,,2,[],"• Routine activity — no threat detected
• 2 indicator(s) found (ipv4, username)
• LOW RISK (0/100) — no action needed
• Affected user: attacker_user_55",2026-04-09 10:25:21.044708+00,2026-04-09 10:26:04.652193+00,43.607485
5be2cbb3-2891-4d32-85a1-28e5619d4cac,health_check,completed,A,benign,0,,2,[],"• Routine activity — no threat detected
• 2 indicator(s) found (ipv4, username)
• LOW RISK (0/100) — no action needed
• Affected user: attacker_user_56",2026-04-09 10:25:21.559827+00,2026-04-09 10:26:04.139078+00,42.579251
cbad02ea-ca99-4548-9fb1-7491c5869360,health_check,completed,A,benign,0,,2,[],"• Routine activity — no threat detected
• 2 indicator(s) found (ipv4, username)
• LOW RISK (0/100) — no action needed
• Affected user: user2_57",2026-04-09 10:25:22.070536+00,2026-04-09 10:25:57.76193+00,35.691394
a35cb568-c72c-49f4-8194-0580c2b56a3c,user_login,completed,A,benign,0,,2,[],"• Routine activity — no threat detected
• 2 indicator(s) found (ipv4, username)
• LOW RISK (0/100) — no action needed
• Affected user: sql_svc_58",2026-04-09 10:25:22.58443+00,2026-04-09 10:26:06.064486+00,43.480056
0d825b73-61df-497a-be5b-3f6c8c3fc5ac,ransomware,completed,A,true_positive,100,,8,"[{""id"": ""T1486"", ""name"": ""Data Encrypted for Impact"", ""tactic"": ""Impact""}, {""id"": ""T1490"", ""name"": ""Inhibit System Recovery"", ""tactic"": ""Impact""}, {""id"": ""T1059"", ""name"": ""Command and Scripting Interpreter"", ""tactic"": ""Execution""}, {""id"": ""T1547"", ""name"": ""Boot or Logon Autostart Execution"", ""tactic"": ""Persistence""}]","• CONFIRMED ATTACK detected from 10.200.1.60
• Shadow copy deletion detected (vssadmin delete shadows)
• 2 indicator(s) found (ipv4, username)
• HIGH RISK (100/100) — immediate action recommended
• MITRE ATT&CK: {'id': 'T1486', 'name': 'Data Encrypted for Impact', 'tactic': 'Impact'}, {'id': 'T1490', 'name': 'Inhibit System Recovery', 'tactic': 'Impact'}, {'id': 'T1059', 'name': 'Command and Scripting Interpreter', 'tactic': 'Execution'}
• Affected user: attacker_user_59",2026-04-09 10:25:23.096704+00,2026-04-09 10:27:28.587613+00,125.490909
fc9701df-72e0-41da-b1e6-901aa470593e,phishing,completed,A,true_positive,85,,10,"[{""id"": ""T1566"", ""name"": ""Phishing"", ""tactic"": ""Initial Access""}, {""id"": ""T1566.001"", ""name"": ""Spearphishing Attachment"", ""tactic"": ""Initial Access""}, {""id"": ""T1566.002"", ""name"": ""Spearphishing Link"", ""tactic"": ""Initial Access""}, {""id"": ""T1204.001"", ""name"": ""Malicious Link"", ""tactic"": ""Execution""}]","• CONFIRMED ATTACK detected from 10.200.1.61
• Urgency/social engineering language detected
• 5 indicator(s) found (domain, email, ipv4, url, username)
• HIGH RISK (85/100) — immediate action recommended
• MITRE ATT&CK: {'id': 'T1566', 'name': 'Phishing', 'tactic': 'Initial Access'}, {'id': 'T1566.001', 'name': 'Spearphishing Attachment', 'tactic': 'Initial Access'}, {'id': 'T1566.002', 'name': 'Spearphishing Link', 'tactic': 'Initial Access'}
• Affected user: jdoe_60",2026-04-09 10:25:23.612078+00,2026-04-09 10:27:09.081796+00,105.469718
e3315a37-26d6-47ba-9f3c-7c970c2241f9,golden_ticket,completed,A,true_positive,100,,7,"[{""id"": ""T1558.001"", ""name"": ""Golden Ticket"", ""tactic"": ""Credential Access""}]","• CONFIRMED ATTACK detected from 10.200.1.62
• Forged Kerberos ticket detected
• 2 indicator(s) found (ipv4, username)
• HIGH RISK (100/100) — immediate action recommended
• MITRE ATT&CK: {'id': 'T1558.001', 'name': 'Golden Ticket', 'tactic': 'Credential Access'}
• Affected user: krbtgt_61",2026-04-09 10:25:24.124248+00,2026-04-09 10:26:07.380554+00,43.256306
4398aba0-53a2-4009-b7e0-d388a4d14fa9,password_change,completed,A,benign,0,,2,[],"• Routine activity — no threat detected
• 2 indicator(s) found (ipv4, username)
• LOW RISK (0/100) — no action needed
• Affected user: admin_62",2026-04-09 10:25:24.641564+00,2026-04-09 10:26:04.082112+00,39.440548
6c1e7027-07c1-4f02-b004-542fb16072e5,lateral_movement,completed,A,true_positive,100,,8,"[{""id"": ""T1021"", ""name"": ""Remote Services"", ""tactic"": ""Lateral Movement""}, {""id"": ""T1021.002"", ""name"": ""SMB/Windows Admin Shares"", ""tactic"": ""Lateral Movement""}, {""id"": ""T1570"", ""name"": ""Lateral Tool Transfer"", ""tactic"": ""Lateral Movement""}, {""id"": ""T1047"", ""name"": ""Windows Management Instrumentation"", ""tactic"": ""Execution""}]","• CONFIRMED ATTACK detected from 10.200.1.64
• Detected ipv4: 10.0.30.236
• 3 indicator(s) found (ipv4, username)
• HIGH RISK (100/100) — immediate action recommended
• MITRE ATT&CK: {'id': 'T1021', 'name': 'Remote Services', 'tactic': 'Lateral Movement'}, {'id': 'T1021.002', 'name': 'SMB/Windows Admin Shares', 'tactic': 'Lateral Movement'}, {'id': 'T1570', 'name': 'Lateral Tool Transfer', 'tactic': 'Lateral Movement'}
• Affected user: jsmith_63",2026-04-09 10:25:25.153949+00,2026-04-09 10:27:29.91473+00,124.760781
ae8204e3-5aee-4a7d-8ade-485516c22d3c,lolbin_abuse,completed,A,true_positive,100,,8,"[{""id"": ""T1218"", ""name"": ""System Binary Proxy Execution"", ""tactic"": ""Defense Evasion""}, {""id"": ""T1218.005"", ""name"": ""Mshta"", ""tactic"": ""Defense Evasion""}, {""id"": ""T1218.011"", ""name"": ""Rundll32"", ""tactic"": ""Defense Evasion""}]","• CONFIRMED ATTACK detected from 10.200.1.65
• LOLBin abuse: certutil download via -urlcache
• 3 indicator(s) found (ipv4, url, username)
• HIGH RISK (100/100) — immediate action recommended
• MITRE ATT&CK: {'id': 'T1218', 'name': 'System Binary Proxy Execution', 'tactic': 'Defense Evasion'}, {'id': 'T1218.005', 'name': 'Mshta', 'tactic': 'Defense Evasion'}, {'id': 'T1218.011', 'name': 'Rundll32', 'tactic': 'Defense Evasion'}
• Affected user: krbtgt_64",2026-04-09 10:25:25.668896+00,2026-04-09 10:27:08.784968+00,103.116072
3e94da65-1f52-4fa7-a4f7-12a82cd38d3c,phishing,completed,A,true_positive,70,,10,"[{""id"": ""T1566"", ""name"": ""Phishing"", ""tactic"": ""Initial Access""}, {""id"": ""T1566.001"", ""name"": ""Spearphishing Attachment"", ""tactic"": ""Initial Access""}, {""id"": ""T1566.002"", ""name"": ""Spearphishing Link"", ""tactic"": ""Initial Access""}, {""id"": ""T1204.001"", ""name"": ""Malicious Link"", ""tactic"": ""Execution""}]","• CONFIRMED ATTACK detected from 10.200.1.66
• Credential harvesting indicators detected
• 4 indicator(s) found (domain, email, ipv4, username)
• HIGH RISK (70/100) — immediate action recommended
• MITRE ATT&CK: {'id': 'T1566', 'name': 'Phishing', 'tactic': 'Initial Access'}, {'id': 'T1566.001', 'name': 'Spearphishing Attachment', 'tactic': 'Initial Access'}, {'id': 'T1566.002', 'name': 'Spearphishing Link', 'tactic': 'Initial Access'}
• Affected user: asmith_65",2026-04-09 10:25:26.182953+00,2026-04-09 10:26:36.75032+00,70.567367
1cc5eb0e-dbc9-44a7-93b6-602f9e5b19a1,lateral_movement,completed,A,true_positive,100,,8,"[{""id"": ""T1021"", ""name"": ""Remote Services"", ""tactic"": ""Lateral Movement""}, {""id"": ""T1021.002"", ""name"": ""SMB/Windows Admin Shares"", ""tactic"": ""Lateral Movement""}, {""id"": ""T1570"", ""name"": ""Lateral Tool Transfer"", ""tactic"": ""Lateral Movement""}, {""id"": ""T1047"", ""name"": ""Windows Management Instrumentation"", ""tactic"": ""Execution""}]","• CONFIRMED ATTACK detected from 10.200.1.67
• Detected ipv4: 10.0.60.121
• 3 indicator(s) found (ipv4, username)
• HIGH RISK (100/100) — immediate action recommended
• MITRE ATT&CK: {'id': 'T1021', 'name': 'Remote Services', 'tactic': 'Lateral Movement'}, {'id': 'T1021.002', 'name': 'SMB/Windows Admin Shares', 'tactic': 'Lateral Movement'}, {'id': 'T1570', 'name': 'Lateral Tool Transfer', 'tactic': 'Lateral Movement'}
• Affected user: user2_66",2026-04-09 10:25:26.709713+00,2026-04-09 10:26:07.891541+00,41.181828
2a70c9f7-3c64-46fc-a9fa-d5f67cd381b8,data_exfiltration,completed,A,true_positive,100,,8,"[{""id"": ""T1041"", ""name"": ""Exfiltration Over C2 Channel"", ""tactic"": ""Exfiltration""}, {""id"": ""T1567"", ""name"": ""Exfiltration Over Web Service"", ""tactic"": ""Exfiltration""}, {""id"": ""T1048"", ""name"": ""Exfiltration Over Alternative Protocol"", ""tactic"": ""Exfiltration""}]","• CONFIRMED ATTACK detected from 10.200.1.68
• Large data transfer: 5.2 GB
• 3 indicator(s) found (ipv4, username)
• HIGH RISK (100/100) — immediate action recommended
• MITRE ATT&CK: {'id': 'T1041', 'name': 'Exfiltration Over C2 Channel', 'tactic': 'Exfiltration'}, {'id': 'T1567', 'name': 'Exfiltration Over Web Service', 'tactic': 'Exfiltration'}, {'id': 'T1048', 'name': 'Exfiltration Over Alternative Protocol', 'tactic': 'Exfiltration'}
• Affected user: Administrator_67",2026-04-09 10:25:27.228238+00,2026-04-09 10:26:27.583513+00,60.355275
a93c4da3-b434-41e0-8df3-0de6ee45936e,phishing,completed,A,true_positive,70,,10,"[{""id"": ""T1566"", ""name"": ""Phishing"", ""tactic"": ""Initial Access""}, {""id"": ""T1566.001"", ""name"": ""Spearphishing Attachment"", ""tactic"": ""Initial Access""}, {""id"": ""T1566.002"", ""name"": ""Spearphishing Link"", ""tactic"": ""Initial Access""}, {""id"": ""T1204.001"", ""name"": ""Malicious Link"", ""tactic"": ""Execution""}]","• CONFIRMED ATTACK detected from 10.200.1.69
• Credential harvesting indicators detected
• 4 indicator(s) found (domain, email, ipv4, username)
• HIGH RISK (70/100) — immediate action recommended
• MITRE ATT&CK: {'id': 'T1566', 'name': 'Phishing', 'tactic': 'Initial Access'}, {'id': 'T1566.001', 'name': 'Spearphishing Attachment', 'tactic': 'Initial Access'}, {'id': 'T1566.002', 'name': 'Spearphishing Link', 'tactic': 'Initial Access'}
• Affected user: sql_svc_68",2026-04-09 10:25:27.74851+00,2026-04-09 10:26:07.868995+00,40.120485
c67d214d-8913-476b-9f08-68701649314a,password_change,completed,A,benign,0,,2,[],"• Routine activity — no threat detected
• 2 indicator(s) found (ipv4, username)
• LOW RISK (0/100) — no action needed
• Affected user: sql_svc_69",2026-04-09 10:25:28.262307+00,2026-04-09 10:26:36.654692+00,68.392385
b5def771-d0a8-4476-bc4b-5a34c3caef81,scheduled_backup,completed,A,benign,0,,2,[],"• Routine activity — no threat detected
• 2 indicator(s) found (ipv4, username)
• LOW RISK (0/100) — no action needed
• Affected user: user2_70",2026-04-09 10:25:28.841638+00,2026-04-09 10:26:56.153053+00,87.311415
d47838b6-599f-43cf-8a21-3a4a31fafc36,kerberoasting,completed,A,true_positive,100,,7,"[{""id"": ""T1558.003"", ""name"": ""Kerberoasting"", ""tactic"": ""Credential Access""}]","• CONFIRMED ATTACK detected from 10.200.1.72
• SPN enumeration detected — Kerberoasting recon
• 3 indicator(s) found (ipv4, service_name, username)
• HIGH RISK (100/100) — immediate action recommended
• MITRE ATT&CK: {'id': 'T1558.003', 'name': 'Kerberoasting', 'tactic': 'Credential Access'}
• Affected user: svc_backup_71",2026-04-09 10:25:29.377798+00,2026-04-09 10:27:32.669223+00,123.291425
9301496e-090b-4273-9fe4-e274cf71c378,lolbin_abuse,completed,A,true_positive,100,,8,"[{""id"": ""T1218"", ""name"": ""System Binary Proxy Execution"", ""tactic"": ""Defense Evasion""}, {""id"": ""T1218.005"", ""name"": ""Mshta"", ""tactic"": ""Defense Evasion""}, {""id"": ""T1218.011"", ""name"": ""Rundll32"", ""tactic"": ""Defense Evasion""}]","• CONFIRMED ATTACK detected from 10.200.1.73
• LOLBin abuse: certutil download via -urlcache
• 3 indicator(s) found (ipv4, url, username)
• HIGH RISK (100/100) — immediate action recommended
• MITRE ATT&CK: {'id': 'T1218', 'name': 'System Binary Proxy Execution', 'tactic': 'Defense Evasion'}, {'id': 'T1218.005', 'name': 'Mshta', 'tactic': 'Defense Evasion'}, {'id': 'T1218.011', 'name': 'Rundll32', 'tactic': 'Defense Evasion'}
• Affected user: exfil_user_72",2026-04-09 10:25:29.921747+00,2026-04-09 10:27:30.959678+00,121.037931
c26feb67-970a-4915-b67d-d804bf6c3b23,scheduled_backup,completed,A,benign,0,,2,[],"• Routine activity — no threat detected
• 2 indicator(s) found (ipv4, username)
• LOW RISK (0/100) — no action needed
• Affected user: jdoe_73",2026-04-09 10:25:30.448112+00,2026-04-09 10:27:27.105673+00,116.657561
4767f9a9-7b6c-49ac-b817-db0ec0115c77,scheduled_backup,completed,A,benign,0,,2,[],"• Routine activity — no threat detected
• 2 indicator(s) found (ipv4, username)
• LOW RISK (0/100) — no action needed
• Affected user: backup_svc_74",2026-04-09 10:25:30.977874+00,2026-04-09 10:26:25.146679+00,54.168805
e51bf78f-29a0-425c-bcd5-ec742d8bb12a,user_login,completed,A,benign,0,,2,[],"• Routine activity — no threat detected
• 2 indicator(s) found (ipv4, username)
• LOW RISK (0/100) — no action needed
• Affected user: data_thief_75",2026-04-09 10:25:31.494905+00,2026-04-09 10:27:09.135358+00,97.640453
34e18e6d-aee9-45ed-853b-580938cc25ae,health_check,completed,A,benign,0,,2,[],"• Routine activity — no threat detected
• 2 indicator(s) found (ipv4, username)
• LOW RISK (0/100) — no action needed
• Affected user: asmith_76",2026-04-09 10:25:32.008509+00,2026-04-09 10:26:44.330675+00,72.322166
e3f01a48-bb2b-4b83-8c93-8a4a00996cda,kerberoasting,completed,A,true_positive,100,,7,"[{""id"": ""T1558.003"", ""name"": ""Kerberoasting"", ""tactic"": ""Credential Access""}]","• CONFIRMED ATTACK detected from 10.200.1.78
• SPN enumeration detected — Kerberoasting recon
• 3 indicator(s) found (ipv4, service_name, username)
• HIGH RISK (100/100) — immediate action recommended
• MITRE ATT&CK: {'id': 'T1558.003', 'name': 'Kerberoasting', 'tactic': 'Credential Access'}
• Affected user: svc_backup_77",2026-04-09 10:25:32.524414+00,2026-04-09 10:27:31.601297+00,119.076883
e761b332-48af-402e-871c-71edbf4efd56,health_check,completed,A,benign,0,,2,[],"• Routine activity — no threat detected
• 2 indicator(s) found (ipv4, username)
• LOW RISK (0/100) — no action needed
• Affected user: sql_svc_78",2026-04-09 10:25:33.042605+00,2026-04-09 10:26:56.633007+00,83.590402
32db0f0a-f691-4407-980b-5460ec906a45,ransomware,completed,A,true_positive,100,,8,"[{""id"": ""T1486"", ""name"": ""Data Encrypted for Impact"", ""tactic"": ""Impact""}, {""id"": ""T1490"", ""name"": ""Inhibit System Recovery"", ""tactic"": ""Impact""}, {""id"": ""T1059"", ""name"": ""Command and Scripting Interpreter"", ""tactic"": ""Execution""}, {""id"": ""T1547"", ""name"": ""Boot or Logon Autostart Execution"", ""tactic"": ""Persistence""}]","• CONFIRMED ATTACK detected from 10.200.1.80
• Shadow copy deletion detected (vssadmin delete shadows)
• 2 indicator(s) found (ipv4, username)
• HIGH RISK (100/100) — immediate action recommended
• MITRE ATT&CK: {'id': 'T1486', 'name': 'Data Encrypted for Impact', 'tactic': 'Impact'}, {'id': 'T1490', 'name': 'Inhibit System Recovery', 'tactic': 'Impact'}, {'id': 'T1059', 'name': 'Command and Scripting Interpreter', 'tactic': 'Execution'}
• Affected user: backup_svc_79",2026-04-09 10:25:33.55789+00,2026-04-09 10:27:27.823229+00,114.265339
ac4adbd7-da15-4c40-b9f0-ed2def4d166b,lateral_movement,completed,A,true_positive,100,,8,"[{""id"": ""T1021"", ""name"": ""Remote Services"", ""tactic"": ""Lateral Movement""}, {""id"": ""T1021.002"", ""name"": ""SMB/Windows Admin Shares"", ""tactic"": ""Lateral Movement""}, {""id"": ""T1570"", ""name"": ""Lateral Tool Transfer"", ""tactic"": ""Lateral Movement""}, {""id"": ""T1047"", ""name"": ""Windows Management Instrumentation"", ""tactic"": ""Execution""}]","• CONFIRMED ATTACK detected from 10.200.1.81
• Detected ipv4: 10.0.30.254
• 3 indicator(s) found (ipv4, username)
• HIGH RISK (100/100) — immediate action recommended
• MITRE ATT&CK: {'id': 'T1021', 'name': 'Remote Services', 'tactic': 'Lateral Movement'}, {'id': 'T1021.002', 'name': 'SMB/Windows Admin Shares', 'tactic': 'Lateral Movement'}, {'id': 'T1570', 'name': 'Lateral Tool Transfer', 'tactic': 'Lateral Movement'}
• Affected user: jdoe_80",2026-04-09 10:25:34.074954+00,2026-04-09 10:28:41.523678+00,187.448724
cc699bb2-fd6e-4cb8-8784-44f7867c21ed,ransomware,completed,A,true_positive,100,,8,"[{""id"": ""T1486"", ""name"": ""Data Encrypted for Impact"", ""tactic"": ""Impact""}, {""id"": ""T1490"", ""name"": ""Inhibit System Recovery"", ""tactic"": ""Impact""}, {""id"": ""T1059"", ""name"": ""Command and Scripting Interpreter"", ""tactic"": ""Execution""}, {""id"": ""T1547"", ""name"": ""Boot or Logon Autostart Execution"", ""tactic"": ""Persistence""}]","• CONFIRMED ATTACK detected from 10.200.1.82
• Shadow copy deletion detected (vssadmin delete shadows)
• 2 indicator(s) found (ipv4, username)
• HIGH RISK (100/100) — immediate action recommended
• MITRE ATT&CK: {'id': 'T1486', 'name': 'Data Encrypted for Impact', 'tactic': 'Impact'}, {'id': 'T1490', 'name': 'Inhibit System Recovery', 'tactic': 'Impact'}, {'id': 'T1059', 'name': 'Command and Scripting Interpreter', 'tactic': 'Execution'}
• Affected user: attacker_user_81",2026-04-09 10:25:34.589341+00,2026-04-09 10:27:28.182227+00,113.592886
4e6c3325-b011-47d2-8163-2b2d197c9c3b,data_exfiltration,completed,A,true_positive,100,,8,"[{""id"": ""T1041"", ""name"": ""Exfiltration Over C2 Channel"", ""tactic"": ""Exfiltration""}, {""id"": ""T1567"", ""name"": ""Exfiltration Over Web Service"", ""tactic"": ""Exfiltration""}, {""id"": ""T1048"", ""name"": ""Exfiltration Over Alternative Protocol"", ""tactic"": ""Exfiltration""}]","• CONFIRMED ATTACK detected from 10.200.1.83
• Large data transfer: 5.2 GB
• 3 indicator(s) found (ipv4, username)
• HIGH RISK (100/100) — immediate action recommended
• MITRE ATT&CK: {'id': 'T1041', 'name': 'Exfiltration Over C2 Channel', 'tactic': 'Exfiltration'}, {'id': 'T1567', 'name': 'Exfiltration Over Web Service', 'tactic': 'Exfiltration'}, {'id': 'T1048', 'name': 'Exfiltration Over Alternative Protocol', 'tactic': 'Exfiltration'}
• Affected user: compromised_82",2026-04-09 10:25:35.107775+00,2026-04-09 10:28:02.200031+00,147.092256
461c9111-a2ab-4882-acd5-f1eb7d6cf6c2,golden_ticket,completed,A,true_positive,100,,7,"[{""id"": ""T1558.001"", ""name"": ""Golden Ticket"", ""tactic"": ""Credential Access""}]","• CONFIRMED ATTACK detected from 10.200.1.84
• Forged Kerberos ticket detected
• 2 indicator(s) found (ipv4, username)
• HIGH RISK (100/100) — immediate action recommended
• MITRE ATT&CK: {'id': 'T1558.001', 'name': 'Golden Ticket', 'tactic': 'Credential Access'}
• Affected user: web_admin_83",2026-04-09 10:25:35.622014+00,2026-04-09 10:27:40.010192+00,124.388178
09bad004-4b50-4c2b-a8f5-7c9b5c1635ed,c2_communication,completed,A,true_positive,100,,8,"[{""id"": ""T1071"", ""name"": ""Application Layer Protocol"", ""tactic"": ""Command and Control""}, {""id"": ""T1573"", ""name"": ""Encrypted Channel"", ""tactic"": ""Command and Control""}, {""id"": ""T1105"", ""name"": ""Ingress Tool Transfer"", ""tactic"": ""Command and Control""}, {""id"": ""T1571"", ""name"": ""Non-Standard Port"", ""tactic"": ""Command and Control""}]","• CONFIRMED ATTACK detected from 10.200.1.85
• Regular beacon interval detected: 30.0s (stddev=0.5)
• 3 indicator(s) found (ipv4, username)
• HIGH RISK (100/100) — immediate action recommended
• MITRE ATT&CK: {'id': 'T1071', 'name': 'Application Layer Protocol', 'tactic': 'Command and Control'}, {'id': 'T1573', 'name': 'Encrypted Channel', 'tactic': 'Command and Control'}, {'id': 'T1105', 'name': 'Ingress Tool Transfer', 'tactic': 'Command and Control'}
• Affected user: jdoe_84",2026-04-09 10:25:36.137288+00,2026-04-09 10:28:00.97602+00,144.838732
2fa5dde3-e2c3-4dff-ba5d-9938a2e18fe6,windows_update,completed,A,benign,0,,2,[],"• Routine activity — no threat detected
• 2 indicator(s) found (ipv4, username)
• LOW RISK (0/100) — no action needed
• Affected user: attacker_user_85",2026-04-09 10:25:36.651042+00,2026-04-09 10:27:57.944094+00,141.293052
9aa727fb-d573-4f4b-84de-bb7a44b0b320,windows_update,completed,A,benign,0,,2,[],"• Routine activity — no threat detected
• 2 indicator(s) found (ipv4, username)
• LOW RISK (0/100) — no action needed
• Affected user: web_admin_86",2026-04-09 10:25:37.174008+00,2026-04-09 10:26:30.355991+00,53.181983
06a5d1df-32c2-4608-a10f-0f9c70eed7d4,lolbin_abuse,completed,A,true_positive,100,,8,"[{""id"": ""T1218"", ""name"": ""System Binary Proxy Execution"", ""tactic"": ""Defense Evasion""}, {""id"": ""T1218.005"", ""name"": ""Mshta"", ""tactic"": ""Defense Evasion""}, {""id"": ""T1218.011"", ""name"": ""Rundll32"", ""tactic"": ""Defense Evasion""}]","• CONFIRMED ATTACK detected from 10.200.1.88
• LOLBin abuse: certutil download via -urlcache
• 3 indicator(s) found (ipv4, url, username)
• HIGH RISK (100/100) — immediate action recommended
• MITRE ATT&CK: {'id': 'T1218', 'name': 'System Binary Proxy Execution', 'tactic': 'Defense Evasion'}, {'id': 'T1218.005', 'name': 'Mshta', 'tactic': 'Defense Evasion'}, {'id': 'T1218.011', 'name': 'Rundll32', 'tactic': 'Defense Evasion'}
• Affected user: root_87",2026-04-09 10:25:37.694581+00,2026-04-09 10:28:33.170575+00,175.475994
75e59507-9f4d-44fe-b005-529f94750a1c,password_change,completed,A,benign,0,,2,[],"• Routine activity — no threat detected
• 2 indicator(s) found (ipv4, username)
• LOW RISK (0/100) — no action needed
• Affected user: web_admin_88",2026-04-09 10:25:38.208873+00,2026-04-09 10:26:56.399997+00,78.191124
ce0c0aa7-8ced-4482-a644-1c34368834ff,golden_ticket,completed,A,true_positive,100,,7,"[{""id"": ""T1558.001"", ""name"": ""Golden Ticket"", ""tactic"": ""Credential Access""}]","• CONFIRMED ATTACK detected from 10.200.1.90
• Forged Kerberos ticket detected
• 2 indicator(s) found (ipv4, username)
• HIGH RISK (100/100) — immediate action recommended
• MITRE ATT&CK: {'id': 'T1558.001', 'name': 'Golden Ticket', 'tactic': 'Credential Access'}
• Affected user: SYSTEM_89",2026-04-09 10:25:38.722402+00,2026-04-09 10:27:27.672944+00,108.950542
4750060f-833d-43f3-b929-5457a2562f92,c2_communication,completed,A,true_positive,100,,8,"[{""id"": ""T1071"", ""name"": ""Application Layer Protocol"", ""tactic"": ""Command and Control""}, {""id"": ""T1573"", ""name"": ""Encrypted Channel"", ""tactic"": ""Command and Control""}, {""id"": ""T1105"", ""name"": ""Ingress Tool Transfer"", ""tactic"": ""Command and Control""}, {""id"": ""T1571"", ""name"": ""Non-Standard Port"", ""tactic"": ""Command and Control""}]","• CONFIRMED ATTACK detected from 10.200.1.91
• Regular beacon interval detected: 30.0s (stddev=0.5)
• 3 indicator(s) found (ipv4, username)
• HIGH RISK (100/100) — immediate action recommended
• MITRE ATT&CK: {'id': 'T1071', 'name': 'Application Layer Protocol', 'tactic': 'Command and Control'}, {'id': 'T1573', 'name': 'Encrypted Channel', 'tactic': 'Command and Control'}, {'id': 'T1105', 'name': 'Ingress Tool Transfer', 'tactic': 'Command and Control'}
• Affected user: user2_90",2026-04-09 10:25:39.240491+00,2026-04-09 10:28:02.220389+00,142.979898
1beebd19-0872-46c1-978c-396a1714a47e,golden_ticket,completed,A,true_positive,100,,7,"[{""id"": ""T1558.001"", ""name"": ""Golden Ticket"", ""tactic"": ""Credential Access""}]","• CONFIRMED ATTACK detected from 10.200.1.92
• Forged Kerberos ticket detected
• 2 indicator(s) found (ipv4, username)
• HIGH RISK (100/100) — immediate action recommended
• MITRE ATT&CK: {'id': 'T1558.001', 'name': 'Golden Ticket', 'tactic': 'Credential Access'}
• Affected user: data_thief_91",2026-04-09 10:25:39.758225+00,2026-04-09 10:27:42.703554+00,122.945329
a4565700-4b03-4464-b86c-3de756c14800,lolbin_abuse,completed,A,true_positive,100,,8,"[{""id"": ""T1218"", ""name"": ""System Binary Proxy Execution"", ""tactic"": ""Defense Evasion""}, {""id"": ""T1218.005"", ""name"": ""Mshta"", ""tactic"": ""Defense Evasion""}, {""id"": ""T1218.011"", ""name"": ""Rundll32"", ""tactic"": ""Defense Evasion""}]","• CONFIRMED ATTACK detected from 10.200.1.93
• LOLBin abuse: certutil download via -urlcache
• 3 indicator(s) found (ipv4, url, username)
• HIGH RISK (100/100) — immediate action recommended
• MITRE ATT&CK: {'id': 'T1218', 'name': 'System Binary Proxy Execution', 'tactic': 'Defense Evasion'}, {'id': 'T1218.005', 'name': 'Mshta', 'tactic': 'Defense Evasion'}, {'id': 'T1218.011', 'name': 'Rundll32', 'tactic': 'Defense Evasion'}
• Affected user: asmith_92",2026-04-09 10:25:40.275345+00,2026-04-09 10:27:27.608665+00,107.333320
0a003928-d1c6-4296-bdae-85738bc01500,kerberoasting,completed,A,true_positive,100,,7,"[{""id"": ""T1558.003"", ""name"": ""Kerberoasting"", ""tactic"": ""Credential Access""}]","• CONFIRMED ATTACK detected from 10.200.1.94
• SPN enumeration detected — Kerberoasting recon
• 3 indicator(s) found (ipv4, service_name, username)
• HIGH RISK (100/100) — immediate action recommended
• MITRE ATT&CK: {'id': 'T1558.003', 'name': 'Kerberoasting', 'tactic': 'Credential Access'}
• Affected user: web_admin_93",2026-04-09 10:25:40.788493+00,2026-04-09 10:29:34.635788+00,233.847295
21199d62-a9c5-470b-ad28-4322532dfe96,data_exfiltration,completed,A,true_positive,100,,8,"[{""id"": ""T1041"", ""name"": ""Exfiltration Over C2 Channel"", ""tactic"": ""Exfiltration""}, {""id"": ""T1567"", ""name"": ""Exfiltration Over Web Service"", ""tactic"": ""Exfiltration""}, {""id"": ""T1048"", ""name"": ""Exfiltration Over Alternative Protocol"", ""tactic"": ""Exfiltration""}]","• CONFIRMED ATTACK detected from 10.200.1.95
• Large data transfer: 5.2 GB
• 3 indicator(s) found (ipv4, username)
• HIGH RISK (100/100) — immediate action recommended
• MITRE ATT&CK: {'id': 'T1041', 'name': 'Exfiltration Over C2 Channel', 'tactic': 'Exfiltration'}, {'id': 'T1567', 'name': 'Exfiltration Over Web Service', 'tactic': 'Exfiltration'}, {'id': 'T1048', 'name': 'Exfiltration Over Alternative Protocol', 'tactic': 'Exfiltration'}
• Affected user: golden_attacker_94",2026-04-09 10:25:41.30804+00,2026-04-09 10:28:28.99594+00,167.687900
e2febc12-0226-431b-95d7-5cce1c7b5abd,lateral_movement,completed,A,true_positive,100,,8,"[{""id"": ""T1021"", ""name"": ""Remote Services"", ""tactic"": ""Lateral Movement""}, {""id"": ""T1021.002"", ""name"": ""SMB/Windows Admin Shares"", ""tactic"": ""Lateral Movement""}, {""id"": ""T1570"", ""name"": ""Lateral Tool Transfer"", ""tactic"": ""Lateral Movement""}, {""id"": ""T1047"", ""name"": ""Windows Management Instrumentation"", ""tactic"": ""Execution""}]","• CONFIRMED ATTACK detected from 10.200.1.96
• Detected ipv4: 172.16.0.188
• 3 indicator(s) found (ipv4, username)
• HIGH RISK (100/100) — immediate action recommended
• MITRE ATT&CK: {'id': 'T1021', 'name': 'Remote Services', 'tactic': 'Lateral Movement'}, {'id': 'T1021.002', 'name': 'SMB/Windows Admin Shares', 'tactic': 'Lateral Movement'}, {'id': 'T1570', 'name': 'Lateral Tool Transfer', 'tactic': 'Lateral Movement'}
• Affected user: root_95",2026-04-09 10:25:41.820565+00,2026-04-09 10:28:03.307448+00,141.486883
b97dc094-46a7-4d29-886e-31b09491e897,scheduled_backup,completed,A,benign,0,,2,[],"• Routine activity — no threat detected
• 2 indicator(s) found (ipv4, username)
• LOW RISK (0/100) — no action needed
• Affected user: attacker_user_96",2026-04-09 10:25:42.324513+00,2026-04-09 10:27:30.806072+00,108.481559
32d5e576-ef42-4f66-b4ff-f9e12a0e4bed,password_change,completed,A,benign,0,,2,[],"• Routine activity — no threat detected
• 2 indicator(s) found (ipv4, username)
• LOW RISK (0/100) — no action needed
• Affected user: svc_backup_97",2026-04-09 10:25:42.838809+00,2026-04-09 10:27:42.546564+00,119.707755
1421fea6-5d98-4a26-b866-ff86c15bbbe1,windows_update,completed,A,benign,0,,2,[],"• Routine activity — no threat detected
• 2 indicator(s) found (ipv4, username)
• LOW RISK (0/100) — no action needed
• Affected user: admin_98",2026-04-09 10:25:43.355709+00,2026-04-09 10:28:03.864432+00,140.508723
c62b8958-5bf5-42f4-8f31-2b1f573014d3,scheduled_backup,completed,A,benign,0,,2,[],"• Routine activity — no threat detected
• 2 indicator(s) found (ipv4, username)
• LOW RISK (0/100) — no action needed
• Affected user: root_99",2026-04-09 10:25:43.870755+00,2026-04-09 10:27:08.81145+00,84.940695
1495b285-ce02-4469-95a5-a2c14c5b7671,user_login,completed,A,benign,0,,2,[],"• Routine activity — no threat detected
• 2 indicator(s) found (ipv4, username)
• LOW RISK (0/100) — no action needed
• Affected user: data_thief_100",2026-04-09 10:25:44.391768+00,2026-04-09 10:28:02.409294+00,138.017526
fd051a9b-3a74-4ba4-a3a2-de6523657417,c2_communication,completed,A,true_positive,100,,8,"[{""id"": ""T1071"", ""name"": ""Application Layer Protocol"", ""tactic"": ""Command and Control""}, {""id"": ""T1573"", ""name"": ""Encrypted Channel"", ""tactic"": ""Command and Control""}, {""id"": ""T1105"", ""name"": ""Ingress Tool Transfer"", ""tactic"": ""Command and Control""}, {""id"": ""T1571"", ""name"": ""Non-Standard Port"", ""tactic"": ""Command and Control""}]","• CONFIRMED ATTACK detected from 10.200.1.102
• Regular beacon interval detected: 30.0s (stddev=0.5)
• 3 indicator(s) found (ipv4, username)
• HIGH RISK (100/100) — immediate action recommended
• MITRE ATT&CK: {'id': 'T1071', 'name': 'Application Layer Protocol', 'tactic': 'Command and Control'}, {'id': 'T1573', 'name': 'Encrypted Channel', 'tactic': 'Command and Control'}, {'id': 'T1105', 'name': 'Ingress Tool Transfer', 'tactic': 'Command and Control'}
• Affected user: sql_svc_101",2026-04-09 10:25:44.905083+00,2026-04-09 10:27:32.602726+00,107.697643
8dc2cff3-6fa6-440f-a2fb-399c1bf538ed,lateral_movement,completed,A,true_positive,100,,8,"[{""id"": ""T1021"", ""name"": ""Remote Services"", ""tactic"": ""Lateral Movement""}, {""id"": ""T1021.002"", ""name"": ""SMB/Windows Admin Shares"", ""tactic"": ""Lateral Movement""}, {""id"": ""T1570"", ""name"": ""Lateral Tool Transfer"", ""tactic"": ""Lateral Movement""}, {""id"": ""T1047"", ""name"": ""Windows Management Instrumentation"", ""tactic"": ""Execution""}]","• CONFIRMED ATTACK detected from 10.200.1.103
• Detected ipv4: 10.0.50.57
• 3 indicator(s) found (ipv4, username)
• HIGH RISK (100/100) — immediate action recommended
• MITRE ATT&CK: {'id': 'T1021', 'name': 'Remote Services', 'tactic': 'Lateral Movement'}, {'id': 'T1021.002', 'name': 'SMB/Windows Admin Shares', 'tactic': 'Lateral Movement'}, {'id': 'T1570', 'name': 'Lateral Tool Transfer', 'tactic': 'Lateral Movement'}
• Affected user: data_thief_102",2026-04-09 10:25:45.421322+00,2026-04-09 10:27:00.962694+00,75.541372
4df98d9f-5166-4e55-af59-c4ee7fe7d856,user_login,completed,A,benign,0,,2,[],"• Routine activity — no threat detected
• 2 indicator(s) found (ipv4, username)
• LOW RISK (0/100) — no action needed
• Affected user: golden_attacker_103",2026-04-09 10:25:45.935705+00,2026-04-09 10:27:29.125835+00,103.190130
8cd44b2d-1780-4a4c-b86f-abc9d20a9e6e,golden_ticket,completed,A,true_positive,100,,7,"[{""id"": ""T1558.001"", ""name"": ""Golden Ticket"", ""tactic"": ""Credential Access""}]","• CONFIRMED ATTACK detected from 10.200.1.105
• Forged Kerberos ticket detected
• 2 indicator(s) found (ipv4, username)
• HIGH RISK (100/100) — immediate action recommended
• MITRE ATT&CK: {'id': 'T1558.001', 'name': 'Golden Ticket', 'tactic': 'Credential Access'}
• Affected user: data_thief_104",2026-04-09 10:25:46.451984+00,2026-04-09 10:27:30.207579+00,103.755595
d75b270b-39ad-492f-a6fe-eaa0ac9962a1,c2_communication,completed,A,true_positive,100,,8,"[{""id"": ""T1071"", ""name"": ""Application Layer Protocol"", ""tactic"": ""Command and Control""}, {""id"": ""T1573"", ""name"": ""Encrypted Channel"", ""tactic"": ""Command and Control""}, {""id"": ""T1105"", ""name"": ""Ingress Tool Transfer"", ""tactic"": ""Command and Control""}, {""id"": ""T1571"", ""name"": ""Non-Standard Port"", ""tactic"": ""Command and Control""}]","• CONFIRMED ATTACK detected from 10.200.1.106
• Regular beacon interval detected: 30.0s (stddev=0.5)
• 3 indicator(s) found (ipv4, username)
• HIGH RISK (100/100) — immediate action recommended
• MITRE ATT&CK: {'id': 'T1071', 'name': 'Application Layer Protocol', 'tactic': 'Command and Control'}, {'id': 'T1573', 'name': 'Encrypted Channel', 'tactic': 'Command and Control'}, {'id': 'T1105', 'name': 'Ingress Tool Transfer', 'tactic': 'Command and Control'}
• Affected user: jdoe_105",2026-04-09 10:25:46.965693+00,2026-04-09 10:27:27.728797+00,100.763104
49327a48-935e-4365-887f-7ab47a8281cb,health_check,completed,A,benign,0,,2,[],"• Routine activity — no threat detected
• 2 indicator(s) found (ipv4, username)
• LOW RISK (0/100) — no action needed
• Affected user: attacker_user_106",2026-04-09 10:25:47.486455+00,2026-04-09 10:27:27.854524+00,100.368069
e129c1f5-8dba-40e2-9038-6d5692f27e79,windows_update,completed,A,benign,0,,2,[],"• Routine activity — no threat detected
• 2 indicator(s) found (ipv4, username)
• LOW RISK (0/100) — no action needed
• Affected user: data_thief_107",2026-04-09 10:25:48.00008+00,2026-04-09 10:27:28.085101+00,100.085021
090e5de8-728f-4fa6-800d-3d30508a41bd,c2_communication,completed,A,true_positive,100,,8,"[{""id"": ""T1071"", ""name"": ""Application Layer Protocol"", ""tactic"": ""Command and Control""}, {""id"": ""T1573"", ""name"": ""Encrypted Channel"", ""tactic"": ""Command and Control""}, {""id"": ""T1105"", ""name"": ""Ingress Tool Transfer"", ""tactic"": ""Command and Control""}, {""id"": ""T1571"", ""name"": ""Non-Standard Port"", ""tactic"": ""Command and Control""}]","• CONFIRMED ATTACK detected from 10.200.1.109
• Regular beacon interval detected: 30.0s (stddev=0.5)
• 3 indicator(s) found (ipv4, username)
• HIGH RISK (100/100) — immediate action recommended
• MITRE ATT&CK: {'id': 'T1071', 'name': 'Application Layer Protocol', 'tactic': 'Command and Control'}, {'id': 'T1573', 'name': 'Encrypted Channel', 'tactic': 'Command and Control'}, {'id': 'T1105', 'name': 'Ingress Tool Transfer', 'tactic': 'Command and Control'}
• Affected user: Administrator_108",2026-04-09 10:25:48.515637+00,2026-04-09 10:28:29.294898+00,160.779261
0a296965-ba04-4433-a061-40b8467cb817,lolbin_abuse,completed,A,benign,15,,8,"[{""id"": ""T1218"", ""name"": ""System Binary Proxy Execution"", ""tactic"": ""Defense Evasion""}, {""id"": ""T1218.005"", ""name"": ""Mshta"", ""tactic"": ""Defense Evasion""}, {""id"": ""T1218.011"", ""name"": ""Rundll32"", ""tactic"": ""Defense Evasion""}]","• Routine activity — no threat detected
• URL targets suspicious executable: http://bad.host/stage2.ps1
• 3 indicator(s) found (ipv4, url, username)
• LOW RISK (15/100) — no action needed
• MITRE ATT&CK: {'id': 'T1218', 'name': 'System Binary Proxy Execution', 'tactic': 'Defense Evasion'}, {'id': 'T1218.005', 'name': 'Mshta', 'tactic': 'Defense Evasion'}, {'id': 'T1218.011', 'name': 'Rundll32', 'tactic': 'Defense Evasion'}
• Affected user: jsmith_109",2026-04-09 10:25:49.027566+00,2026-04-09 10:27:14.415978+00,85.388412
7a4ed71e-4d0e-442d-a0c9-9bcb905c9599,golden_ticket,completed,A,true_positive,100,,7,"[{""id"": ""T1558.001"", ""name"": ""Golden Ticket"", ""tactic"": ""Credential Access""}]","• CONFIRMED ATTACK detected from 10.200.1.111
• Forged Kerberos ticket detected
• 2 indicator(s) found (ipv4, username)
• HIGH RISK (100/100) — immediate action recommended
• MITRE ATT&CK: {'id': 'T1558.001', 'name': 'Golden Ticket', 'tactic': 'Credential Access'}
• Affected user: svc_backup_110",2026-04-09 10:25:49.541521+00,2026-04-09 10:27:30.698034+00,101.156513
39ad650b-9237-4b11-918c-96bd5fb25e2b,lateral_movement,completed,A,true_positive,100,,8,"[{""id"": ""T1021"", ""name"": ""Remote Services"", ""tactic"": ""Lateral Movement""}, {""id"": ""T1021.002"", ""name"": ""SMB/Windows Admin Shares"", ""tactic"": ""Lateral Movement""}, {""id"": ""T1570"", ""name"": ""Lateral Tool Transfer"", ""tactic"": ""Lateral Movement""}, {""id"": ""T1047"", ""name"": ""Windows Management Instrumentation"", ""tactic"": ""Execution""}]","• CONFIRMED ATTACK detected from 10.200.1.112
• Detected ipv4: 10.0.40.222
• 3 indicator(s) found (ipv4, username)
• HIGH RISK (100/100) — immediate action recommended
• MITRE ATT&CK: {'id': 'T1021', 'name': 'Remote Services', 'tactic': 'Lateral Movement'}, {'id': 'T1021.002', 'name': 'SMB/Windows Admin Shares', 'tactic': 'Lateral Movement'}, {'id': 'T1570', 'name': 'Lateral Tool Transfer', 'tactic': 'Lateral Movement'}
• Affected user: data_thief_111",2026-04-09 10:25:50.058045+00,2026-04-09 10:27:44.580959+00,114.522914
8f2279e8-dfcc-47bd-9c81-7d0d15b37ea2,password_change,completed,A,benign,0,,2,[],"• Routine activity — no threat detected
• 2 indicator(s) found (ipv4, username)
• LOW RISK (0/100) — no action needed
• Affected user: sql_svc_112",2026-04-09 10:25:50.573362+00,2026-04-09 10:27:25.435139+00,94.861777
a355d514-c043-4d8c-8607-daa3d052c449,windows_update,completed,A,benign,0,,2,[],"• Routine activity — no threat detected
• 2 indicator(s) found (ipv4, username)
• LOW RISK (0/100) — no action needed
• Affected user: web_admin_113",2026-04-09 10:25:51.085758+00,2026-04-09 10:27:01.255323+00,70.169565
44669307-c414-426d-be69-69842d806720,windows_update,completed,A,benign,0,,2,[],"• Routine activity — no threat detected
• 2 indicator(s) found (ipv4, username)
• LOW RISK (0/100) — no action needed
• Affected user: exfil_user_114",2026-04-09 10:25:51.601466+00,2026-04-09 10:27:30.762519+00,99.161053
d6aa586f-8fdf-4277-838e-3aeed32b882c,c2_communication,completed,A,true_positive,100,,8,"[{""id"": ""T1071"", ""name"": ""Application Layer Protocol"", ""tactic"": ""Command and Control""}, {""id"": ""T1573"", ""name"": ""Encrypted Channel"", ""tactic"": ""Command and Control""}, {""id"": ""T1105"", ""name"": ""Ingress Tool Transfer"", ""tactic"": ""Command and Control""}, {""id"": ""T1571"", ""name"": ""Non-Standard Port"", ""tactic"": ""Command and Control""}]","• CONFIRMED ATTACK detected from 10.200.1.116
• Regular beacon interval detected: 30.0s (stddev=0.5)
• 3 indicator(s) found (ipv4, username)
• HIGH RISK (100/100) — immediate action recommended
• MITRE ATT&CK: {'id': 'T1071', 'name': 'Application Layer Protocol', 'tactic': 'Command and Control'}, {'id': 'T1573', 'name': 'Encrypted Channel', 'tactic': 'Command and Control'}, {'id': 'T1105', 'name': 'Ingress Tool Transfer', 'tactic': 'Command and Control'}
• Affected user: krbtgt_115",2026-04-09 10:25:52.116771+00,2026-04-09 10:27:28.958092+00,96.841321
4d760ecc-3cd4-453c-ace9-3d4eaf3e2068,lateral_movement,completed,A,true_positive,100,,8,"[{""id"": ""T1021"", ""name"": ""Remote Services"", ""tactic"": ""Lateral Movement""}, {""id"": ""T1021.002"", ""name"": ""SMB/Windows Admin Shares"", ""tactic"": ""Lateral Movement""}, {""id"": ""T1570"", ""name"": ""Lateral Tool Transfer"", ""tactic"": ""Lateral Movement""}, {""id"": ""T1047"", ""name"": ""Windows Management Instrumentation"", ""tactic"": ""Execution""}]","• CONFIRMED ATTACK detected from 10.200.1.117
• Detected ipv4: 10.0.60.120
• 3 indicator(s) found (ipv4, username)
• HIGH RISK (100/100) — immediate action recommended
• MITRE ATT&CK: {'id': 'T1021', 'name': 'Remote Services', 'tactic': 'Lateral Movement'}, {'id': 'T1021.002', 'name': 'SMB/Windows Admin Shares', 'tactic': 'Lateral Movement'}, {'id': 'T1570', 'name': 'Lateral Tool Transfer', 'tactic': 'Lateral Movement'}
• Affected user: backup_svc_116",2026-04-09 10:25:52.631407+00,2026-04-09 10:28:02.287212+00,129.655805
bc94b5ec-266e-44ad-81fa-5d91d3076410,user_login,completed,A,benign,0,,2,[],"• Routine activity — no threat detected
• 2 indicator(s) found (ipv4, username)
• LOW RISK (0/100) — no action needed
• Affected user: data_thief_117",2026-04-09 10:25:53.144838+00,2026-04-09 10:27:09.182169+00,76.037331
de8a29e8-9842-4ee0-a8fa-b822ace641e2,c2_communication,completed,A,true_positive,100,,8,"[{""id"": ""T1071"", ""name"": ""Application Layer Protocol"", ""tactic"": ""Command and Control""}, {""id"": ""T1573"", ""name"": ""Encrypted Channel"", ""tactic"": ""Command and Control""}, {""id"": ""T1105"", ""name"": ""Ingress Tool Transfer"", ""tactic"": ""Command and Control""}, {""id"": ""T1571"", ""name"": ""Non-Standard Port"", ""tactic"": ""Command and Control""}]","• CONFIRMED ATTACK detected from 10.200.1.119
• Regular beacon interval detected: 30.0s (stddev=0.5)
• 3 indicator(s) found (ipv4, username)
• HIGH RISK (100/100) — immediate action recommended
• MITRE ATT&CK: {'id': 'T1071', 'name': 'Application Layer Protocol', 'tactic': 'Command and Control'}, {'id': 'T1573', 'name': 'Encrypted Channel', 'tactic': 'Command and Control'}, {'id': 'T1105', 'name': 'Ingress Tool Transfer', 'tactic': 'Command and Control'}
• Affected user: sql_svc_118",2026-04-09 10:25:53.659258+00,2026-04-09 10:27:28.44204+00,94.782782
1355115e-9b99-46ae-8dd4-2af01c6b71fa,data_exfiltration,completed,A,true_positive,100,,8,"[{""id"": ""T1041"", ""name"": ""Exfiltration Over C2 Channel"", ""tactic"": ""Exfiltration""}, {""id"": ""T1567"", ""name"": ""Exfiltration Over Web Service"", ""tactic"": ""Exfiltration""}, {""id"": ""T1048"", ""name"": ""Exfiltration Over Alternative Protocol"", ""tactic"": ""Exfiltration""}]","• CONFIRMED ATTACK detected from 10.200.1.120
• Large data transfer: 5.2 GB
• 3 indicator(s) found (ipv4, username)
• HIGH RISK (100/100) — immediate action recommended
• MITRE ATT&CK: {'id': 'T1041', 'name': 'Exfiltration Over C2 Channel', 'tactic': 'Exfiltration'}, {'id': 'T1567', 'name': 'Exfiltration Over Web Service', 'tactic': 'Exfiltration'}, {'id': 'T1048', 'name': 'Exfiltration Over Alternative Protocol', 'tactic': 'Exfiltration'}
• Affected user: root_119",2026-04-09 10:25:54.170676+00,2026-04-09 10:28:02.345053+00,128.174377
ec2f1d8b-698b-4d3a-b4c4-5e186bc28601,lolbin_abuse,completed,A,benign,15,,8,"[{""id"": ""T1218"", ""name"": ""System Binary Proxy Execution"", ""tactic"": ""Defense Evasion""}, {""id"": ""T1218.005"", ""name"": ""Mshta"", ""tactic"": ""Defense Evasion""}, {""id"": ""T1218.011"", ""name"": ""Rundll32"", ""tactic"": ""Defense Evasion""}]","• Routine activity — no threat detected
• URL targets suspicious executable: http://bad.host/stage2.ps1
• 3 indicator(s) found (ipv4, url, username)
• LOW RISK (15/100) — no action needed
• MITRE ATT&CK: {'id': 'T1218', 'name': 'System Binary Proxy Execution', 'tactic': 'Defense Evasion'}, {'id': 'T1218.005', 'name': 'Mshta', 'tactic': 'Defense Evasion'}, {'id': 'T1218.011', 'name': 'Rundll32', 'tactic': 'Defense Evasion'}
• Affected user: asmith_120",2026-04-09 10:25:54.687175+00,2026-04-09 10:28:09.881237+00,135.194062
2fb799ec-0914-478c-9cea-94ff8acfd626,health_check,completed,A,benign,0,,2,[],"• Routine activity — no threat detected
• 2 indicator(s) found (ipv4, username)
• LOW RISK (0/100) — no action needed
• Affected user: asmith_121",2026-04-09 10:25:55.198754+00,2026-04-09 10:27:28.307445+00,93.108691
a4b8dc5a-11e9-4583-ac1e-2889baf854fd,lolbin_abuse,completed,A,benign,15,,8,"[{""id"": ""T1218"", ""name"": ""System Binary Proxy Execution"", ""tactic"": ""Defense Evasion""}, {""id"": ""T1218.005"", ""name"": ""Mshta"", ""tactic"": ""Defense Evasion""}, {""id"": ""T1218.011"", ""name"": ""Rundll32"", ""tactic"": ""Defense Evasion""}]","• Routine activity — no threat detected
• URL targets suspicious executable: http://bad.host/stage2.ps1
• 3 indicator(s) found (ipv4, url, username)
• LOW RISK (15/100) — no action needed
• MITRE ATT&CK: {'id': 'T1218', 'name': 'System Binary Proxy Execution', 'tactic': 'Defense Evasion'}, {'id': 'T1218.005', 'name': 'Mshta', 'tactic': 'Defense Evasion'}, {'id': 'T1218.011', 'name': 'Rundll32', 'tactic': 'Defense Evasion'}
• Affected user: Administrator_122",2026-04-09 10:25:55.714403+00,2026-04-09 10:27:00.516596+00,64.802193
ddc5d7a9-2eee-4950-8ee5-d8813a32de76,brute_force,completed,A,true_positive,95,,7,"[{""id"": ""T1110"", ""name"": ""Brute Force"", ""tactic"": ""Credential Access""}, {""id"": ""T1110.001"", ""name"": ""Password Guessing"", ""tactic"": ""Credential Access""}, {""id"": ""T1110.003"", ""name"": ""Password Spraying"", ""tactic"": ""Credential Access""}]","• CONFIRMED ATTACK detected from 10.200.1.124
• Attack Signal: Command injection
• 2 indicator(s) found (ipv4, username)
• HIGH RISK (95/100) — immediate action recommended
• MITRE ATT&CK: {'id': 'T1110', 'name': 'Brute Force', 'tactic': 'Credential Access'}, {'id': 'T1110.001', 'name': 'Password Guessing', 'tactic': 'Credential Access'}, {'id': 'T1110.003', 'name': 'Password Spraying', 'tactic': 'Credential Access'}
• Affected user: sql_svc_123",2026-04-09 10:25:56.227268+00,2026-04-09 10:28:41.661647+00,165.434379
46cdcbfc-f49e-493e-ae87-ba9f273486c2,c2_communication,completed,A,true_positive,100,,8,"[{""id"": ""T1071"", ""name"": ""Application Layer Protocol"", ""tactic"": ""Command and Control""}, {""id"": ""T1573"", ""name"": ""Encrypted Channel"", ""tactic"": ""Command and Control""}, {""id"": ""T1105"", ""name"": ""Ingress Tool Transfer"", ""tactic"": ""Command and Control""}, {""id"": ""T1571"", ""name"": ""Non-Standard Port"", ""tactic"": ""Command and Control""}]","• CONFIRMED ATTACK detected from 10.200.1.125
• Regular beacon interval detected: 30.0s (stddev=0.5)
• 3 indicator(s) found (ipv4, username)
• HIGH RISK (100/100) — immediate action recommended
• MITRE ATT&CK: {'id': 'T1071', 'name': 'Application Layer Protocol', 'tactic': 'Command and Control'}, {'id': 'T1573', 'name': 'Encrypted Channel', 'tactic': 'Command and Control'}, {'id': 'T1105', 'name': 'Ingress Tool Transfer', 'tactic': 'Command and Control'}
• Affected user: root_124",2026-04-09 10:25:56.742918+00,2026-04-09 10:28:33.197586+00,156.454668
963110f9-f8c5-4ca1-ad31-04acf13a6a62,lateral_movement,completed,A,true_positive,100,,8,"[{""id"": ""T1021"", ""name"": ""Remote Services"", ""tactic"": ""Lateral Movement""}, {""id"": ""T1021.002"", ""name"": ""SMB/Windows Admin Shares"", ""tactic"": ""Lateral Movement""}, {""id"": ""T1570"", ""name"": ""Lateral Tool Transfer"", ""tactic"": ""Lateral Movement""}, {""id"": ""T1047"", ""name"": ""Windows Management Instrumentation"", ""tactic"": ""Execution""}]","• CONFIRMED ATTACK detected from 10.200.1.126
• Detected ipv4: 10.0.30.195
• 3 indicator(s) found (ipv4, username)
• HIGH RISK (100/100) — immediate action recommended
• MITRE ATT&CK: {'id': 'T1021', 'name': 'Remote Services', 'tactic': 'Lateral Movement'}, {'id': 'T1021.002', 'name': 'SMB/Windows Admin Shares', 'tactic': 'Lateral Movement'}, {'id': 'T1570', 'name': 'Lateral Tool Transfer', 'tactic': 'Lateral Movement'}
• Affected user: krbtgt_125",2026-04-09 10:25:57.269133+00,2026-04-09 10:28:10.527745+00,133.258612
6ed270c0-0572-4c3d-a90a-5a5ac8846fb8,lolbin_abuse,completed,A,benign,15,,8,"[{""id"": ""T1218"", ""name"": ""System Binary Proxy Execution"", ""tactic"": ""Defense Evasion""}, {""id"": ""T1218.005"", ""name"": ""Mshta"", ""tactic"": ""Defense Evasion""}, {""id"": ""T1218.011"", ""name"": ""Rundll32"", ""tactic"": ""Defense Evasion""}]","• Routine activity — no threat detected
• URL targets suspicious executable: http://bad.host/stage2.ps1
• 3 indicator(s) found (ipv4, url, username)
• LOW RISK (15/100) — no action needed
• MITRE ATT&CK: {'id': 'T1218', 'name': 'System Binary Proxy Execution', 'tactic': 'Defense Evasion'}, {'id': 'T1218.005', 'name': 'Mshta', 'tactic': 'Defense Evasion'}, {'id': 'T1218.011', 'name': 'Rundll32', 'tactic': 'Defense Evasion'}
• Affected user: asmith_126",2026-04-09 10:25:57.786462+00,2026-04-09 10:28:03.395401+00,125.608939
eaf9fb8c-79ed-4ba4-beba-e1008948b773,lateral_movement,completed,A,true_positive,100,,8,"[{""id"": ""T1021"", ""name"": ""Remote Services"", ""tactic"": ""Lateral Movement""}, {""id"": ""T1021.002"", ""name"": ""SMB/Windows Admin Shares"", ""tactic"": ""Lateral Movement""}, {""id"": ""T1570"", ""name"": ""Lateral Tool Transfer"", ""tactic"": ""Lateral Movement""}, {""id"": ""T1047"", ""name"": ""Windows Management Instrumentation"", ""tactic"": ""Execution""}]","• CONFIRMED ATTACK detected from 10.200.1.128
• Detected ipv4: 192.168.1.81
• 3 indicator(s) found (ipv4, username)
• HIGH RISK (100/100) — immediate action recommended
• MITRE ATT&CK: {'id': 'T1021', 'name': 'Remote Services', 'tactic': 'Lateral Movement'}, {'id': 'T1021.002', 'name': 'SMB/Windows Admin Shares', 'tactic': 'Lateral Movement'}, {'id': 'T1570', 'name': 'Lateral Tool Transfer', 'tactic': 'Lateral Movement'}
• Affected user: web_admin_127",2026-04-09 10:25:58.297683+00,2026-04-09 10:27:27.353246+00,89.055563
f3b40266-76ae-4107-a5bb-d5f50d8d59f7,password_change,completed,A,benign,0,,2,[],"• Routine activity — no threat detected
• 2 indicator(s) found (ipv4, username)
• LOW RISK (0/100) — no action needed
• Affected user: root_128",2026-04-09 10:25:58.813001+00,2026-04-09 10:27:32.521473+00,93.708472
cb8df98b-3a85-4a00-a058-519c47f14a8e,data_exfiltration,completed,A,true_positive,100,,8,"[{""id"": ""T1041"", ""name"": ""Exfiltration Over C2 Channel"", ""tactic"": ""Exfiltration""}, {""id"": ""T1567"", ""name"": ""Exfiltration Over Web Service"", ""tactic"": ""Exfiltration""}, {""id"": ""T1048"", ""name"": ""Exfiltration Over Alternative Protocol"", ""tactic"": ""Exfiltration""}]","• CONFIRMED ATTACK detected from 10.200.1.130
• Large data transfer: 5.2 GB
• 3 indicator(s) found (ipv4, username)
• HIGH RISK (100/100) — immediate action recommended
• MITRE ATT&CK: {'id': 'T1041', 'name': 'Exfiltration Over C2 Channel', 'tactic': 'Exfiltration'}, {'id': 'T1567', 'name': 'Exfiltration Over Web Service', 'tactic': 'Exfiltration'}, {'id': 'T1048', 'name': 'Exfiltration Over Alternative Protocol', 'tactic': 'Exfiltration'}
• Affected user: exfil_user_129",2026-04-09 10:25:59.326777+00,2026-04-09 10:29:07.400825+00,188.074048
b6a7cf8a-a901-494e-bdce-20647a1bf0da,password_change,completed,A,benign,0,,2,[],"• Routine activity — no threat detected
• 2 indicator(s) found (ipv4, username)
• LOW RISK (0/100) — no action needed
• Affected user: attacker_user_130",2026-04-09 10:25:59.844285+00,2026-04-09 10:28:01.51559+00,121.671305
c90451e9-9c70-4ea0-9f14-b74f30424e38,windows_update,completed,A,benign,0,,2,[],"• Routine activity — no threat detected
• 2 indicator(s) found (ipv4, username)
• LOW RISK (0/100) — no action needed
• Affected user: attacker_user_131",2026-04-09 10:26:00.358484+00,2026-04-09 10:27:58.101446+00,117.742962
bfb45b96-8830-4426-b7c1-d96c9c619cb4,phishing,completed,A,true_positive,70,,10,"[{""id"": ""T1566"", ""name"": ""Phishing"", ""tactic"": ""Initial Access""}, {""id"": ""T1566.001"", ""name"": ""Spearphishing Attachment"", ""tactic"": ""Initial Access""}, {""id"": ""T1566.002"", ""name"": ""Spearphishing Link"", ""tactic"": ""Initial Access""}, {""id"": ""T1204.001"", ""name"": ""Malicious Link"", ""tactic"": ""Execution""}]","• CONFIRMED ATTACK detected from 10.200.1.133
• Credential harvesting indicators detected
• 4 indicator(s) found (domain, email, ipv4, username)
• HIGH RISK (70/100) — immediate action recommended
• MITRE ATT&CK: {'id': 'T1566', 'name': 'Phishing', 'tactic': 'Initial Access'}, {'id': 'T1566.001', 'name': 'Spearphishing Attachment', 'tactic': 'Initial Access'}, {'id': 'T1566.002', 'name': 'Spearphishing Link', 'tactic': 'Initial Access'}
• Affected user: sql_svc_132",2026-04-09 10:26:00.876109+00,2026-04-09 10:27:55.999523+00,115.123414
feffe5d8-95f3-4679-a10e-71e221fcc229,password_change,completed,A,benign,0,,2,[],"• Routine activity — no threat detected
• 2 indicator(s) found (ipv4, username)
• LOW RISK (0/100) — no action needed
• Affected user: asmith_133",2026-04-09 10:26:01.38731+00,2026-04-09 10:28:02.975093+00,121.587783
94af65a4-dc0d-4e08-be48-5c3750b686f7,golden_ticket,completed,A,true_positive,100,,7,"[{""id"": ""T1558.001"", ""name"": ""Golden Ticket"", ""tactic"": ""Credential Access""}]","• CONFIRMED ATTACK detected from 10.200.1.135
• Forged Kerberos ticket detected
• 2 indicator(s) found (ipv4, username)
• HIGH RISK (100/100) — immediate action recommended
• MITRE ATT&CK: {'id': 'T1558.001', 'name': 'Golden Ticket', 'tactic': 'Credential Access'}
• Affected user: jdoe_134",2026-04-09 10:26:01.902466+00,2026-04-09 10:28:41.330889+00,159.428423
6ca6e1f2-4195-4e6f-bfa0-1c629a9313b1,phishing,completed,A,true_positive,70,,10,"[{""id"": ""T1566"", ""name"": ""Phishing"", ""tactic"": ""Initial Access""}, {""id"": ""T1566.001"", ""name"": ""Spearphishing Attachment"", ""tactic"": ""Initial Access""}, {""id"": ""T1566.002"", ""name"": ""Spearphishing Link"", ""tactic"": ""Initial Access""}, {""id"": ""T1204.001"", ""name"": ""Malicious Link"", ""tactic"": ""Execution""}]","• CONFIRMED ATTACK detected from 10.200.1.136
• Credential harvesting indicators detected
• 4 indicator(s) found (domain, email, ipv4, username)
• HIGH RISK (70/100) — immediate action recommended
• MITRE ATT&CK: {'id': 'T1566', 'name': 'Phishing', 'tactic': 'Initial Access'}, {'id': 'T1566.001', 'name': 'Spearphishing Attachment', 'tactic': 'Initial Access'}, {'id': 'T1566.002', 'name': 'Spearphishing Link', 'tactic': 'Initial Access'}
• Affected user: Administrator_135",2026-04-09 10:26:02.41936+00,2026-04-09 10:28:34.082803+00,151.663443
2bd547ce-3855-4a38-ab82-56a4489b35bb,ransomware,completed,A,true_positive,100,,8,"[{""id"": ""T1486"", ""name"": ""Data Encrypted for Impact"", ""tactic"": ""Impact""}, {""id"": ""T1490"", ""name"": ""Inhibit System Recovery"", ""tactic"": ""Impact""}, {""id"": ""T1059"", ""name"": ""Command and Scripting Interpreter"", ""tactic"": ""Execution""}, {""id"": ""T1547"", ""name"": ""Boot or Logon Autostart Execution"", ""tactic"": ""Persistence""}]","• CONFIRMED ATTACK detected from 10.200.1.137
• Shadow copy deletion detected (vssadmin delete shadows)
• 2 indicator(s) found (ipv4, username)
• HIGH RISK (100/100) — immediate action recommended
• MITRE ATT&CK: {'id': 'T1486', 'name': 'Data Encrypted for Impact', 'tactic': 'Impact'}, {'id': 'T1490', 'name': 'Inhibit System Recovery', 'tactic': 'Impact'}, {'id': 'T1059', 'name': 'Command and Scripting Interpreter', 'tactic': 'Execution'}
• Affected user: jdoe_136",2026-04-09 10:26:02.958642+00,2026-04-09 10:28:03.576881+00,120.618239
8c61b37c-c096-46be-b4ee-0e202a379a94,scheduled_backup,completed,A,benign,0,,2,[],"• Routine activity — no threat detected
• 2 indicator(s) found (ipv4, username)
• LOW RISK (0/100) — no action needed
• Affected user: jdoe_137",2026-04-09 10:26:03.555276+00,2026-04-09 10:27:39.497279+00,95.942003
d18a1a69-619b-494d-b4be-fb37aaf78f87,lateral_movement,completed,A,true_positive,100,,8,"[{""id"": ""T1021"", ""name"": ""Remote Services"", ""tactic"": ""Lateral Movement""}, {""id"": ""T1021.002"", ""name"": ""SMB/Windows Admin Shares"", ""tactic"": ""Lateral Movement""}, {""id"": ""T1570"", ""name"": ""Lateral Tool Transfer"", ""tactic"": ""Lateral Movement""}, {""id"": ""T1047"", ""name"": ""Windows Management Instrumentation"", ""tactic"": ""Execution""}]","• CONFIRMED ATTACK detected from 10.200.1.139
• Detected ipv4: 10.0.20.183
• 3 indicator(s) found (ipv4, username)
• HIGH RISK (100/100) — immediate action recommended
• MITRE ATT&CK: {'id': 'T1021', 'name': 'Remote Services', 'tactic': 'Lateral Movement'}, {'id': 'T1021.002', 'name': 'SMB/Windows Admin Shares', 'tactic': 'Lateral Movement'}, {'id': 'T1570', 'name': 'Lateral Tool Transfer', 'tactic': 'Lateral Movement'}
• Affected user: root_138",2026-04-09 10:26:04.090658+00,2026-04-09 10:28:03.2405+00,119.149842
154a9a60-6607-47c1-9f22-d14a078df645,lateral_movement,completed,A,true_positive,100,,8,"[{""id"": ""T1021"", ""name"": ""Remote Services"", ""tactic"": ""Lateral Movement""}, {""id"": ""T1021.002"", ""name"": ""SMB/Windows Admin Shares"", ""tactic"": ""Lateral Movement""}, {""id"": ""T1570"", ""name"": ""Lateral Tool Transfer"", ""tactic"": ""Lateral Movement""}, {""id"": ""T1047"", ""name"": ""Windows Management Instrumentation"", ""tactic"": ""Execution""}]","• CONFIRMED ATTACK detected from 10.200.1.140
• Detected ipv4: 10.0.60.135
• 3 indicator(s) found (ipv4, username)
• HIGH RISK (100/100) — immediate action recommended
• MITRE ATT&CK: {'id': 'T1021', 'name': 'Remote Services', 'tactic': 'Lateral Movement'}, {'id': 'T1021.002', 'name': 'SMB/Windows Admin Shares', 'tactic': 'Lateral Movement'}, {'id': 'T1570', 'name': 'Lateral Tool Transfer', 'tactic': 'Lateral Movement'}
• Affected user: asmith_139",2026-04-09 10:26:04.644737+00,2026-04-09 10:28:02.594888+00,117.950151
d5cb4db2-7b54-474f-94b6-54af0e119a27,scheduled_backup,completed,A,benign,0,,2,[],"• Routine activity — no threat detected
• 2 indicator(s) found (ipv4, username)
• LOW RISK (0/100) — no action needed
• Affected user: admin_140",2026-04-09 10:26:05.193574+00,2026-04-09 10:27:30.009472+00,84.815898
ee574f47-375e-43ba-be62-b07bba56ed6a,kerberoasting,completed,A,true_positive,100,,7,"[{""id"": ""T1558.003"", ""name"": ""Kerberoasting"", ""tactic"": ""Credential Access""}]","• CONFIRMED ATTACK detected from 10.200.1.142
• SPN enumeration detected — Kerberoasting recon
• 3 indicator(s) found (ipv4, service_name, username)
• HIGH RISK (100/100) — immediate action recommended
• MITRE ATT&CK: {'id': 'T1558.003', 'name': 'Kerberoasting', 'tactic': 'Credential Access'}
• Affected user: asmith_141",2026-04-09 10:26:05.84321+00,2026-04-09 10:28:03.043386+00,117.200176
da6c5a06-fa85-43ef-943d-e74c2d7d507a,c2_communication,completed,A,true_positive,100,,8,"[{""id"": ""T1071"", ""name"": ""Application Layer Protocol"", ""tactic"": ""Command and Control""}, {""id"": ""T1573"", ""name"": ""Encrypted Channel"", ""tactic"": ""Command and Control""}, {""id"": ""T1105"", ""name"": ""Ingress Tool Transfer"", ""tactic"": ""Command and Control""}, {""id"": ""T1571"", ""name"": ""Non-Standard Port"", ""tactic"": ""Command and Control""}]","• CONFIRMED ATTACK detected from 10.200.1.143
• Regular beacon interval detected: 30.0s (stddev=0.5)
• 3 indicator(s) found (ipv4, username)
• HIGH RISK (100/100) — immediate action recommended
• MITRE ATT&CK: {'id': 'T1071', 'name': 'Application Layer Protocol', 'tactic': 'Command and Control'}, {'id': 'T1573', 'name': 'Encrypted Channel', 'tactic': 'Command and Control'}, {'id': 'T1105', 'name': 'Ingress Tool Transfer', 'tactic': 'Command and Control'}
• Affected user: data_thief_142",2026-04-09 10:26:06.472184+00,2026-04-09 10:28:43.1114+00,156.639216
7c215b43-ac51-41d7-8020-f58c30a8d0a5,password_change,completed,A,benign,0,,2,[],"• Routine activity — no threat detected
• 2 indicator(s) found (ipv4, username)
• LOW RISK (0/100) — no action needed
• Affected user: golden_attacker_143",2026-04-09 10:26:07.077821+00,2026-04-09 10:29:35.26795+00,208.190129
869c7a78-7004-44e6-a595-58db30910d22,health_check,completed,A,benign,0,,2,[],"• Routine activity — no threat detected
• 2 indicator(s) found (ipv4, username)
• LOW RISK (0/100) — no action needed
• Affected user: Administrator_144",2026-04-09 10:26:07.729824+00,2026-04-09 10:28:10.308318+00,122.578494
c29f6879-41cd-4f9f-b616-b7480c439e05,scheduled_backup,completed,A,benign,0,,2,[],"• Routine activity — no threat detected
• 2 indicator(s) found (ipv4, username)
• LOW RISK (0/100) — no action needed
• Affected user: exfil_user_145",2026-04-09 10:26:08.298971+00,2026-04-09 10:29:34.284888+00,205.985917
d3557f8b-95ab-45a4-86fc-f0e9264878b0,scheduled_backup,completed,A,benign,0,,2,[],"• Routine activity — no threat detected
• 2 indicator(s) found (ipv4, username)
• LOW RISK (0/100) — no action needed
• Affected user: Administrator_146",2026-04-09 10:26:08.887427+00,2026-04-09 10:29:35.336782+00,206.449355
70041b72-d3b6-4a26-8e1f-7199a84f4184,kerberoasting,completed,A,true_positive,100,,7,"[{""id"": ""T1558.003"", ""name"": ""Kerberoasting"", ""tactic"": ""Credential Access""}]","• CONFIRMED ATTACK detected from 10.200.1.148
• SPN enumeration detected — Kerberoasting recon
• 3 indicator(s) found (ipv4, service_name, username)
• HIGH RISK (100/100) — immediate action recommended
• MITRE ATT&CK: {'id': 'T1558.003', 'name': 'Kerberoasting', 'tactic': 'Credential Access'}
• Affected user: user2_147",2026-04-09 10:26:09.406888+00,2026-04-09 10:28:41.163582+00,151.756694
9cb01a0d-2a5f-492e-9092-b486d87a67e9,user_login,completed,A,benign,0,,2,[],"• Routine activity — no threat detected
• 2 indicator(s) found (ipv4, username)
• LOW RISK (0/100) — no action needed
• Affected user: jdoe_148",2026-04-09 10:26:09.929381+00,2026-04-09 10:30:12.623864+00,242.694483
f8c0518d-e586-45c4-b3e8-cc601ddb9d2d,password_change,completed,A,benign,0,,2,[],"• Routine activity — no threat detected
• 2 indicator(s) found (ipv4, username)
• LOW RISK (0/100) — no action needed
• Affected user: user2_149",2026-04-09 10:26:10.444977+00,2026-04-09 10:28:32.801474+00,142.356497
f42828e1-7699-4126-b7df-df8a0409e0fc,lolbin_abuse,completed,A,benign,15,,8,"[{""id"": ""T1218"", ""name"": ""System Binary Proxy Execution"", ""tactic"": ""Defense Evasion""}, {""id"": ""T1218.005"", ""name"": ""Mshta"", ""tactic"": ""Defense Evasion""}, {""id"": ""T1218.011"", ""name"": ""Rundll32"", ""tactic"": ""Defense Evasion""}]","• Routine activity — no threat detected
• URL targets suspicious executable: http://bad.host/stage2.ps1
• 3 indicator(s) found (ipv4, url, username)
• LOW RISK (15/100) — no action needed
• MITRE ATT&CK: {'id': 'T1218', 'name': 'System Binary Proxy Execution', 'tactic': 'Defense Evasion'}, {'id': 'T1218.005', 'name': 'Mshta', 'tactic': 'Defense Evasion'}, {'id': 'T1218.011', 'name': 'Rundll32', 'tactic': 'Defense Evasion'}
• Affected user: attacker_user_150",2026-04-09 10:26:10.96527+00,2026-04-09 10:29:07.242069+00,176.276799
6e35dafb-be23-43c5-b361-bc713d8014e9,kerberoasting,completed,A,true_positive,100,,7,"[{""id"": ""T1558.003"", ""name"": ""Kerberoasting"", ""tactic"": ""Credential Access""}]","• CONFIRMED ATTACK detected from 10.200.1.152
• SPN enumeration detected — Kerberoasting recon
• 3 indicator(s) found (ipv4, service_name, username)
• HIGH RISK (100/100) — immediate action recommended
• MITRE ATT&CK: {'id': 'T1558.003', 'name': 'Kerberoasting', 'tactic': 'Credential Access'}
• Affected user: backup_svc_151",2026-04-09 10:26:11.476661+00,2026-04-09 10:30:35.916696+00,264.440035
b3db931d-b4a4-4b3e-88b8-eb0d12b00218,kerberoasting,completed,A,true_positive,100,,7,"[{""id"": ""T1558.003"", ""name"": ""Kerberoasting"", ""tactic"": ""Credential Access""}]","• CONFIRMED ATTACK detected from 10.200.1.153
• SPN enumeration detected — Kerberoasting recon
• 3 indicator(s) found (ipv4, service_name, username)
• HIGH RISK (100/100) — immediate action recommended
• MITRE ATT&CK: {'id': 'T1558.003', 'name': 'Kerberoasting', 'tactic': 'Credential Access'}
• Affected user: admin_152",2026-04-09 10:26:12.006659+00,2026-04-09 10:29:35.214661+00,203.208002
7bae99b6-ae74-4b8c-9366-3701df7435f5,ransomware,completed,A,true_positive,100,,8,"[{""id"": ""T1486"", ""name"": ""Data Encrypted for Impact"", ""tactic"": ""Impact""}, {""id"": ""T1490"", ""name"": ""Inhibit System Recovery"", ""tactic"": ""Impact""}, {""id"": ""T1059"", ""name"": ""Command and Scripting Interpreter"", ""tactic"": ""Execution""}, {""id"": ""T1547"", ""name"": ""Boot or Logon Autostart Execution"", ""tactic"": ""Persistence""}]","• CONFIRMED ATTACK detected from 10.200.1.154
• Shadow copy deletion detected (vssadmin delete shadows)
• 2 indicator(s) found (ipv4, username)
• HIGH RISK (100/100) — immediate action recommended
• MITRE ATT&CK: {'id': 'T1486', 'name': 'Data Encrypted for Impact', 'tactic': 'Impact'}, {'id': 'T1490', 'name': 'Inhibit System Recovery', 'tactic': 'Impact'}, {'id': 'T1059', 'name': 'Command and Scripting Interpreter', 'tactic': 'Execution'}
• Affected user: backup_svc_153",2026-04-09 10:26:12.532765+00,2026-04-09 10:30:03.147713+00,230.614948
66c54d07-6103-40f3-a4b0-aa7760db0b8d,lolbin_abuse,completed,A,true_positive,100,,8,"[{""id"": ""T1218"", ""name"": ""System Binary Proxy Execution"", ""tactic"": ""Defense Evasion""}, {""id"": ""T1218.005"", ""name"": ""Mshta"", ""tactic"": ""Defense Evasion""}, {""id"": ""T1218.011"", ""name"": ""Rundll32"", ""tactic"": ""Defense Evasion""}]","• CONFIRMED ATTACK detected from 10.200.1.155
• LOLBin abuse: certutil download via -urlcache
• 3 indicator(s) found (ipv4, url, username)
• HIGH RISK (100/100) — immediate action recommended
• MITRE ATT&CK: {'id': 'T1218', 'name': 'System Binary Proxy Execution', 'tactic': 'Defense Evasion'}, {'id': 'T1218.005', 'name': 'Mshta', 'tactic': 'Defense Evasion'}, {'id': 'T1218.011', 'name': 'Rundll32', 'tactic': 'Defense Evasion'}
• Affected user: asmith_154",2026-04-09 10:26:13.048295+00,2026-04-09 10:30:00.463878+00,227.415583
be1bcde0-93e6-433d-a72c-070627a32247,user_login,completed,A,benign,0,,2,[],"• Routine activity — no threat detected
• 2 indicator(s) found (ipv4, username)
• LOW RISK (0/100) — no action needed
• Affected user: svc_backup_155",2026-04-09 10:26:13.563893+00,2026-04-09 10:28:34.023367+00,140.459474
a93a25fb-16e8-40ad-85fc-7c2f7f5bf96b,ransomware,completed,A,true_positive,100,,8,"[{""id"": ""T1486"", ""name"": ""Data Encrypted for Impact"", ""tactic"": ""Impact""}, {""id"": ""T1490"", ""name"": ""Inhibit System Recovery"", ""tactic"": ""Impact""}, {""id"": ""T1059"", ""name"": ""Command and Scripting Interpreter"", ""tactic"": ""Execution""}, {""id"": ""T1547"", ""name"": ""Boot or Logon Autostart Execution"", ""tactic"": ""Persistence""}]","• CONFIRMED ATTACK detected from 10.200.1.157
• Shadow copy deletion detected (vssadmin delete shadows)
• 2 indicator(s) found (ipv4, username)
• HIGH RISK (100/100) — immediate action recommended
• MITRE ATT&CK: {'id': 'T1486', 'name': 'Data Encrypted for Impact', 'tactic': 'Impact'}, {'id': 'T1490', 'name': 'Inhibit System Recovery', 'tactic': 'Impact'}, {'id': 'T1059', 'name': 'Command and Scripting Interpreter', 'tactic': 'Execution'}
• Affected user: krbtgt_156",2026-04-09 10:26:14.083962+00,2026-04-09 10:32:02.061656+00,347.977694
90bdccab-5a39-4e2a-ad7e-3dbb624221fc,user_login,completed,A,benign,0,,2,[],"• Routine activity — no threat detected
• 2 indicator(s) found (ipv4, username)
• LOW RISK (0/100) — no action needed
• Affected user: sql_svc_157",2026-04-09 10:26:14.600391+00,2026-04-09 10:28:29.076837+00,134.476446
2a53c4cc-ed71-4baf-9a27-a695e00c1834,health_check,completed,A,benign,0,,2,[],"• Routine activity — no threat detected
• 2 indicator(s) found (ipv4, username)
• LOW RISK (0/100) — no action needed
• Affected user: svc_backup_158",2026-04-09 10:26:15.114352+00,2026-04-09 10:29:42.347082+00,207.232730
3acd787a-7794-46c2-94ef-c76f9cd36d25,phishing,completed,A,true_positive,85,,10,"[{""id"": ""T1566"", ""name"": ""Phishing"", ""tactic"": ""Initial Access""}, {""id"": ""T1566.001"", ""name"": ""Spearphishing Attachment"", ""tactic"": ""Initial Access""}, {""id"": ""T1566.002"", ""name"": ""Spearphishing Link"", ""tactic"": ""Initial Access""}, {""id"": ""T1204.001"", ""name"": ""Malicious Link"", ""tactic"": ""Execution""}]","• CONFIRMED ATTACK detected from 10.200.1.160
• Urgency/social engineering language detected
• 5 indicator(s) found (domain, email, ipv4, url, username)
• HIGH RISK (85/100) — immediate action recommended
• MITRE ATT&CK: {'id': 'T1566', 'name': 'Phishing', 'tactic': 'Initial Access'}, {'id': 'T1566.001', 'name': 'Spearphishing Attachment', 'tactic': 'Initial Access'}, {'id': 'T1566.002', 'name': 'Spearphishing Link', 'tactic': 'Initial Access'}
• Affected user: root_159",2026-04-09 10:26:15.628866+00,2026-04-09 10:30:37.251181+00,261.622315
c74a732b-cd90-438c-8fa1-232b0ce70cf2,golden_ticket,completed,A,true_positive,100,,7,"[{""id"": ""T1558.001"", ""name"": ""Golden Ticket"", ""tactic"": ""Credential Access""}]","• CONFIRMED ATTACK detected from 10.200.1.161
• Forged Kerberos ticket detected
• 2 indicator(s) found (ipv4, username)
• HIGH RISK (100/100) — immediate action recommended
• MITRE ATT&CK: {'id': 'T1558.001', 'name': 'Golden Ticket', 'tactic': 'Credential Access'}
• Affected user: jdoe_160",2026-04-09 10:26:16.142154+00,2026-04-09 10:29:07.030184+00,170.888030
6c792df5-0ca3-4912-a06c-fcaa52c90c02,kerberoasting,completed,A,true_positive,100,,7,"[{""id"": ""T1558.003"", ""name"": ""Kerberoasting"", ""tactic"": ""Credential Access""}]","• CONFIRMED ATTACK detected from 10.200.1.162
• SPN enumeration detected — Kerberoasting recon
• 3 indicator(s) found (ipv4, service_name, username)
• HIGH RISK (100/100) — immediate action recommended
• MITRE ATT&CK: {'id': 'T1558.003', 'name': 'Kerberoasting', 'tactic': 'Credential Access'}
• Affected user: Administrator_161",2026-04-09 10:26:16.656714+00,2026-04-09 10:30:00.526696+00,223.869982
76f5d898-ff19-46a8-b2f1-5d282558cd56,user_login,completed,A,benign,0,,2,[],"• Routine activity — no threat detected
• 2 indicator(s) found (ipv4, username)
• LOW RISK (0/100) — no action needed
• Affected user: sql_svc_162",2026-04-09 10:26:17.179377+00,2026-04-09 10:30:34.063499+00,256.884122
3c2d4bb6-c044-4c2d-877b-9eceada2047f,brute_force,completed,A,true_positive,95,,7,"[{""id"": ""T1110"", ""name"": ""Brute Force"", ""tactic"": ""Credential Access""}, {""id"": ""T1110.001"", ""name"": ""Password Guessing"", ""tactic"": ""Credential Access""}, {""id"": ""T1110.003"", ""name"": ""Password Spraying"", ""tactic"": ""Credential Access""}]","• CONFIRMED ATTACK detected from 10.200.1.164
• Attack Signal: Command injection
• 2 indicator(s) found (ipv4, username)
• HIGH RISK (95/100) — immediate action recommended
• MITRE ATT&CK: {'id': 'T1110', 'name': 'Brute Force', 'tactic': 'Credential Access'}, {'id': 'T1110.001', 'name': 'Password Guessing', 'tactic': 'Credential Access'}, {'id': 'T1110.003', 'name': 'Password Spraying', 'tactic': 'Credential Access'}
• Affected user: attacker_user_163",2026-04-09 10:26:17.696084+00,2026-04-09 10:29:26.27638+00,188.580296
8a0e4292-b524-477f-b1b5-613a7b6997f7,lolbin_abuse,completed,A,true_positive,100,,8,"[{""id"": ""T1218"", ""name"": ""System Binary Proxy Execution"", ""tactic"": ""Defense Evasion""}, {""id"": ""T1218.005"", ""name"": ""Mshta"", ""tactic"": ""Defense Evasion""}, {""id"": ""T1218.011"", ""name"": ""Rundll32"", ""tactic"": ""Defense Evasion""}]","• CONFIRMED ATTACK detected from 10.200.1.165
• LOLBin abuse: certutil download via -urlcache
• 3 indicator(s) found (ipv4, url, username)
• HIGH RISK (100/100) — immediate action recommended
• MITRE ATT&CK: {'id': 'T1218', 'name': 'System Binary Proxy Execution', 'tactic': 'Defense Evasion'}, {'id': 'T1218.005', 'name': 'Mshta', 'tactic': 'Defense Evasion'}, {'id': 'T1218.011', 'name': 'Rundll32', 'tactic': 'Defense Evasion'}
• Affected user: compromised_164",2026-04-09 10:26:18.210995+00,2026-04-09 10:29:35.250072+00,197.039077
23377d49-15c1-4fe9-940f-539494d32070,phishing,completed,A,true_positive,85,,10,"[{""id"": ""T1566"", ""name"": ""Phishing"", ""tactic"": ""Initial Access""}, {""id"": ""T1566.001"", ""name"": ""Spearphishing Attachment"", ""tactic"": ""Initial Access""}, {""id"": ""T1566.002"", ""name"": ""Spearphishing Link"", ""tactic"": ""Initial Access""}, {""id"": ""T1204.001"", ""name"": ""Malicious Link"", ""tactic"": ""Execution""}]","• CONFIRMED ATTACK detected from 10.200.1.166
• Urgency/social engineering language detected
• 5 indicator(s) found (domain, email, ipv4, url, username)
• HIGH RISK (85/100) — immediate action recommended
• MITRE ATT&CK: {'id': 'T1566', 'name': 'Phishing', 'tactic': 'Initial Access'}, {'id': 'T1566.001', 'name': 'Spearphishing Attachment', 'tactic': 'Initial Access'}, {'id': 'T1566.002', 'name': 'Spearphishing Link', 'tactic': 'Initial Access'}
• Affected user: krbtgt_165",2026-04-09 10:26:18.723488+00,2026-04-09 10:29:39.217553+00,200.494065
2715f6e1-a9b2-4667-a0cf-8c1392ec814d,kerberoasting,completed,A,true_positive,100,,7,"[{""id"": ""T1558.003"", ""name"": ""Kerberoasting"", ""tactic"": ""Credential Access""}]","• CONFIRMED ATTACK detected from 10.200.1.167
• SPN enumeration detected — Kerberoasting recon
• 3 indicator(s) found (ipv4, service_name, username)
• HIGH RISK (100/100) — immediate action recommended
• MITRE ATT&CK: {'id': 'T1558.003', 'name': 'Kerberoasting', 'tactic': 'Credential Access'}
• Affected user: svc_backup_166",2026-04-09 10:26:19.237385+00,2026-04-09 10:31:47.079693+00,327.842308
2ced3249-4d70-40e8-b0c1-1bfca7c06800,brute_force,completed,A,true_positive,95,,7,"[{""id"": ""T1110"", ""name"": ""Brute Force"", ""tactic"": ""Credential Access""}, {""id"": ""T1110.001"", ""name"": ""Password Guessing"", ""tactic"": ""Credential Access""}, {""id"": ""T1110.003"", ""name"": ""Password Spraying"", ""tactic"": ""Credential Access""}]","• CONFIRMED ATTACK detected from 10.200.1.168
• Attack Signal: Command injection
• 2 indicator(s) found (ipv4, username)
• HIGH RISK (95/100) — immediate action recommended
• MITRE ATT&CK: {'id': 'T1110', 'name': 'Brute Force', 'tactic': 'Credential Access'}, {'id': 'T1110.001', 'name': 'Password Guessing', 'tactic': 'Credential Access'}, {'id': 'T1110.003', 'name': 'Password Spraying', 'tactic': 'Credential Access'}
• Affected user: exfil_user_167",2026-04-09 10:26:19.751033+00,2026-04-09 10:28:40.142294+00,140.391261
639fa830-3fa7-4876-ad4c-23d620a2945e,lolbin_abuse,completed,A,true_positive,100,,8,"[{""id"": ""T1218"", ""name"": ""System Binary Proxy Execution"", ""tactic"": ""Defense Evasion""}, {""id"": ""T1218.005"", ""name"": ""Mshta"", ""tactic"": ""Defense Evasion""}, {""id"": ""T1218.011"", ""name"": ""Rundll32"", ""tactic"": ""Defense Evasion""}]","• CONFIRMED ATTACK detected from 10.200.1.169
• LOLBin abuse: certutil download via -urlcache
• 3 indicator(s) found (ipv4, url, username)
• HIGH RISK (100/100) — immediate action recommended
• MITRE ATT&CK: {'id': 'T1218', 'name': 'System Binary Proxy Execution', 'tactic': 'Defense Evasion'}, {'id': 'T1218.005', 'name': 'Mshta', 'tactic': 'Defense Evasion'}, {'id': 'T1218.011', 'name': 'Rundll32', 'tactic': 'Defense Evasion'}
• Affected user: attacker_user_168",2026-04-09 10:26:20.265291+00,2026-04-09 10:30:02.762815+00,222.497524
370d3484-ff62-434a-8a72-aae630f59141,lolbin_abuse,completed,A,true_positive,100,,8,"[{""id"": ""T1218"", ""name"": ""System Binary Proxy Execution"", ""tactic"": ""Defense Evasion""}, {""id"": ""T1218.005"", ""name"": ""Mshta"", ""tactic"": ""Defense Evasion""}, {""id"": ""T1218.011"", ""name"": ""Rundll32"", ""tactic"": ""Defense Evasion""}]","• CONFIRMED ATTACK detected from 10.200.1.170
• LOLBin abuse: certutil download via -urlcache
• 3 indicator(s) found (ipv4, url, username)
• HIGH RISK (100/100) — immediate action recommended
• MITRE ATT&CK: {'id': 'T1218', 'name': 'System Binary Proxy Execution', 'tactic': 'Defense Evasion'}, {'id': 'T1218.005', 'name': 'Mshta', 'tactic': 'Defense Evasion'}, {'id': 'T1218.011', 'name': 'Rundll32', 'tactic': 'Defense Evasion'}
• Affected user: krbtgt_169",2026-04-09 10:26:20.777005+00,2026-04-09 10:31:07.047852+00,286.270847
365991b9-09fd-4e54-8eea-64282727fcaa,scheduled_backup,completed,A,benign,0,,2,[],"• Routine activity — no threat detected
• 2 indicator(s) found (ipv4, username)
• LOW RISK (0/100) — no action needed
• Affected user: user2_170",2026-04-09 10:26:21.289976+00,2026-04-09 10:30:13.909019+00,232.619043
2ab5e499-13e0-404c-92c8-08e1afbc7e79,scheduled_backup,completed,A,benign,0,,2,[],"• Routine activity — no threat detected
• 2 indicator(s) found (ipv4, username)
• LOW RISK (0/100) — no action needed
• Affected user: admin_171",2026-04-09 10:26:21.802407+00,2026-04-09 10:29:58.5566+00,216.754193
1862570c-eb28-434e-b6fc-e7bc7382ce7d,lolbin_abuse,completed,A,true_positive,100,,8,"[{""id"": ""T1218"", ""name"": ""System Binary Proxy Execution"", ""tactic"": ""Defense Evasion""}, {""id"": ""T1218.005"", ""name"": ""Mshta"", ""tactic"": ""Defense Evasion""}, {""id"": ""T1218.011"", ""name"": ""Rundll32"", ""tactic"": ""Defense Evasion""}]","• CONFIRMED ATTACK detected from 10.200.1.173
• LOLBin abuse: certutil download via -urlcache
• 3 indicator(s) found (ipv4, url, username)
• HIGH RISK (100/100) — immediate action recommended
• MITRE ATT&CK: {'id': 'T1218', 'name': 'System Binary Proxy Execution', 'tactic': 'Defense Evasion'}, {'id': 'T1218.005', 'name': 'Mshta', 'tactic': 'Defense Evasion'}, {'id': 'T1218.011', 'name': 'Rundll32', 'tactic': 'Defense Evasion'}
• Affected user: data_thief_172",2026-04-09 10:26:22.317943+00,2026-04-09 10:32:40.047109+00,377.729166
270e5a62-f55b-4a1a-9e30-508d698dcaca,data_exfiltration,completed,A,true_positive,100,,8,"[{""id"": ""T1041"", ""name"": ""Exfiltration Over C2 Channel"", ""tactic"": ""Exfiltration""}, {""id"": ""T1567"", ""name"": ""Exfiltration Over Web Service"", ""tactic"": ""Exfiltration""}, {""id"": ""T1048"", ""name"": ""Exfiltration Over Alternative Protocol"", ""tactic"": ""Exfiltration""}]","• CONFIRMED ATTACK detected from 10.200.1.174
• Large data transfer: 5.2 GB
• 3 indicator(s) found (ipv4, username)
• HIGH RISK (100/100) — immediate action recommended
• MITRE ATT&CK: {'id': 'T1041', 'name': 'Exfiltration Over C2 Channel', 'tactic': 'Exfiltration'}, {'id': 'T1567', 'name': 'Exfiltration Over Web Service', 'tactic': 'Exfiltration'}, {'id': 'T1048', 'name': 'Exfiltration Over Alternative Protocol', 'tactic': 'Exfiltration'}
• Affected user: exfil_user_173",2026-04-09 10:26:22.82963+00,2026-04-09 10:29:39.593827+00,196.764197
a0d569d2-f986-4b2d-ad22-7b028f726a6b,health_check,completed,A,benign,0,,2,[],"• Routine activity — no threat detected
• 2 indicator(s) found (ipv4, username)
• LOW RISK (0/100) — no action needed
• Affected user: golden_attacker_174",2026-04-09 10:26:23.346555+00,2026-04-09 10:30:12.713682+00,229.367127
d38c2e7e-0b37-4cf8-b649-50a1d88312af,lolbin_abuse,completed,A,true_positive,100,,8,"[{""id"": ""T1218"", ""name"": ""System Binary Proxy Execution"", ""tactic"": ""Defense Evasion""}, {""id"": ""T1218.005"", ""name"": ""Mshta"", ""tactic"": ""Defense Evasion""}, {""id"": ""T1218.011"", ""name"": ""Rundll32"", ""tactic"": ""Defense Evasion""}]","• CONFIRMED ATTACK detected from 10.200.1.176
• LOLBin abuse: certutil download via -urlcache
• 3 indicator(s) found (ipv4, url, username)
• HIGH RISK (100/100) — immediate action recommended
• MITRE ATT&CK: {'id': 'T1218', 'name': 'System Binary Proxy Execution', 'tactic': 'Defense Evasion'}, {'id': 'T1218.005', 'name': 'Mshta', 'tactic': 'Defense Evasion'}, {'id': 'T1218.011', 'name': 'Rundll32', 'tactic': 'Defense Evasion'}
• Affected user: SYSTEM_175",2026-04-09 10:26:23.856845+00,2026-04-09 10:29:59.152432+00,215.295587
3e112d02-0833-4c2b-857e-6c510ea06758,lolbin_abuse,completed,A,benign,15,,8,"[{""id"": ""T1218"", ""name"": ""System Binary Proxy Execution"", ""tactic"": ""Defense Evasion""}, {""id"": ""T1218.005"", ""name"": ""Mshta"", ""tactic"": ""Defense Evasion""}, {""id"": ""T1218.011"", ""name"": ""Rundll32"", ""tactic"": ""Defense Evasion""}]","• Routine activity — no threat detected
• URL targets suspicious executable: http://bad.host/stage2.ps1
• 3 indicator(s) found (ipv4, url, username)
• LOW RISK (15/100) — no action needed
• MITRE ATT&CK: {'id': 'T1218', 'name': 'System Binary Proxy Execution', 'tactic': 'Defense Evasion'}, {'id': 'T1218.005', 'name': 'Mshta', 'tactic': 'Defense Evasion'}, {'id': 'T1218.011', 'name': 'Rundll32', 'tactic': 'Defense Evasion'}
• Affected user: sql_svc_176",2026-04-09 10:26:24.374023+00,2026-04-09 10:29:08.591269+00,164.217246
7a11ce8f-7c19-4a73-94e8-a868c8834614,phishing,completed,A,true_positive,85,,10,"[{""id"": ""T1566"", ""name"": ""Phishing"", ""tactic"": ""Initial Access""}, {""id"": ""T1566.001"", ""name"": ""Spearphishing Attachment"", ""tactic"": ""Initial Access""}, {""id"": ""T1566.002"", ""name"": ""Spearphishing Link"", ""tactic"": ""Initial Access""}, {""id"": ""T1204.001"", ""name"": ""Malicious Link"", ""tactic"": ""Execution""}]","• CONFIRMED ATTACK detected from 10.200.1.178
• Urgency/social engineering language detected
• 5 indicator(s) found (domain, email, ipv4, url, username)
• HIGH RISK (85/100) — immediate action recommended
• MITRE ATT&CK: {'id': 'T1566', 'name': 'Phishing', 'tactic': 'Initial Access'}, {'id': 'T1566.001', 'name': 'Spearphishing Attachment', 'tactic': 'Initial Access'}, {'id': 'T1566.002', 'name': 'Spearphishing Link', 'tactic': 'Initial Access'}
• Affected user: attacker_user_177",2026-04-09 10:26:24.884842+00,2026-04-09 10:30:34.567471+00,249.682629
ba9a7f26-e1ce-4c58-afc7-d40c17c5c750,windows_update,completed,A,benign,0,,2,[],"• Routine activity — no threat detected
• 2 indicator(s) found (ipv4, username)
• LOW RISK (0/100) — no action needed
• Affected user: admin_178",2026-04-09 10:26:25.398771+00,2026-04-09 10:27:30.545028+00,65.146257
816eed26-594c-4e99-9a20-5bb036ca44bf,lateral_movement,completed,A,true_positive,100,,8,"[{""id"": ""T1021"", ""name"": ""Remote Services"", ""tactic"": ""Lateral Movement""}, {""id"": ""T1021.002"", ""name"": ""SMB/Windows Admin Shares"", ""tactic"": ""Lateral Movement""}, {""id"": ""T1570"", ""name"": ""Lateral Tool Transfer"", ""tactic"": ""Lateral Movement""}, {""id"": ""T1047"", ""name"": ""Windows Management Instrumentation"", ""tactic"": ""Execution""}]","• CONFIRMED ATTACK detected from 10.200.1.180
• Detected ipv4: 192.168.1.203
• 3 indicator(s) found (ipv4, username)
• HIGH RISK (100/100) — immediate action recommended
• MITRE ATT&CK: {'id': 'T1021', 'name': 'Remote Services', 'tactic': 'Lateral Movement'}, {'id': 'T1021.002', 'name': 'SMB/Windows Admin Shares', 'tactic': 'Lateral Movement'}, {'id': 'T1570', 'name': 'Lateral Tool Transfer', 'tactic': 'Lateral Movement'}
• Affected user: jsmith_179",2026-04-09 10:26:25.912192+00,2026-04-09 10:31:15.30372+00,289.391528
6ffae88d-8886-47ab-9aa7-0a35afbec016,golden_ticket,completed,A,true_positive,100,,7,"[{""id"": ""T1558.001"", ""name"": ""Golden Ticket"", ""tactic"": ""Credential Access""}]","• CONFIRMED ATTACK detected from 10.200.1.181
• Forged Kerberos ticket detected
• 2 indicator(s) found (ipv4, username)
• HIGH RISK (100/100) — immediate action recommended
• MITRE ATT&CK: {'id': 'T1558.001', 'name': 'Golden Ticket', 'tactic': 'Credential Access'}
• Affected user: root_180",2026-04-09 10:26:26.43674+00,2026-04-09 10:32:07.018183+00,340.581443
ffb6776d-39c2-46c5-92c7-7f2753e562d1,scheduled_backup,completed,A,benign,0,,2,[],"• Routine activity — no threat detected
• 2 indicator(s) found (ipv4, username)
• LOW RISK (0/100) — no action needed
• Affected user: krbtgt_181",2026-04-09 10:26:26.953555+00,2026-04-09 10:29:30.0565+00,183.102945
e022a76e-0703-4a9e-a3a9-440263c21cef,user_login,completed,A,benign,0,,2,[],"• Routine activity — no threat detected
• 2 indicator(s) found (ipv4, username)
• LOW RISK (0/100) — no action needed
• Affected user: attacker_user_182",2026-04-09 10:26:27.483754+00,2026-04-09 10:28:15.230495+00,107.746741
b7e061a9-8490-472a-8199-a480d2584f00,lateral_movement,completed,A,true_positive,100,,8,"[{""id"": ""T1021"", ""name"": ""Remote Services"", ""tactic"": ""Lateral Movement""}, {""id"": ""T1021.002"", ""name"": ""SMB/Windows Admin Shares"", ""tactic"": ""Lateral Movement""}, {""id"": ""T1570"", ""name"": ""Lateral Tool Transfer"", ""tactic"": ""Lateral Movement""}, {""id"": ""T1047"", ""name"": ""Windows Management Instrumentation"", ""tactic"": ""Execution""}]","• CONFIRMED ATTACK detected from 10.200.1.184
• Detected ipv4: 10.0.40.99
• 3 indicator(s) found (ipv4, username)
• HIGH RISK (100/100) — immediate action recommended
• MITRE ATT&CK: {'id': 'T1021', 'name': 'Remote Services', 'tactic': 'Lateral Movement'}, {'id': 'T1021.002', 'name': 'SMB/Windows Admin Shares', 'tactic': 'Lateral Movement'}, {'id': 'T1570', 'name': 'Lateral Tool Transfer', 'tactic': 'Lateral Movement'}
• Affected user: data_thief_183",2026-04-09 10:26:28.008317+00,2026-04-09 10:29:02.905668+00,154.897351
bd293a1f-e43f-4513-8aed-3442eeefbbb2,data_exfiltration,completed,A,true_positive,100,,8,"[{""id"": ""T1041"", ""name"": ""Exfiltration Over C2 Channel"", ""tactic"": ""Exfiltration""}, {""id"": ""T1567"", ""name"": ""Exfiltration Over Web Service"", ""tactic"": ""Exfiltration""}, {""id"": ""T1048"", ""name"": ""Exfiltration Over Alternative Protocol"", ""tactic"": ""Exfiltration""}]","• CONFIRMED ATTACK detected from 10.200.1.185
• Large data transfer: 5.2 GB
• 3 indicator(s) found (ipv4, username)
• HIGH RISK (100/100) — immediate action recommended
• MITRE ATT&CK: {'id': 'T1041', 'name': 'Exfiltration Over C2 Channel', 'tactic': 'Exfiltration'}, {'id': 'T1567', 'name': 'Exfiltration Over Web Service', 'tactic': 'Exfiltration'}, {'id': 'T1048', 'name': 'Exfiltration Over Alternative Protocol', 'tactic': 'Exfiltration'}
• Affected user: svc_backup_184",2026-04-09 10:26:28.533169+00,2026-04-09 10:28:46.091254+00,137.558085
88e9ea2a-11eb-427c-a1de-805f6700c084,golden_ticket,completed,A,true_positive,100,,7,"[{""id"": ""T1558.001"", ""name"": ""Golden Ticket"", ""tactic"": ""Credential Access""}]","• CONFIRMED ATTACK detected from 10.200.1.186
• Forged Kerberos ticket detected
• 2 indicator(s) found (ipv4, username)
• HIGH RISK (100/100) — immediate action recommended
• MITRE ATT&CK: {'id': 'T1558.001', 'name': 'Golden Ticket', 'tactic': 'Credential Access'}
• Affected user: data_thief_185",2026-04-09 10:26:29.051756+00,2026-04-09 10:30:05.969752+00,216.917996
33e49d24-eeed-408b-a633-adab3af8edf5,windows_update,completed,A,benign,0,,2,[],"• Routine activity — no threat detected
• 2 indicator(s) found (ipv4, username)
• LOW RISK (0/100) — no action needed
• Affected user: golden_attacker_186",2026-04-09 10:26:29.570006+00,2026-04-09 10:29:08.802946+00,159.232940
1588ae8f-824f-4108-88b9-a8720e07df18,ransomware,completed,A,true_positive,100,,8,"[{""id"": ""T1486"", ""name"": ""Data Encrypted for Impact"", ""tactic"": ""Impact""}, {""id"": ""T1490"", ""name"": ""Inhibit System Recovery"", ""tactic"": ""Impact""}, {""id"": ""T1059"", ""name"": ""Command and Scripting Interpreter"", ""tactic"": ""Execution""}, {""id"": ""T1547"", ""name"": ""Boot or Logon Autostart Execution"", ""tactic"": ""Persistence""}]","• CONFIRMED ATTACK detected from 10.200.1.188
• Shadow copy deletion detected (vssadmin delete shadows)
• 2 indicator(s) found (ipv4, username)
• HIGH RISK (100/100) — immediate action recommended
• MITRE ATT&CK: {'id': 'T1486', 'name': 'Data Encrypted for Impact', 'tactic': 'Impact'}, {'id': 'T1490', 'name': 'Inhibit System Recovery', 'tactic': 'Impact'}, {'id': 'T1059', 'name': 'Command and Scripting Interpreter', 'tactic': 'Execution'}
• Affected user: SYSTEM_187",2026-04-09 10:26:30.084745+00,2026-04-09 10:31:10.560931+00,280.476186
3f6e39e9-0461-44bc-8ad5-365e069b0f88,lolbin_abuse,completed,A,true_positive,100,,8,"[{""id"": ""T1218"", ""name"": ""System Binary Proxy Execution"", ""tactic"": ""Defense Evasion""}, {""id"": ""T1218.005"", ""name"": ""Mshta"", ""tactic"": ""Defense Evasion""}, {""id"": ""T1218.011"", ""name"": ""Rundll32"", ""tactic"": ""Defense Evasion""}]","• CONFIRMED ATTACK detected from 10.200.1.189
• LOLBin abuse: certutil download via -urlcache
• 3 indicator(s) found (ipv4, url, username)
• HIGH RISK (100/100) — immediate action recommended
• MITRE ATT&CK: {'id': 'T1218', 'name': 'System Binary Proxy Execution', 'tactic': 'Defense Evasion'}, {'id': 'T1218.005', 'name': 'Mshta', 'tactic': 'Defense Evasion'}, {'id': 'T1218.011', 'name': 'Rundll32', 'tactic': 'Defense Evasion'}
• Affected user: user2_188",2026-04-09 10:26:30.614575+00,2026-04-09 10:29:33.38742+00,182.772845
a13456be-06f7-4047-89be-f61bd4445237,health_check,completed,A,benign,0,,2,[],"• Routine activity — no threat detected
• 2 indicator(s) found (ipv4, username)
• LOW RISK (0/100) — no action needed
• Affected user: user2_189",2026-04-09 10:26:31.141518+00,2026-04-09 10:28:03.929352+00,92.787834
f54123f0-7118-4f61-b2d0-c89f8e38cd5c,lateral_movement,completed,A,true_positive,100,,8,"[{""id"": ""T1021"", ""name"": ""Remote Services"", ""tactic"": ""Lateral Movement""}, {""id"": ""T1021.002"", ""name"": ""SMB/Windows Admin Shares"", ""tactic"": ""Lateral Movement""}, {""id"": ""T1570"", ""name"": ""Lateral Tool Transfer"", ""tactic"": ""Lateral Movement""}, {""id"": ""T1047"", ""name"": ""Windows Management Instrumentation"", ""tactic"": ""Execution""}]","• CONFIRMED ATTACK detected from 10.200.1.191
• Detected ipv4: 10.0.30.202
• 3 indicator(s) found (ipv4, username)
• HIGH RISK (100/100) — immediate action recommended
• MITRE ATT&CK: {'id': 'T1021', 'name': 'Remote Services', 'tactic': 'Lateral Movement'}, {'id': 'T1021.002', 'name': 'SMB/Windows Admin Shares', 'tactic': 'Lateral Movement'}, {'id': 'T1570', 'name': 'Lateral Tool Transfer', 'tactic': 'Lateral Movement'}
• Affected user: golden_attacker_190",2026-04-09 10:26:31.658013+00,2026-04-09 10:29:35.159597+00,183.501584
421b0b3b-58c4-4dbe-8059-8a465d1e3156,data_exfiltration,completed,A,true_positive,100,,8,"[{""id"": ""T1041"", ""name"": ""Exfiltration Over C2 Channel"", ""tactic"": ""Exfiltration""}, {""id"": ""T1567"", ""name"": ""Exfiltration Over Web Service"", ""tactic"": ""Exfiltration""}, {""id"": ""T1048"", ""name"": ""Exfiltration Over Alternative Protocol"", ""tactic"": ""Exfiltration""}]","• CONFIRMED ATTACK detected from 10.200.1.192
• Large data transfer: 5.2 GB
• 3 indicator(s) found (ipv4, username)
• HIGH RISK (100/100) — immediate action recommended
• MITRE ATT&CK: {'id': 'T1041', 'name': 'Exfiltration Over C2 Channel', 'tactic': 'Exfiltration'}, {'id': 'T1567', 'name': 'Exfiltration Over Web Service', 'tactic': 'Exfiltration'}, {'id': 'T1048', 'name': 'Exfiltration Over Alternative Protocol', 'tactic': 'Exfiltration'}
• Affected user: web_admin_191",2026-04-09 10:26:32.170494+00,2026-04-09 10:30:44.23519+00,252.064696
bfd68e12-acf8-421b-b527-580d1ffa4c51,user_login,completed,A,benign,0,,2,[],"• Routine activity — no threat detected
• 2 indicator(s) found (ipv4, username)
• LOW RISK (0/100) — no action needed
• Affected user: asmith_192",2026-04-09 10:26:32.683823+00,2026-04-09 10:28:41.948465+00,129.264642
a8e0b3b4-9e73-4dc9-83c4-1f70c8a95c19,lateral_movement,completed,A,true_positive,100,,8,"[{""id"": ""T1021"", ""name"": ""Remote Services"", ""tactic"": ""Lateral Movement""}, {""id"": ""T1021.002"", ""name"": ""SMB/Windows Admin Shares"", ""tactic"": ""Lateral Movement""}, {""id"": ""T1570"", ""name"": ""Lateral Tool Transfer"", ""tactic"": ""Lateral Movement""}, {""id"": ""T1047"", ""name"": ""Windows Management Instrumentation"", ""tactic"": ""Execution""}]","• CONFIRMED ATTACK detected from 10.200.1.194
• Detected ipv4: 10.0.40.253
• 3 indicator(s) found (ipv4, username)
• HIGH RISK (100/100) — immediate action recommended
• MITRE ATT&CK: {'id': 'T1021', 'name': 'Remote Services', 'tactic': 'Lateral Movement'}, {'id': 'T1021.002', 'name': 'SMB/Windows Admin Shares', 'tactic': 'Lateral Movement'}, {'id': 'T1570', 'name': 'Lateral Tool Transfer', 'tactic': 'Lateral Movement'}
• Affected user: sql_svc_193",2026-04-09 10:26:33.197909+00,2026-04-09 10:28:10.576688+00,97.378779
e1a6959a-ad10-4324-ae21-6cf0e1eb1e82,lateral_movement,completed,A,true_positive,100,,8,"[{""id"": ""T1021"", ""name"": ""Remote Services"", ""tactic"": ""Lateral Movement""}, {""id"": ""T1021.002"", ""name"": ""SMB/Windows Admin Shares"", ""tactic"": ""Lateral Movement""}, {""id"": ""T1570"", ""name"": ""Lateral Tool Transfer"", ""tactic"": ""Lateral Movement""}, {""id"": ""T1047"", ""name"": ""Windows Management Instrumentation"", ""tactic"": ""Execution""}]","• CONFIRMED ATTACK detected from 10.200.1.195
• Detected ipv4: 10.0.50.202
• 3 indicator(s) found (ipv4, username)
• HIGH RISK (100/100) — immediate action recommended
• MITRE ATT&CK: {'id': 'T1021', 'name': 'Remote Services', 'tactic': 'Lateral Movement'}, {'id': 'T1021.002', 'name': 'SMB/Windows Admin Shares', 'tactic': 'Lateral Movement'}, {'id': 'T1570', 'name': 'Lateral Tool Transfer', 'tactic': 'Lateral Movement'}
• Affected user: asmith_194",2026-04-09 10:26:33.712698+00,2026-04-09 10:30:06.522635+00,212.809937
8215a1d5-bbc5-4c96-80a0-0d72c2d155f3,golden_ticket,completed,A,true_positive,100,,7,"[{""id"": ""T1558.001"", ""name"": ""Golden Ticket"", ""tactic"": ""Credential Access""}]","• CONFIRMED ATTACK detected from 10.200.1.196
• Forged Kerberos ticket detected
• 2 indicator(s) found (ipv4, username)
• HIGH RISK (100/100) — immediate action recommended
• MITRE ATT&CK: {'id': 'T1558.001', 'name': 'Golden Ticket', 'tactic': 'Credential Access'}
• Affected user: compromised_195",2026-04-09 10:26:34.228746+00,2026-04-09 10:30:35.668301+00,241.439555
ba7bc49f-864c-41e5-a7cd-5c70adf1e472,phishing,completed,A,true_positive,85,,10,"[{""id"": ""T1566"", ""name"": ""Phishing"", ""tactic"": ""Initial Access""}, {""id"": ""T1566.001"", ""name"": ""Spearphishing Attachment"", ""tactic"": ""Initial Access""}, {""id"": ""T1566.002"", ""name"": ""Spearphishing Link"", ""tactic"": ""Initial Access""}, {""id"": ""T1204.001"", ""name"": ""Malicious Link"", ""tactic"": ""Execution""}]","• CONFIRMED ATTACK detected from 10.200.1.197
• Urgency/social engineering language detected
• 5 indicator(s) found (domain, email, ipv4, url, username)
• HIGH RISK (85/100) — immediate action recommended
• MITRE ATT&CK: {'id': 'T1566', 'name': 'Phishing', 'tactic': 'Initial Access'}, {'id': 'T1566.001', 'name': 'Spearphishing Attachment', 'tactic': 'Initial Access'}, {'id': 'T1566.002', 'name': 'Spearphishing Link', 'tactic': 'Initial Access'}
• Affected user: Administrator_196",2026-04-09 10:26:34.743758+00,2026-04-09 10:32:37.177771+00,362.434013
7d1d3ed5-9817-4dde-a4ce-79b49429257e,lolbin_abuse,completed,A,benign,15,,8,"[{""id"": ""T1218"", ""name"": ""System Binary Proxy Execution"", ""tactic"": ""Defense Evasion""}, {""id"": ""T1218.005"", ""name"": ""Mshta"", ""tactic"": ""Defense Evasion""}, {""id"": ""T1218.011"", ""name"": ""Rundll32"", ""tactic"": ""Defense Evasion""}]","• Routine activity — no threat detected
• URL targets suspicious executable: http://bad.host/stage2.ps1
• 3 indicator(s) found (ipv4, url, username)
• LOW RISK (15/100) — no action needed
• MITRE ATT&CK: {'id': 'T1218', 'name': 'System Binary Proxy Execution', 'tactic': 'Defense Evasion'}, {'id': 'T1218.005', 'name': 'Mshta', 'tactic': 'Defense Evasion'}, {'id': 'T1218.011', 'name': 'Rundll32', 'tactic': 'Defense Evasion'}
• Affected user: krbtgt_197",2026-04-09 10:26:35.256559+00,2026-04-09 10:28:32.888125+00,117.631566
b46a753d-0fea-454e-9271-284cd4514fbb,brute_force,completed,A,true_positive,95,,7,"[{""id"": ""T1110"", ""name"": ""Brute Force"", ""tactic"": ""Credential Access""}, {""id"": ""T1110.001"", ""name"": ""Password Guessing"", ""tactic"": ""Credential Access""}, {""id"": ""T1110.003"", ""name"": ""Password Spraying"", ""tactic"": ""Credential Access""}]","• CONFIRMED ATTACK detected from 10.200.1.199
• Attack Signal: Command injection
• 2 indicator(s) found (ipv4, username)
• HIGH RISK (95/100) — immediate action recommended
• MITRE ATT&CK: {'id': 'T1110', 'name': 'Brute Force', 'tactic': 'Credential Access'}, {'id': 'T1110.001', 'name': 'Password Guessing', 'tactic': 'Credential Access'}, {'id': 'T1110.003', 'name': 'Password Spraying', 'tactic': 'Credential Access'}
• Affected user: admin_198",2026-04-09 10:26:35.771784+00,2026-04-09 10:29:33.69138+00,177.919596
33509b5f-ee18-4ac0-aa05-1ab79d9e895a,phishing,completed,A,true_positive,85,,10,"[{""id"": ""T1566"", ""name"": ""Phishing"", ""tactic"": ""Initial Access""}, {""id"": ""T1566.001"", ""name"": ""Spearphishing Attachment"", ""tactic"": ""Initial Access""}, {""id"": ""T1566.002"", ""name"": ""Spearphishing Link"", ""tactic"": ""Initial Access""}, {""id"": ""T1204.001"", ""name"": ""Malicious Link"", ""tactic"": ""Execution""}]","• CONFIRMED ATTACK detected from 10.200.1.200
• Urgency/social engineering language detected
• 5 indicator(s) found (domain, email, ipv4, url, username)
• HIGH RISK (85/100) — immediate action recommended
• MITRE ATT&CK: {'id': 'T1566', 'name': 'Phishing', 'tactic': 'Initial Access'}, {'id': 'T1566.001', 'name': 'Spearphishing Attachment', 'tactic': 'Initial Access'}, {'id': 'T1566.002', 'name': 'Spearphishing Link', 'tactic': 'Initial Access'}
• Affected user: asmith_199",2026-04-09 10:26:36.288552+00,2026-04-09 10:30:34.791983+00,238.503431
3ff1ccf4-929b-4c9c-8de2-d92126db33ff,phishing,completed,A,true_positive,70,,10,"[{""id"": ""T1566"", ""name"": ""Phishing"", ""tactic"": ""Initial Access""}, {""id"": ""T1566.001"", ""name"": ""Spearphishing Attachment"", ""tactic"": ""Initial Access""}, {""id"": ""T1566.002"", ""name"": ""Spearphishing Link"", ""tactic"": ""Initial Access""}, {""id"": ""T1204.001"", ""name"": ""Malicious Link"", ""tactic"": ""Execution""}]","• CONFIRMED ATTACK detected from 10.200.1.201
• Credential harvesting indicators detected
• 4 indicator(s) found (domain, email, ipv4, username)
• HIGH RISK (70/100) — immediate action recommended
• MITRE ATT&CK: {'id': 'T1566', 'name': 'Phishing', 'tactic': 'Initial Access'}, {'id': 'T1566.001', 'name': 'Spearphishing Attachment', 'tactic': 'Initial Access'}, {'id': 'T1566.002', 'name': 'Spearphishing Link', 'tactic': 'Initial Access'}
• Affected user: SYSTEM_200",2026-04-09 10:26:36.803884+00,2026-04-09 10:30:37.298876+00,240.494992
344d9810-a6b1-4a36-9e05-0fafb0776b84,lateral_movement,pending,,,,,,,,2026-04-09 10:26:37.316792+00,,
a8f6fcac-1384-40c4-928c-71a5dee1f2ea,lateral_movement,pending,,,,,,,,2026-04-09 10:26:37.82974+00,,
8d0c4935-7b4a-4a65-a37c-9c95ab7378e5,data_exfiltration,pending,,,,,,,,2026-04-09 10:26:38.342906+00,,
fd891fcb-8abc-4fa2-a006-7274ffd22adf,c2_communication,pending,,,,,,,,2026-04-09 10:26:38.864489+00,,
c2f7e531-abdd-4d9a-86ee-f6004e6699c4,brute_force,pending,,,,,,,,2026-04-09 10:26:39.375181+00,,
ec8ec4ee-4a87-4391-90e1-fbdb4090a742,lolbin_abuse,pending,,,,,,,,2026-04-09 10:26:39.884707+00,,
a5bcf194-f2d1-4788-a83f-b559dc62610f,ransomware,pending,,,,,,,,2026-04-09 10:26:40.393583+00,,
2c73e9a6-16f8-483c-89c6-7cf854c669ca,phishing,pending,,,,,,,,2026-04-09 10:26:40.909404+00,,
dbfaa074-3490-4f89-a4fa-b65c439b9a55,scheduled_backup,pending,,,,,,,,2026-04-09 10:26:41.418195+00,,
26545bf4-1bc2-4498-8f54-b8b9d882ddd3,data_exfiltration,pending,,,,,,,,2026-04-09 10:26:41.930329+00,,
fc91c79d-8fcd-45a7-81f3-4910642d9dfd,lolbin_abuse,pending,,,,,,,,2026-04-09 10:26:42.425777+00,,
b9ca04de-edf3-4c37-9b63-6f2ad2d33067,scheduled_backup,pending,,,,,,,,2026-04-09 10:26:42.93606+00,,
7be491b9-04d9-4785-a664-0e8698dfca09,password_change,pending,,,,,,,,2026-04-09 10:26:43.442563+00,,
e4dbc598-49c1-4fbf-8464-d29c9f41be63,data_exfiltration,pending,,,,,,,,2026-04-09 10:26:43.953929+00,,
978b38c8-4a28-4bb6-b92d-fa419e24c8d5,health_check,pending,,,,,,,,2026-04-09 10:26:44.460551+00,,
3e16ecd5-1749-4f02-8c5b-317abf30f676,data_exfiltration,pending,,,,,,,,2026-04-09 10:26:44.970023+00,,
7d8ec27c-f58e-4006-8829-54d07e7be1e0,lolbin_abuse,pending,,,,,,,,2026-04-09 10:26:45.477418+00,,
a27606a7-8142-4274-8149-7ce0d011c191,scheduled_backup,pending,,,,,,,,2026-04-09 10:26:45.990675+00,,
291d5259-9f13-4e63-92fc-4c0a288bcb71,scheduled_backup,pending,,,,,,,,2026-04-09 10:26:46.499655+00,,
61a34cc4-8e73-41bd-8603-9c5ab93a80f1,ransomware,pending,,,,,,,,2026-04-09 10:26:47.013314+00,,
a05fb626-e2e2-4ddb-9e2e-3b73c1b5f013,kerberoasting,pending,,,,,,,,2026-04-09 10:26:47.522804+00,,
0ad6306f-6fb8-459f-b5a1-ba14917eccc1,c2_communication,pending,,,,,,,,2026-04-09 10:26:48.031442+00,,
a17170e8-d9b1-4509-828e-00dec9a6084a,c2_communication,pending,,,,,,,,2026-04-09 10:26:48.538893+00,,
e902f855-80e4-4dfb-984d-a2e401ed4cef,golden_ticket,pending,,,,,,,,2026-04-09 10:26:49.048339+00,,
a84d98f0-5e41-4b53-98be-c87c96b4e695,phishing,pending,,,,,,,,2026-04-09 10:26:49.559396+00,,
90dba34a-9d02-4bb0-b3cf-020c1e152960,lolbin_abuse,pending,,,,,,,,2026-04-09 10:26:50.071463+00,,
09d2084f-7595-4062-9e70-f280c825a450,golden_ticket,pending,,,,,,,,2026-04-09 10:26:50.580309+00,,
63ac4727-e0c5-446d-9e52-9e6cff0cfb78,lateral_movement,pending,,,,,,,,2026-04-09 10:26:51.089542+00,,
6282d337-b1b9-4d1b-b8f0-1b22be4c9cc5,lolbin_abuse,pending,,,,,,,,2026-04-09 10:26:51.595893+00,,
e52ba2e6-c6ce-467c-92d3-f673d2b19f37,lolbin_abuse,pending,,,,,,,,2026-04-09 10:26:52.104892+00,,
3ac33191-9a4c-4506-b942-8821d8f37149,golden_ticket,pending,,,,,,,,2026-04-09 10:26:52.612226+00,,
4deb428e-b737-4ede-8185-5ed203ce998f,scheduled_backup,completed,A,benign,0,,2,[],"• Routine activity — no threat detected
• 2 indicator(s) found (ipv4, username)
• LOW RISK (0/100) — no action needed
• Affected user: attacker_user_232",2026-04-09 10:26:53.123228+00,2026-04-09 10:30:00.624963+00,187.501735
fa734084-7692-4f36-b00e-28824e2018cb,phishing,completed,A,true_positive,85,,10,"[{""id"": ""T1566"", ""name"": ""Phishing"", ""tactic"": ""Initial Access""}, {""id"": ""T1566.001"", ""name"": ""Spearphishing Attachment"", ""tactic"": ""Initial Access""}, {""id"": ""T1566.002"", ""name"": ""Spearphishing Link"", ""tactic"": ""Initial Access""}, {""id"": ""T1204.001"", ""name"": ""Malicious Link"", ""tactic"": ""Execution""}]","• CONFIRMED ATTACK detected from 10.200.1.234
• Urgency/social engineering language detected
• 5 indicator(s) found (domain, email, ipv4, url, username)
• HIGH RISK (85/100) — immediate action recommended
• MITRE ATT&CK: {'id': 'T1566', 'name': 'Phishing', 'tactic': 'Initial Access'}, {'id': 'T1566.001', 'name': 'Spearphishing Attachment', 'tactic': 'Initial Access'}, {'id': 'T1566.002', 'name': 'Spearphishing Link', 'tactic': 'Initial Access'}
• Affected user: compromised_233",2026-04-09 10:26:53.636574+00,2026-04-09 10:31:01.557172+00,247.920598
8943fe96-b4bb-4644-9db5-50f2341f1d5b,golden_ticket,completed,A,true_positive,100,,7,"[{""id"": ""T1558.001"", ""name"": ""Golden Ticket"", ""tactic"": ""Credential Access""}]","• CONFIRMED ATTACK detected from 10.200.1.235
• Forged Kerberos ticket detected
• 2 indicator(s) found (ipv4, username)
• HIGH RISK (100/100) — immediate action recommended
• MITRE ATT&CK: {'id': 'T1558.001', 'name': 'Golden Ticket', 'tactic': 'Credential Access'}
• Affected user: admin_234",2026-04-09 10:26:54.159935+00,2026-04-09 10:31:06.930626+00,252.770691
70bcc109-6822-4292-90b5-0d7f6d4a5e7b,data_exfiltration,completed,A,true_positive,100,,8,"[{""id"": ""T1041"", ""name"": ""Exfiltration Over C2 Channel"", ""tactic"": ""Exfiltration""}, {""id"": ""T1567"", ""name"": ""Exfiltration Over Web Service"", ""tactic"": ""Exfiltration""}, {""id"": ""T1048"", ""name"": ""Exfiltration Over Alternative Protocol"", ""tactic"": ""Exfiltration""}]","• CONFIRMED ATTACK detected from 10.200.1.236
• Large data transfer: 5.2 GB
• 3 indicator(s) found (ipv4, username)
• HIGH RISK (100/100) — immediate action recommended
• MITRE ATT&CK: {'id': 'T1041', 'name': 'Exfiltration Over C2 Channel', 'tactic': 'Exfiltration'}, {'id': 'T1567', 'name': 'Exfiltration Over Web Service', 'tactic': 'Exfiltration'}, {'id': 'T1048', 'name': 'Exfiltration Over Alternative Protocol', 'tactic': 'Exfiltration'}
• Affected user: SYSTEM_235",2026-04-09 10:26:54.676905+00,2026-04-09 10:30:06.449306+00,191.772401
a51423ae-3444-4878-9255-3023f7c7590d,lateral_movement,completed,A,true_positive,100,,8,"[{""id"": ""T1021"", ""name"": ""Remote Services"", ""tactic"": ""Lateral Movement""}, {""id"": ""T1021.002"", ""name"": ""SMB/Windows Admin Shares"", ""tactic"": ""Lateral Movement""}, {""id"": ""T1570"", ""name"": ""Lateral Tool Transfer"", ""tactic"": ""Lateral Movement""}, {""id"": ""T1047"", ""name"": ""Windows Management Instrumentation"", ""tactic"": ""Execution""}]","• CONFIRMED ATTACK detected from 10.200.1.237
• Detected ipv4: 10.0.40.127
• 3 indicator(s) found (ipv4, username)
• HIGH RISK (100/100) — immediate action recommended
• MITRE ATT&CK: {'id': 'T1021', 'name': 'Remote Services', 'tactic': 'Lateral Movement'}, {'id': 'T1021.002', 'name': 'SMB/Windows Admin Shares', 'tactic': 'Lateral Movement'}, {'id': 'T1570', 'name': 'Lateral Tool Transfer', 'tactic': 'Lateral Movement'}
• Affected user: asmith_236",2026-04-09 10:26:55.200253+00,2026-04-09 10:29:56.589889+00,181.389636
982e83b4-d3fd-46e7-b1a8-a01370d7e0bc,data_exfiltration,completed,A,true_positive,100,,8,"[{""id"": ""T1041"", ""name"": ""Exfiltration Over C2 Channel"", ""tactic"": ""Exfiltration""}, {""id"": ""T1567"", ""name"": ""Exfiltration Over Web Service"", ""tactic"": ""Exfiltration""}, {""id"": ""T1048"", ""name"": ""Exfiltration Over Alternative Protocol"", ""tactic"": ""Exfiltration""}]","• CONFIRMED ATTACK detected from 10.200.1.238
• Large data transfer: 5.2 GB
• 3 indicator(s) found (ipv4, username)
• HIGH RISK (100/100) — immediate action recommended
• MITRE ATT&CK: {'id': 'T1041', 'name': 'Exfiltration Over C2 Channel', 'tactic': 'Exfiltration'}, {'id': 'T1567', 'name': 'Exfiltration Over Web Service', 'tactic': 'Exfiltration'}, {'id': 'T1048', 'name': 'Exfiltration Over Alternative Protocol', 'tactic': 'Exfiltration'}
• Affected user: svc_backup_237",2026-04-09 10:26:55.727547+00,2026-04-09 10:29:43.56763+00,167.840083
cfa946a4-c831-4449-aee9-e3ea4c844495,c2_communication,completed,A,true_positive,100,,8,"[{""id"": ""T1071"", ""name"": ""Application Layer Protocol"", ""tactic"": ""Command and Control""}, {""id"": ""T1573"", ""name"": ""Encrypted Channel"", ""tactic"": ""Command and Control""}, {""id"": ""T1105"", ""name"": ""Ingress Tool Transfer"", ""tactic"": ""Command and Control""}, {""id"": ""T1571"", ""name"": ""Non-Standard Port"", ""tactic"": ""Command and Control""}]","• CONFIRMED ATTACK detected from 10.200.1.239
• Regular beacon interval detected: 30.0s (stddev=0.5)
• 3 indicator(s) found (ipv4, username)
• HIGH RISK (100/100) — immediate action recommended
• MITRE ATT&CK: {'id': 'T1071', 'name': 'Application Layer Protocol', 'tactic': 'Command and Control'}, {'id': 'T1573', 'name': 'Encrypted Channel', 'tactic': 'Command and Control'}, {'id': 'T1105', 'name': 'Ingress Tool Transfer', 'tactic': 'Command and Control'}
• Affected user: compromised_238",2026-04-09 10:26:56.270843+00,2026-04-09 10:28:40.954882+00,104.684039
5a657a9e-ad7d-412c-b8d1-edb0728aa16f,lateral_movement,completed,A,true_positive,100,,8,"[{""id"": ""T1021"", ""name"": ""Remote Services"", ""tactic"": ""Lateral Movement""}, {""id"": ""T1021.002"", ""name"": ""SMB/Windows Admin Shares"", ""tactic"": ""Lateral Movement""}, {""id"": ""T1570"", ""name"": ""Lateral Tool Transfer"", ""tactic"": ""Lateral Movement""}, {""id"": ""T1047"", ""name"": ""Windows Management Instrumentation"", ""tactic"": ""Execution""}]","• CONFIRMED ATTACK detected from 10.200.1.240
• Detected ipv4: 10.0.20.37
• 3 indicator(s) found (ipv4, username)
• HIGH RISK (100/100) — immediate action recommended
• MITRE ATT&CK: {'id': 'T1021', 'name': 'Remote Services', 'tactic': 'Lateral Movement'}, {'id': 'T1021.002', 'name': 'SMB/Windows Admin Shares', 'tactic': 'Lateral Movement'}, {'id': 'T1570', 'name': 'Lateral Tool Transfer', 'tactic': 'Lateral Movement'}
• Affected user: jsmith_239",2026-04-09 10:26:56.801123+00,2026-04-09 10:30:09.694272+00,192.893149
67e24ee7-d0c2-44dc-b326-340d4e11aba5,phishing,completed,A,true_positive,70,,10,"[{""id"": ""T1566"", ""name"": ""Phishing"", ""tactic"": ""Initial Access""}, {""id"": ""T1566.001"", ""name"": ""Spearphishing Attachment"", ""tactic"": ""Initial Access""}, {""id"": ""T1566.002"", ""name"": ""Spearphishing Link"", ""tactic"": ""Initial Access""}, {""id"": ""T1204.001"", ""name"": ""Malicious Link"", ""tactic"": ""Execution""}]","• CONFIRMED ATTACK detected from 10.200.1.241
• Credential harvesting indicators detected
• 4 indicator(s) found (domain, email, ipv4, username)
• HIGH RISK (70/100) — immediate action recommended
• MITRE ATT&CK: {'id': 'T1566', 'name': 'Phishing', 'tactic': 'Initial Access'}, {'id': 'T1566.001', 'name': 'Spearphishing Attachment', 'tactic': 'Initial Access'}, {'id': 'T1566.002', 'name': 'Spearphishing Link', 'tactic': 'Initial Access'}
• Affected user: exfil_user_240",2026-04-09 10:26:57.324332+00,2026-04-09 10:32:08.205324+00,310.880992
76c7a64b-26cf-4c8d-b3d5-46fd2ecc69b0,kerberoasting,completed,A,true_positive,100,,7,"[{""id"": ""T1558.003"", ""name"": ""Kerberoasting"", ""tactic"": ""Credential Access""}]","• CONFIRMED ATTACK detected from 10.200.1.242
• SPN enumeration detected — Kerberoasting recon
• 3 indicator(s) found (ipv4, service_name, username)
• HIGH RISK (100/100) — immediate action recommended
• MITRE ATT&CK: {'id': 'T1558.003', 'name': 'Kerberoasting', 'tactic': 'Credential Access'}
• Affected user: jsmith_241",2026-04-09 10:26:57.837007+00,2026-04-09 10:29:58.794776+00,180.957769
cf8ae9d5-1442-4429-b4a2-79f40d96013e,password_change,completed,A,benign,0,,2,[],"• Routine activity — no threat detected
• 2 indicator(s) found (ipv4, username)
• LOW RISK (0/100) — no action needed
• Affected user: user2_242",2026-04-09 10:26:58.368752+00,2026-04-09 10:30:40.464402+00,222.095650
3554e765-c363-45f2-98fd-7b8a553952e7,data_exfiltration,completed,A,true_positive,100,,8,"[{""id"": ""T1041"", ""name"": ""Exfiltration Over C2 Channel"", ""tactic"": ""Exfiltration""}, {""id"": ""T1567"", ""name"": ""Exfiltration Over Web Service"", ""tactic"": ""Exfiltration""}, {""id"": ""T1048"", ""name"": ""Exfiltration Over Alternative Protocol"", ""tactic"": ""Exfiltration""}]","• CONFIRMED ATTACK detected from 10.200.1.244
• Large data transfer: 5.2 GB
• 3 indicator(s) found (ipv4, username)
• HIGH RISK (100/100) — immediate action recommended
• MITRE ATT&CK: {'id': 'T1041', 'name': 'Exfiltration Over C2 Channel', 'tactic': 'Exfiltration'}, {'id': 'T1567', 'name': 'Exfiltration Over Web Service', 'tactic': 'Exfiltration'}, {'id': 'T1048', 'name': 'Exfiltration Over Alternative Protocol', 'tactic': 'Exfiltration'}
• Affected user: krbtgt_243",2026-04-09 10:26:58.889453+00,2026-04-09 10:30:35.956989+00,217.067536
faeeb24f-298f-4695-bf71-ae55e088d968,phishing,completed,A,true_positive,70,,10,"[{""id"": ""T1566"", ""name"": ""Phishing"", ""tactic"": ""Initial Access""}, {""id"": ""T1566.001"", ""name"": ""Spearphishing Attachment"", ""tactic"": ""Initial Access""}, {""id"": ""T1566.002"", ""name"": ""Spearphishing Link"", ""tactic"": ""Initial Access""}, {""id"": ""T1204.001"", ""name"": ""Malicious Link"", ""tactic"": ""Execution""}]","• CONFIRMED ATTACK detected from 10.200.1.245
• Credential harvesting indicators detected
• 4 indicator(s) found (domain, email, ipv4, username)
• HIGH RISK (70/100) — immediate action recommended
• MITRE ATT&CK: {'id': 'T1566', 'name': 'Phishing', 'tactic': 'Initial Access'}, {'id': 'T1566.001', 'name': 'Spearphishing Attachment', 'tactic': 'Initial Access'}, {'id': 'T1566.002', 'name': 'Spearphishing Link', 'tactic': 'Initial Access'}
• Affected user: jsmith_244",2026-04-09 10:26:59.407914+00,2026-04-09 10:31:27.260681+00,267.852767
295fd6a2-7b46-411a-bc6f-973aad7a2bc1,data_exfiltration,completed,A,true_positive,100,,8,"[{""id"": ""T1041"", ""name"": ""Exfiltration Over C2 Channel"", ""tactic"": ""Exfiltration""}, {""id"": ""T1567"", ""name"": ""Exfiltration Over Web Service"", ""tactic"": ""Exfiltration""}, {""id"": ""T1048"", ""name"": ""Exfiltration Over Alternative Protocol"", ""tactic"": ""Exfiltration""}]","• CONFIRMED ATTACK detected from 10.200.1.246
• Large data transfer: 5.2 GB
• 3 indicator(s) found (ipv4, username)
• HIGH RISK (100/100) — immediate action recommended
• MITRE ATT&CK: {'id': 'T1041', 'name': 'Exfiltration Over C2 Channel', 'tactic': 'Exfiltration'}, {'id': 'T1567', 'name': 'Exfiltration Over Web Service', 'tactic': 'Exfiltration'}, {'id': 'T1048', 'name': 'Exfiltration Over Alternative Protocol', 'tactic': 'Exfiltration'}
• Affected user: compromised_245",2026-04-09 10:26:59.924388+00,2026-04-09 10:32:00.283703+00,300.359315
467c32d0-ffc6-41be-883a-5ca91529b864,golden_ticket,completed,A,true_positive,100,,7,"[{""id"": ""T1558.001"", ""name"": ""Golden Ticket"", ""tactic"": ""Credential Access""}]","• CONFIRMED ATTACK detected from 10.200.1.247
• Forged Kerberos ticket detected
• 2 indicator(s) found (ipv4, username)
• HIGH RISK (100/100) — immediate action recommended
• MITRE ATT&CK: {'id': 'T1558.001', 'name': 'Golden Ticket', 'tactic': 'Credential Access'}
• Affected user: root_246",2026-04-09 10:27:00.447724+00,2026-04-09 10:29:34.707341+00,154.259617
9d410a37-bb84-4645-a9e3-f568851de351,data_exfiltration,completed,A,true_positive,100,,8,"[{""id"": ""T1041"", ""name"": ""Exfiltration Over C2 Channel"", ""tactic"": ""Exfiltration""}, {""id"": ""T1567"", ""name"": ""Exfiltration Over Web Service"", ""tactic"": ""Exfiltration""}, {""id"": ""T1048"", ""name"": ""Exfiltration Over Alternative Protocol"", ""tactic"": ""Exfiltration""}]","• CONFIRMED ATTACK detected from 10.200.1.248
• Large data transfer: 5.2 GB
• 3 indicator(s) found (ipv4, username)
• HIGH RISK (100/100) — immediate action recommended
• MITRE ATT&CK: {'id': 'T1041', 'name': 'Exfiltration Over C2 Channel', 'tactic': 'Exfiltration'}, {'id': 'T1567', 'name': 'Exfiltration Over Web Service', 'tactic': 'Exfiltration'}, {'id': 'T1048', 'name': 'Exfiltration Over Alternative Protocol', 'tactic': 'Exfiltration'}
• Affected user: jsmith_247",2026-04-09 10:27:00.981859+00,2026-04-09 10:32:07.260087+00,306.278228
8e178385-0de9-4207-a8d8-5622d8f1a90d,phishing,completed,A,true_positive,70,,10,"[{""id"": ""T1566"", ""name"": ""Phishing"", ""tactic"": ""Initial Access""}, {""id"": ""T1566.001"", ""name"": ""Spearphishing Attachment"", ""tactic"": ""Initial Access""}, {""id"": ""T1566.002"", ""name"": ""Spearphishing Link"", ""tactic"": ""Initial Access""}, {""id"": ""T1204.001"", ""name"": ""Malicious Link"", ""tactic"": ""Execution""}]","• CONFIRMED ATTACK detected from 10.200.1.249
• Credential harvesting indicators detected
• 4 indicator(s) found (domain, email, ipv4, username)
• HIGH RISK (70/100) — immediate action recommended
• MITRE ATT&CK: {'id': 'T1566', 'name': 'Phishing', 'tactic': 'Initial Access'}, {'id': 'T1566.001', 'name': 'Spearphishing Attachment', 'tactic': 'Initial Access'}, {'id': 'T1566.002', 'name': 'Spearphishing Link', 'tactic': 'Initial Access'}
• Affected user: admin_248",2026-04-09 10:27:01.522134+00,2026-04-09 10:31:35.652329+00,274.130195
ff812967-83a1-491e-890f-dfaa36c57613,user_login,completed,A,benign,0,,2,[],"• Routine activity — no threat detected
• 2 indicator(s) found (ipv4, username)
• LOW RISK (0/100) — no action needed
• Affected user: svc_backup_249",2026-04-09 10:27:02.057496+00,2026-04-09 10:29:39.070319+00,157.012823
16df5feb-ca15-4c75-86c5-341d28813fad,password_change,completed,A,benign,0,,2,[],"• Routine activity — no threat detected
• 2 indicator(s) found (ipv4, username)
• LOW RISK (0/100) — no action needed
• Affected user: compromised_250",2026-04-09 10:27:02.574342+00,2026-04-09 10:31:57.892603+00,295.318261
e7c80e86-001f-4769-9369-d1bd9932d29f,lolbin_abuse,completed,A,benign,15,,8,"[{""id"": ""T1218"", ""name"": ""System Binary Proxy Execution"", ""tactic"": ""Defense Evasion""}, {""id"": ""T1218.005"", ""name"": ""Mshta"", ""tactic"": ""Defense Evasion""}, {""id"": ""T1218.011"", ""name"": ""Rundll32"", ""tactic"": ""Defense Evasion""}]","• Routine activity — no threat detected
• URL targets suspicious executable: http://bad.host/stage2.ps1
• 3 indicator(s) found (ipv4, url, username)
• LOW RISK (15/100) — no action needed
• MITRE ATT&CK: {'id': 'T1218', 'name': 'System Binary Proxy Execution', 'tactic': 'Defense Evasion'}, {'id': 'T1218.005', 'name': 'Mshta', 'tactic': 'Defense Evasion'}, {'id': 'T1218.011', 'name': 'Rundll32', 'tactic': 'Defense Evasion'}
• Affected user: root_251",2026-04-09 10:27:03.087806+00,2026-04-09 10:30:29.550298+00,206.462492
f6f0626a-42f0-4bc0-bf5c-cfc743ba0740,lateral_movement,completed,A,true_positive,100,,8,"[{""id"": ""T1021"", ""name"": ""Remote Services"", ""tactic"": ""Lateral Movement""}, {""id"": ""T1021.002"", ""name"": ""SMB/Windows Admin Shares"", ""tactic"": ""Lateral Movement""}, {""id"": ""T1570"", ""name"": ""Lateral Tool Transfer"", ""tactic"": ""Lateral Movement""}, {""id"": ""T1047"", ""name"": ""Windows Management Instrumentation"", ""tactic"": ""Execution""}]","• CONFIRMED ATTACK detected from 10.200.1.253
• Detected ipv4: 192.168.1.211
• 3 indicator(s) found (ipv4, username)
• HIGH RISK (100/100) — immediate action recommended
• MITRE ATT&CK: {'id': 'T1021', 'name': 'Remote Services', 'tactic': 'Lateral Movement'}, {'id': 'T1021.002', 'name': 'SMB/Windows Admin Shares', 'tactic': 'Lateral Movement'}, {'id': 'T1570', 'name': 'Lateral Tool Transfer', 'tactic': 'Lateral Movement'}
• Affected user: sql_svc_252",2026-04-09 10:27:03.604103+00,2026-04-09 10:32:10.285507+00,306.681404
277c64e2-52bb-41fc-aca7-e243eb422d88,user_login,completed,A,benign,0,,2,[],"• Routine activity — no threat detected
• 2 indicator(s) found (ipv4, username)
• LOW RISK (0/100) — no action needed
• Affected user: golden_attacker_253",2026-04-09 10:27:04.118478+00,2026-04-09 10:33:14.2701+00,370.151622
bb0f715b-96aa-4044-831c-8d575cd2212f,lolbin_abuse,completed,A,benign,15,,8,"[{""id"": ""T1218"", ""name"": ""System Binary Proxy Execution"", ""tactic"": ""Defense Evasion""}, {""id"": ""T1218.005"", ""name"": ""Mshta"", ""tactic"": ""Defense Evasion""}, {""id"": ""T1218.011"", ""name"": ""Rundll32"", ""tactic"": ""Defense Evasion""}]","• Routine activity — no threat detected
• URL targets suspicious executable: http://bad.host/stage2.ps1
• 3 indicator(s) found (ipv4, url, username)
• LOW RISK (15/100) — no action needed
• MITRE ATT&CK: {'id': 'T1218', 'name': 'System Binary Proxy Execution', 'tactic': 'Defense Evasion'}, {'id': 'T1218.005', 'name': 'Mshta', 'tactic': 'Defense Evasion'}, {'id': 'T1218.011', 'name': 'Rundll32', 'tactic': 'Defense Evasion'}
• Affected user: exfil_user_254",2026-04-09 10:27:04.635547+00,2026-04-09 10:32:58.662164+00,354.026617
0a337671-c0e2-401d-9430-421dca387ab8,c2_communication,completed,A,true_positive,100,,8,"[{""id"": ""T1071"", ""name"": ""Application Layer Protocol"", ""tactic"": ""Command and Control""}, {""id"": ""T1573"", ""name"": ""Encrypted Channel"", ""tactic"": ""Command and Control""}, {""id"": ""T1105"", ""name"": ""Ingress Tool Transfer"", ""tactic"": ""Command and Control""}, {""id"": ""T1571"", ""name"": ""Non-Standard Port"", ""tactic"": ""Command and Control""}]","• CONFIRMED ATTACK detected from 10.200.2.2
• Regular beacon interval detected: 30.0s (stddev=0.5)
• 3 indicator(s) found (ipv4, username)
• HIGH RISK (100/100) — immediate action recommended
• MITRE ATT&CK: {'id': 'T1071', 'name': 'Application Layer Protocol', 'tactic': 'Command and Control'}, {'id': 'T1573', 'name': 'Encrypted Channel', 'tactic': 'Command and Control'}, {'id': 'T1105', 'name': 'Ingress Tool Transfer', 'tactic': 'Command and Control'}
• Affected user: svc_backup_255",2026-04-09 10:27:05.149735+00,2026-04-09 10:33:14.795563+00,369.645828
62143fb6-91ff-4c7b-bc43-5c23f93176c3,lateral_movement,completed,A,true_positive,100,,8,"[{""id"": ""T1021"", ""name"": ""Remote Services"", ""tactic"": ""Lateral Movement""}, {""id"": ""T1021.002"", ""name"": ""SMB/Windows Admin Shares"", ""tactic"": ""Lateral Movement""}, {""id"": ""T1570"", ""name"": ""Lateral Tool Transfer"", ""tactic"": ""Lateral Movement""}, {""id"": ""T1047"", ""name"": ""Windows Management Instrumentation"", ""tactic"": ""Execution""}]","• CONFIRMED ATTACK detected from 10.200.2.3
• Detected ipv4: 10.0.40.214
• 3 indicator(s) found (ipv4, username)
• HIGH RISK (100/100) — immediate action recommended
• MITRE ATT&CK: {'id': 'T1021', 'name': 'Remote Services', 'tactic': 'Lateral Movement'}, {'id': 'T1021.002', 'name': 'SMB/Windows Admin Shares', 'tactic': 'Lateral Movement'}, {'id': 'T1570', 'name': 'Lateral Tool Transfer', 'tactic': 'Lateral Movement'}
• Affected user: attacker_user_256",2026-04-09 10:27:05.666097+00,2026-04-09 10:30:29.604649+00,203.938552
d2d3fe57-c4f6-49b2-9499-20b1b5b8fac4,brute_force,completed,A,true_positive,95,,7,"[{""id"": ""T1110"", ""name"": ""Brute Force"", ""tactic"": ""Credential Access""}, {""id"": ""T1110.001"", ""name"": ""Password Guessing"", ""tactic"": ""Credential Access""}, {""id"": ""T1110.003"", ""name"": ""Password Spraying"", ""tactic"": ""Credential Access""}]","• CONFIRMED ATTACK detected from 10.200.2.4
• Attack Signal: Command injection
• 2 indicator(s) found (ipv4, username)
• HIGH RISK (95/100) — immediate action recommended
• MITRE ATT&CK: {'id': 'T1110', 'name': 'Brute Force', 'tactic': 'Credential Access'}, {'id': 'T1110.001', 'name': 'Password Guessing', 'tactic': 'Credential Access'}, {'id': 'T1110.003', 'name': 'Password Spraying', 'tactic': 'Credential Access'}
• Affected user: compromised_257",2026-04-09 10:27:06.180058+00,2026-04-09 10:32:39.898255+00,333.718197
1c79d19f-e66f-43a1-8fd3-61f4c4258bb5,user_login,completed,A,benign,0,,2,[],"• Routine activity — no threat detected
• 2 indicator(s) found (ipv4, username)
• LOW RISK (0/100) — no action needed
• Affected user: attacker_user_258",2026-04-09 10:27:06.701983+00,2026-04-09 10:32:28.009173+00,321.307190
a28e61ef-853b-4d23-87df-213cc2451b61,lateral_movement,completed,A,true_positive,100,,8,"[{""id"": ""T1021"", ""name"": ""Remote Services"", ""tactic"": ""Lateral Movement""}, {""id"": ""T1021.002"", ""name"": ""SMB/Windows Admin Shares"", ""tactic"": ""Lateral Movement""}, {""id"": ""T1570"", ""name"": ""Lateral Tool Transfer"", ""tactic"": ""Lateral Movement""}, {""id"": ""T1047"", ""name"": ""Windows Management Instrumentation"", ""tactic"": ""Execution""}]","• CONFIRMED ATTACK detected from 10.200.2.6
• Detected ipv4: 10.0.30.25
• 3 indicator(s) found (ipv4, username)
• HIGH RISK (100/100) — immediate action recommended
• MITRE ATT&CK: {'id': 'T1021', 'name': 'Remote Services', 'tactic': 'Lateral Movement'}, {'id': 'T1021.002', 'name': 'SMB/Windows Admin Shares', 'tactic': 'Lateral Movement'}, {'id': 'T1570', 'name': 'Lateral Tool Transfer', 'tactic': 'Lateral Movement'}
• Affected user: krbtgt_259",2026-04-09 10:27:07.230529+00,2026-04-09 10:29:09.178351+00,121.947822
c30b7748-abe7-45d1-98de-e7cd39dc3ddf,brute_force,completed,A,true_positive,95,,7,"[{""id"": ""T1110"", ""name"": ""Brute Force"", ""tactic"": ""Credential Access""}, {""id"": ""T1110.001"", ""name"": ""Password Guessing"", ""tactic"": ""Credential Access""}, {""id"": ""T1110.003"", ""name"": ""Password Spraying"", ""tactic"": ""Credential Access""}]","• CONFIRMED ATTACK detected from 10.200.2.7
• Attack Signal: Command injection
• 2 indicator(s) found (ipv4, username)
• HIGH RISK (95/100) — immediate action recommended
• MITRE ATT&CK: {'id': 'T1110', 'name': 'Brute Force', 'tactic': 'Credential Access'}, {'id': 'T1110.001', 'name': 'Password Guessing', 'tactic': 'Credential Access'}, {'id': 'T1110.003', 'name': 'Password Spraying', 'tactic': 'Credential Access'}
• Affected user: SYSTEM_260",2026-04-09 10:27:07.780771+00,2026-04-09 10:31:07.150181+00,239.369410
d45b6ddd-77d0-4526-8d8e-2e3b9355aaca,lateral_movement,completed,A,true_positive,100,,8,"[{""id"": ""T1021"", ""name"": ""Remote Services"", ""tactic"": ""Lateral Movement""}, {""id"": ""T1021.002"", ""name"": ""SMB/Windows Admin Shares"", ""tactic"": ""Lateral Movement""}, {""id"": ""T1570"", ""name"": ""Lateral Tool Transfer"", ""tactic"": ""Lateral Movement""}, {""id"": ""T1047"", ""name"": ""Windows Management Instrumentation"", ""tactic"": ""Execution""}]","• CONFIRMED ATTACK detected from 10.200.2.8
• Detected ipv4: 192.168.1.147
• 3 indicator(s) found (ipv4, username)
• HIGH RISK (100/100) — immediate action recommended
• MITRE ATT&CK: {'id': 'T1021', 'name': 'Remote Services', 'tactic': 'Lateral Movement'}, {'id': 'T1021.002', 'name': 'SMB/Windows Admin Shares', 'tactic': 'Lateral Movement'}, {'id': 'T1570', 'name': 'Lateral Tool Transfer', 'tactic': 'Lateral Movement'}
• Affected user: svc_backup_261",2026-04-09 10:27:08.303389+00,2026-04-09 10:30:36.052015+00,207.748626
c05bad5a-278a-49d9-83a6-81397520e34f,lolbin_abuse,completed,A,benign,15,,8,"[{""id"": ""T1218"", ""name"": ""System Binary Proxy Execution"", ""tactic"": ""Defense Evasion""}, {""id"": ""T1218.005"", ""name"": ""Mshta"", ""tactic"": ""Defense Evasion""}, {""id"": ""T1218.011"", ""name"": ""Rundll32"", ""tactic"": ""Defense Evasion""}]","• Routine activity — no threat detected
• URL targets suspicious executable: http://bad.host/stage2.ps1
• 3 indicator(s) found (ipv4, url, username)
• LOW RISK (15/100) — no action needed
• MITRE ATT&CK: {'id': 'T1218', 'name': 'System Binary Proxy Execution', 'tactic': 'Defense Evasion'}, {'id': 'T1218.005', 'name': 'Mshta', 'tactic': 'Defense Evasion'}, {'id': 'T1218.011', 'name': 'Rundll32', 'tactic': 'Defense Evasion'}
• Affected user: root_262",2026-04-09 10:27:08.829664+00,2026-04-09 10:29:04.374543+00,115.544879
82ee8a19-6ede-4d58-a075-fe95f378243a,lateral_movement,completed,A,true_positive,100,,8,"[{""id"": ""T1021"", ""name"": ""Remote Services"", ""tactic"": ""Lateral Movement""}, {""id"": ""T1021.002"", ""name"": ""SMB/Windows Admin Shares"", ""tactic"": ""Lateral Movement""}, {""id"": ""T1570"", ""name"": ""Lateral Tool Transfer"", ""tactic"": ""Lateral Movement""}, {""id"": ""T1047"", ""name"": ""Windows Management Instrumentation"", ""tactic"": ""Execution""}]","• CONFIRMED ATTACK detected from 10.200.2.10
• Detected ipv4: 10.0.50.68
• 3 indicator(s) found (ipv4, username)
• HIGH RISK (100/100) — immediate action recommended
• MITRE ATT&CK: {'id': 'T1021', 'name': 'Remote Services', 'tactic': 'Lateral Movement'}, {'id': 'T1021.002', 'name': 'SMB/Windows Admin Shares', 'tactic': 'Lateral Movement'}, {'id': 'T1570', 'name': 'Lateral Tool Transfer', 'tactic': 'Lateral Movement'}
• Affected user: exfil_user_263",2026-04-09 10:27:09.346326+00,2026-04-09 10:30:40.410025+00,211.063699
954a1b3e-d385-43be-a03a-f74b1dcaa7fc,kerberoasting,completed,A,true_positive,100,,7,"[{""id"": ""T1558.003"", ""name"": ""Kerberoasting"", ""tactic"": ""Credential Access""}]","• CONFIRMED ATTACK detected from 10.200.2.11
• SPN enumeration detected — Kerberoasting recon
• 3 indicator(s) found (ipv4, service_name, username)
• HIGH RISK (100/100) — immediate action recommended
• MITRE ATT&CK: {'id': 'T1558.003', 'name': 'Kerberoasting', 'tactic': 'Credential Access'}
• Affected user: compromised_264",2026-04-09 10:27:09.865589+00,2026-04-09 10:32:40.383674+00,330.518085
330d7193-683d-47ab-99e8-5e746924f022,kerberoasting,completed,A,true_positive,100,,7,"[{""id"": ""T1558.003"", ""name"": ""Kerberoasting"", ""tactic"": ""Credential Access""}]","• CONFIRMED ATTACK detected from 10.200.2.12
• SPN enumeration detected — Kerberoasting recon
• 3 indicator(s) found (ipv4, service_name, username)
• HIGH RISK (100/100) — immediate action recommended
• MITRE ATT&CK: {'id': 'T1558.003', 'name': 'Kerberoasting', 'tactic': 'Credential Access'}
• Affected user: sql_svc_265",2026-04-09 10:27:10.380082+00,2026-04-09 10:32:41.526939+00,331.146857
8ef4900b-1dc8-477f-a20e-98ff27ce3be1,golden_ticket,completed,A,true_positive,100,,7,"[{""id"": ""T1558.001"", ""name"": ""Golden Ticket"", ""tactic"": ""Credential Access""}]","• CONFIRMED ATTACK detected from 10.200.2.13
• Forged Kerberos ticket detected
• 2 indicator(s) found (ipv4, username)
• HIGH RISK (100/100) — immediate action recommended
• MITRE ATT&CK: {'id': 'T1558.001', 'name': 'Golden Ticket', 'tactic': 'Credential Access'}
• Affected user: Administrator_266",2026-04-09 10:27:10.898328+00,2026-04-09 10:31:35.555719+00,264.657391
00c8e3b7-cf12-4c88-aa20-2d6b655d26f0,brute_force,completed,A,true_positive,95,,7,"[{""id"": ""T1110"", ""name"": ""Brute Force"", ""tactic"": ""Credential Access""}, {""id"": ""T1110.001"", ""name"": ""Password Guessing"", ""tactic"": ""Credential Access""}, {""id"": ""T1110.003"", ""name"": ""Password Spraying"", ""tactic"": ""Credential Access""}]","• CONFIRMED ATTACK detected from 10.200.2.14
• Attack Signal: Command injection
• 2 indicator(s) found (ipv4, username)
• HIGH RISK (95/100) — immediate action recommended
• MITRE ATT&CK: {'id': 'T1110', 'name': 'Brute Force', 'tactic': 'Credential Access'}, {'id': 'T1110.001', 'name': 'Password Guessing', 'tactic': 'Credential Access'}, {'id': 'T1110.003', 'name': 'Password Spraying', 'tactic': 'Credential Access'}
• Affected user: data_thief_267",2026-04-09 10:27:11.408187+00,2026-04-09 10:29:33.350793+00,141.942606
99a8ffe5-b206-4d17-8eea-80dcaaf749dc,password_change,completed,A,benign,0,,2,[],"• Routine activity — no threat detected
• 2 indicator(s) found (ipv4, username)
• LOW RISK (0/100) — no action needed
• Affected user: svc_backup_268",2026-04-09 10:27:11.923281+00,2026-04-09 10:31:27.161149+00,255.237868
e3cb2b91-a07f-40b9-a3ef-4ddae33c6cbb,phishing,completed,A,true_positive,70,,10,"[{""id"": ""T1566"", ""name"": ""Phishing"", ""tactic"": ""Initial Access""}, {""id"": ""T1566.001"", ""name"": ""Spearphishing Attachment"", ""tactic"": ""Initial Access""}, {""id"": ""T1566.002"", ""name"": ""Spearphishing Link"", ""tactic"": ""Initial Access""}, {""id"": ""T1204.001"", ""name"": ""Malicious Link"", ""tactic"": ""Execution""}]","• CONFIRMED ATTACK detected from 10.200.2.16
• Credential harvesting indicators detected
• 4 indicator(s) found (domain, email, ipv4, username)
• HIGH RISK (70/100) — immediate action recommended
• MITRE ATT&CK: {'id': 'T1566', 'name': 'Phishing', 'tactic': 'Initial Access'}, {'id': 'T1566.001', 'name': 'Spearphishing Attachment', 'tactic': 'Initial Access'}, {'id': 'T1566.002', 'name': 'Spearphishing Link', 'tactic': 'Initial Access'}
• Affected user: SYSTEM_269",2026-04-09 10:27:12.426273+00,2026-04-09 10:30:43.31483+00,210.888557
1ceabcca-b3e4-40ad-9b9b-3b3ed449df4a,golden_ticket,completed,A,true_positive,100,,7,"[{""id"": ""T1558.001"", ""name"": ""Golden Ticket"", ""tactic"": ""Credential Access""}]","• CONFIRMED ATTACK detected from 10.200.2.17
• Forged Kerberos ticket detected
• 2 indicator(s) found (ipv4, username)
• HIGH RISK (100/100) — immediate action recommended
• MITRE ATT&CK: {'id': 'T1558.001', 'name': 'Golden Ticket', 'tactic': 'Credential Access'}
• Affected user: admin_270",2026-04-09 10:27:12.94212+00,2026-04-09 10:32:13.071054+00,300.128934
6cf2ebc4-8195-447a-a4b2-016f31d84b39,password_change,completed,A,benign,0,,2,[],"• Routine activity — no threat detected
• 2 indicator(s) found (ipv4, username)
• LOW RISK (0/100) — no action needed
• Affected user: exfil_user_271",2026-04-09 10:27:13.458024+00,2026-04-09 10:30:33.891486+00,200.433462
528560b5-874c-4f4d-84fc-515a158074da,password_change,completed,A,benign,0,,2,[],"• Routine activity — no threat detected
• 2 indicator(s) found (ipv4, username)
• LOW RISK (0/100) — no action needed
• Affected user: root_272",2026-04-09 10:27:13.974789+00,2026-04-09 10:28:26.118884+00,72.144095
9ac8a4ad-f355-4081-801f-24d81c02c66d,user_login,completed,A,benign,0,,2,[],"• Routine activity — no threat detected
• 2 indicator(s) found (ipv4, username)
• LOW RISK (0/100) — no action needed
• Affected user: exfil_user_273",2026-04-09 10:27:14.486208+00,2026-04-09 10:33:29.496233+00,375.010025
2d93b4ff-57d9-48ed-bfff-ff4f34bd9b05,windows_update,completed,A,benign,0,,2,[],"• Routine activity — no threat detected
• 2 indicator(s) found (ipv4, username)
• LOW RISK (0/100) — no action needed
• Affected user: compromised_274",2026-04-09 10:27:14.999429+00,2026-04-09 10:30:12.798509+00,177.799080
3595274c-fe9a-4be2-bbd6-8935d8daf599,kerberoasting,completed,A,true_positive,100,,7,"[{""id"": ""T1558.003"", ""name"": ""Kerberoasting"", ""tactic"": ""Credential Access""}]","• CONFIRMED ATTACK detected from 10.200.2.22
• SPN enumeration detected — Kerberoasting recon
• 3 indicator(s) found (ipv4, service_name, username)
• HIGH RISK (100/100) — immediate action recommended
• MITRE ATT&CK: {'id': 'T1558.003', 'name': 'Kerberoasting', 'tactic': 'Credential Access'}
• Affected user: golden_attacker_275",2026-04-09 10:27:15.511823+00,2026-04-09 10:31:06.964375+00,231.452552
17ba96fe-827c-40ba-9bcb-6165ab6f0029,lolbin_abuse,completed,A,true_positive,100,,8,"[{""id"": ""T1218"", ""name"": ""System Binary Proxy Execution"", ""tactic"": ""Defense Evasion""}, {""id"": ""T1218.005"", ""name"": ""Mshta"", ""tactic"": ""Defense Evasion""}, {""id"": ""T1218.011"", ""name"": ""Rundll32"", ""tactic"": ""Defense Evasion""}]","• CONFIRMED ATTACK detected from 10.200.2.23
• LOLBin abuse: certutil download via -urlcache
• 3 indicator(s) found (ipv4, url, username)
• HIGH RISK (100/100) — immediate action recommended
• MITRE ATT&CK: {'id': 'T1218', 'name': 'System Binary Proxy Execution', 'tactic': 'Defense Evasion'}, {'id': 'T1218.005', 'name': 'Mshta', 'tactic': 'Defense Evasion'}, {'id': 'T1218.011', 'name': 'Rundll32', 'tactic': 'Defense Evasion'}
• Affected user: compromised_276",2026-04-09 10:27:16.029511+00,2026-04-09 10:33:45.116296+00,389.086785
b7594159-e49d-4198-bdd2-f3abcfffcb3c,user_login,completed,A,benign,0,,2,[],"• Routine activity — no threat detected
• 2 indicator(s) found (ipv4, username)
• LOW RISK (0/100) — no action needed
• Affected user: svc_backup_277",2026-04-09 10:27:16.543773+00,2026-04-09 10:31:39.440788+00,262.897015
0379f376-5440-4c9d-91f9-5d529f9e38ae,lateral_movement,completed,A,true_positive,100,,8,"[{""id"": ""T1021"", ""name"": ""Remote Services"", ""tactic"": ""Lateral Movement""}, {""id"": ""T1021.002"", ""name"": ""SMB/Windows Admin Shares"", ""tactic"": ""Lateral Movement""}, {""id"": ""T1570"", ""name"": ""Lateral Tool Transfer"", ""tactic"": ""Lateral Movement""}, {""id"": ""T1047"", ""name"": ""Windows Management Instrumentation"", ""tactic"": ""Execution""}]","• CONFIRMED ATTACK detected from 10.200.2.25
• Detected ipv4: 10.0.30.141
• 3 indicator(s) found (ipv4, username)
• HIGH RISK (100/100) — immediate action recommended
• MITRE ATT&CK: {'id': 'T1021', 'name': 'Remote Services', 'tactic': 'Lateral Movement'}, {'id': 'T1021.002', 'name': 'SMB/Windows Admin Shares', 'tactic': 'Lateral Movement'}, {'id': 'T1570', 'name': 'Lateral Tool Transfer', 'tactic': 'Lateral Movement'}
• Affected user: admin_278",2026-04-09 10:27:17.076731+00,2026-04-09 10:31:39.651363+00,262.574632
52eeeff2-bab7-41d8-9fa0-d23364726ce4,health_check,completed,A,benign,0,,2,[],"• Routine activity — no threat detected
• 2 indicator(s) found (ipv4, username)
• LOW RISK (0/100) — no action needed
• Affected user: jsmith_279",2026-04-09 10:27:17.604513+00,2026-04-09 10:33:03.493425+00,345.888912
1cfb61ed-e3c4-4a41-8bff-e144a78f459d,golden_ticket,completed,A,true_positive,100,,7,"[{""id"": ""T1558.001"", ""name"": ""Golden Ticket"", ""tactic"": ""Credential Access""}]","• CONFIRMED ATTACK detected from 10.200.2.27
• Forged Kerberos ticket detected
• 2 indicator(s) found (ipv4, username)
• HIGH RISK (100/100) — immediate action recommended
• MITRE ATT&CK: {'id': 'T1558.001', 'name': 'Golden Ticket', 'tactic': 'Credential Access'}
• Affected user: jdoe_280",2026-04-09 10:27:18.121316+00,2026-04-09 10:32:08.131215+00,290.009899
bab69830-3f82-4ff4-8d8f-9fea5c79f7ea,lolbin_abuse,completed,A,true_positive,100,,8,"[{""id"": ""T1218"", ""name"": ""System Binary Proxy Execution"", ""tactic"": ""Defense Evasion""}, {""id"": ""T1218.005"", ""name"": ""Mshta"", ""tactic"": ""Defense Evasion""}, {""id"": ""T1218.011"", ""name"": ""Rundll32"", ""tactic"": ""Defense Evasion""}]","• CONFIRMED ATTACK detected from 10.200.2.28
• LOLBin abuse: certutil download via -urlcache
• 3 indicator(s) found (ipv4, url, username)
• HIGH RISK (100/100) — immediate action recommended
• MITRE ATT&CK: {'id': 'T1218', 'name': 'System Binary Proxy Execution', 'tactic': 'Defense Evasion'}, {'id': 'T1218.005', 'name': 'Mshta', 'tactic': 'Defense Evasion'}, {'id': 'T1218.011', 'name': 'Rundll32', 'tactic': 'Defense Evasion'}
• Affected user: svc_backup_281",2026-04-09 10:27:18.636561+00,2026-04-09 10:31:35.601803+00,256.965242
44a93fca-574b-46c3-b3d2-fa9de120888c,password_change,completed,A,benign,0,,2,[],"• Routine activity — no threat detected
• 2 indicator(s) found (ipv4, username)
• LOW RISK (0/100) — no action needed
• Affected user: krbtgt_282",2026-04-09 10:27:19.151854+00,2026-04-09 10:29:30.107385+00,130.955531
258524c8-85f1-4516-a8c4-4b31f2f5c1ae,data_exfiltration,completed,A,true_positive,100,,8,"[{""id"": ""T1041"", ""name"": ""Exfiltration Over C2 Channel"", ""tactic"": ""Exfiltration""}, {""id"": ""T1567"", ""name"": ""Exfiltration Over Web Service"", ""tactic"": ""Exfiltration""}, {""id"": ""T1048"", ""name"": ""Exfiltration Over Alternative Protocol"", ""tactic"": ""Exfiltration""}]","• CONFIRMED ATTACK detected from 10.200.2.30
• Large data transfer: 5.2 GB
• 3 indicator(s) found (ipv4, username)
• HIGH RISK (100/100) — immediate action recommended
• MITRE ATT&CK: {'id': 'T1041', 'name': 'Exfiltration Over C2 Channel', 'tactic': 'Exfiltration'}, {'id': 'T1567', 'name': 'Exfiltration Over Web Service', 'tactic': 'Exfiltration'}, {'id': 'T1048', 'name': 'Exfiltration Over Alternative Protocol', 'tactic': 'Exfiltration'}
• Affected user: data_thief_283",2026-04-09 10:27:19.667675+00,2026-04-09 10:30:35.991133+00,196.323458
bf092a7b-8741-46e7-b108-bd7a03fd4098,windows_update,completed,A,benign,0,,2,[],"• Routine activity — no threat detected
• 2 indicator(s) found (ipv4, username)
• LOW RISK (0/100) — no action needed
• Affected user: compromised_284",2026-04-09 10:27:20.195017+00,2026-04-09 10:30:13.788147+00,173.593130
187e26b2-6e0d-471b-9ab3-139f589a8ab7,user_login,completed,A,benign,0,,2,[],"• Routine activity — no threat detected
• 2 indicator(s) found (ipv4, username)
• LOW RISK (0/100) — no action needed
• Affected user: svc_backup_285",2026-04-09 10:27:20.706851+00,2026-04-09 10:31:36.03119+00,255.324339
787aa974-ae5b-402c-951e-9c0f863a3309,phishing,completed,A,true_positive,85,,10,"[{""id"": ""T1566"", ""name"": ""Phishing"", ""tactic"": ""Initial Access""}, {""id"": ""T1566.001"", ""name"": ""Spearphishing Attachment"", ""tactic"": ""Initial Access""}, {""id"": ""T1566.002"", ""name"": ""Spearphishing Link"", ""tactic"": ""Initial Access""}, {""id"": ""T1204.001"", ""name"": ""Malicious Link"", ""tactic"": ""Execution""}]","• CONFIRMED ATTACK detected from 10.200.2.33
• Urgency/social engineering language detected
• 5 indicator(s) found (domain, email, ipv4, url, username)
• HIGH RISK (85/100) — immediate action recommended
• MITRE ATT&CK: {'id': 'T1566', 'name': 'Phishing', 'tactic': 'Initial Access'}, {'id': 'T1566.001', 'name': 'Spearphishing Attachment', 'tactic': 'Initial Access'}, {'id': 'T1566.002', 'name': 'Spearphishing Link', 'tactic': 'Initial Access'}
• Affected user: sql_svc_286",2026-04-09 10:27:21.222999+00,2026-04-09 10:32:02.117582+00,280.894583
39c62afe-6ecc-46f2-8378-e73f7296b19e,data_exfiltration,completed,A,true_positive,100,,8,"[{""id"": ""T1041"", ""name"": ""Exfiltration Over C2 Channel"", ""tactic"": ""Exfiltration""}, {""id"": ""T1567"", ""name"": ""Exfiltration Over Web Service"", ""tactic"": ""Exfiltration""}, {""id"": ""T1048"", ""name"": ""Exfiltration Over Alternative Protocol"", ""tactic"": ""Exfiltration""}]","• CONFIRMED ATTACK detected from 10.200.2.34
• Large data transfer: 5.2 GB
• 3 indicator(s) found (ipv4, username)
• HIGH RISK (100/100) — immediate action recommended
• MITRE ATT&CK: {'id': 'T1041', 'name': 'Exfiltration Over C2 Channel', 'tactic': 'Exfiltration'}, {'id': 'T1567', 'name': 'Exfiltration Over Web Service', 'tactic': 'Exfiltration'}, {'id': 'T1048', 'name': 'Exfiltration Over Alternative Protocol', 'tactic': 'Exfiltration'}
• Affected user: svc_backup_287",2026-04-09 10:27:21.733371+00,2026-04-09 10:32:08.399487+00,286.666116
e7cf5406-1f67-427c-9f77-6416612c5e0a,user_login,completed,A,benign,0,,2,[],"• Routine activity — no threat detected
• 2 indicator(s) found (ipv4, username)
• LOW RISK (0/100) — no action needed
• Affected user: web_admin_288",2026-04-09 10:27:22.24692+00,2026-04-09 10:31:01.460419+00,219.213499
f1b51c63-c65b-417d-9406-c82ad2483ca3,data_exfiltration,completed,A,true_positive,100,,8,"[{""id"": ""T1041"", ""name"": ""Exfiltration Over C2 Channel"", ""tactic"": ""Exfiltration""}, {""id"": ""T1567"", ""name"": ""Exfiltration Over Web Service"", ""tactic"": ""Exfiltration""}, {""id"": ""T1048"", ""name"": ""Exfiltration Over Alternative Protocol"", ""tactic"": ""Exfiltration""}]","• CONFIRMED ATTACK detected from 10.200.2.36
• Large data transfer: 5.2 GB
• 3 indicator(s) found (ipv4, username)
• HIGH RISK (100/100) — immediate action recommended
• MITRE ATT&CK: {'id': 'T1041', 'name': 'Exfiltration Over C2 Channel', 'tactic': 'Exfiltration'}, {'id': 'T1567', 'name': 'Exfiltration Over Web Service', 'tactic': 'Exfiltration'}, {'id': 'T1048', 'name': 'Exfiltration Over Alternative Protocol', 'tactic': 'Exfiltration'}
• Affected user: data_thief_289",2026-04-09 10:27:22.760582+00,2026-04-09 10:33:01.3457+00,338.585118
b30f8cc7-ccde-4f14-a738-a2c522eca637,user_login,completed,A,benign,0,,2,[],"• Routine activity — no threat detected
• 2 indicator(s) found (ipv4, username)
• LOW RISK (0/100) — no action needed
• Affected user: admin_290",2026-04-09 10:27:23.278346+00,2026-04-09 10:30:40.163804+00,196.885458
9f764c64-6bd2-45cc-91fa-0a2c31559987,password_change,completed,A,benign,0,,2,[],"• Routine activity — no threat detected
• 2 indicator(s) found (ipv4, username)
• LOW RISK (0/100) — no action needed
• Affected user: asmith_291",2026-04-09 10:27:23.7894+00,2026-04-09 10:31:47.151517+00,263.362117
c8aad4c8-e763-4d4a-be22-f867ebc01c93,data_exfiltration,completed,A,true_positive,100,,8,"[{""id"": ""T1041"", ""name"": ""Exfiltration Over C2 Channel"", ""tactic"": ""Exfiltration""}, {""id"": ""T1567"", ""name"": ""Exfiltration Over Web Service"", ""tactic"": ""Exfiltration""}, {""id"": ""T1048"", ""name"": ""Exfiltration Over Alternative Protocol"", ""tactic"": ""Exfiltration""}]","• CONFIRMED ATTACK detected from 10.200.2.39
• Large data transfer: 5.2 GB
• 3 indicator(s) found (ipv4, username)
• HIGH RISK (100/100) — immediate action recommended
• MITRE ATT&CK: {'id': 'T1041', 'name': 'Exfiltration Over C2 Channel', 'tactic': 'Exfiltration'}, {'id': 'T1567', 'name': 'Exfiltration Over Web Service', 'tactic': 'Exfiltration'}, {'id': 'T1048', 'name': 'Exfiltration Over Alternative Protocol', 'tactic': 'Exfiltration'}
• Affected user: attacker_user_292",2026-04-09 10:27:24.304519+00,2026-04-09 10:33:34.087931+00,369.783412
9ce548fc-cfd7-4874-85ec-0135c89737b4,brute_force,completed,A,true_positive,95,,7,"[{""id"": ""T1110"", ""name"": ""Brute Force"", ""tactic"": ""Credential Access""}, {""id"": ""T1110.001"", ""name"": ""Password Guessing"", ""tactic"": ""Credential Access""}, {""id"": ""T1110.003"", ""name"": ""Password Spraying"", ""tactic"": ""Credential Access""}]","• CONFIRMED ATTACK detected from 10.200.2.40
• Attack Signal: Command injection
• 2 indicator(s) found (ipv4, username)
• HIGH RISK (95/100) — immediate action recommended
• MITRE ATT&CK: {'id': 'T1110', 'name': 'Brute Force', 'tactic': 'Credential Access'}, {'id': 'T1110.001', 'name': 'Password Guessing', 'tactic': 'Credential Access'}, {'id': 'T1110.003', 'name': 'Password Spraying', 'tactic': 'Credential Access'}
• Affected user: jdoe_293",2026-04-09 10:27:24.816352+00,2026-04-09 10:33:15.247724+00,350.431372
b715886d-4b90-4f08-a1fa-9e932913008a,golden_ticket,completed,A,true_positive,100,,7,"[{""id"": ""T1558.001"", ""name"": ""Golden Ticket"", ""tactic"": ""Credential Access""}]","• CONFIRMED ATTACK detected from 10.200.2.41
• Forged Kerberos ticket detected
• 2 indicator(s) found (ipv4, username)
• HIGH RISK (100/100) — immediate action recommended
• MITRE ATT&CK: {'id': 'T1558.001', 'name': 'Golden Ticket', 'tactic': 'Credential Access'}
• Affected user: web_admin_294",2026-04-09 10:27:25.343869+00,2026-04-09 10:31:41.093397+00,255.749528
1a826f56-9ab8-4369-b7c3-c9cfdceb007f,ransomware,completed,A,true_positive,100,,8,"[{""id"": ""T1486"", ""name"": ""Data Encrypted for Impact"", ""tactic"": ""Impact""}, {""id"": ""T1490"", ""name"": ""Inhibit System Recovery"", ""tactic"": ""Impact""}, {""id"": ""T1059"", ""name"": ""Command and Scripting Interpreter"", ""tactic"": ""Execution""}, {""id"": ""T1547"", ""name"": ""Boot or Logon Autostart Execution"", ""tactic"": ""Persistence""}]","• CONFIRMED ATTACK detected from 10.200.2.42
• Shadow copy deletion detected (vssadmin delete shadows)
• 2 indicator(s) found (ipv4, username)
• HIGH RISK (100/100) — immediate action recommended
• MITRE ATT&CK: {'id': 'T1486', 'name': 'Data Encrypted for Impact', 'tactic': 'Impact'}, {'id': 'T1490', 'name': 'Inhibit System Recovery', 'tactic': 'Impact'}, {'id': 'T1059', 'name': 'Command and Scripting Interpreter', 'tactic': 'Execution'}
• Affected user: Administrator_295",2026-04-09 10:27:25.858806+00,2026-04-09 10:29:34.505124+00,128.646318
972c9c7c-4e04-433c-9999-861a4e1b8a13,lolbin_abuse,completed,A,benign,15,,8,"[{""id"": ""T1218"", ""name"": ""System Binary Proxy Execution"", ""tactic"": ""Defense Evasion""}, {""id"": ""T1218.005"", ""name"": ""Mshta"", ""tactic"": ""Defense Evasion""}, {""id"": ""T1218.011"", ""name"": ""Rundll32"", ""tactic"": ""Defense Evasion""}]","• Routine activity — no threat detected
• URL targets suspicious executable: http://bad.host/stage2.ps1
• 3 indicator(s) found (ipv4, url, username)
• LOW RISK (15/100) — no action needed
• MITRE ATT&CK: {'id': 'T1218', 'name': 'System Binary Proxy Execution', 'tactic': 'Defense Evasion'}, {'id': 'T1218.005', 'name': 'Mshta', 'tactic': 'Defense Evasion'}, {'id': 'T1218.011', 'name': 'Rundll32', 'tactic': 'Defense Evasion'}
• Affected user: web_admin_296",2026-04-09 10:27:26.374655+00,2026-04-09 10:30:35.808547+00,189.433892
2a991e5d-4e7d-454b-9326-781fdb0b844e,windows_update,completed,A,benign,0,,2,[],"• Routine activity — no threat detected
• 2 indicator(s) found (ipv4, username)
• LOW RISK (0/100) — no action needed
• Affected user: data_thief_297",2026-04-09 10:27:26.892972+00,2026-04-09 10:29:46.331791+00,139.438819
2f5da32f-0986-406e-bdd9-7c3b13399abf,password_change,completed,A,benign,0,,2,[],"• Routine activity — no threat detected
• 2 indicator(s) found (ipv4, username)
• LOW RISK (0/100) — no action needed
• Affected user: exfil_user_298",2026-04-09 10:27:27.409857+00,2026-04-09 10:30:43.167863+00,195.758006
385d460d-4bf7-4fd2-be75-03cbac914745,ransomware,completed,A,true_positive,100,,8,"[{""id"": ""T1486"", ""name"": ""Data Encrypted for Impact"", ""tactic"": ""Impact""}, {""id"": ""T1490"", ""name"": ""Inhibit System Recovery"", ""tactic"": ""Impact""}, {""id"": ""T1059"", ""name"": ""Command and Scripting Interpreter"", ""tactic"": ""Execution""}, {""id"": ""T1547"", ""name"": ""Boot or Logon Autostart Execution"", ""tactic"": ""Persistence""}]","• CONFIRMED ATTACK detected from 10.200.2.46
• Shadow copy deletion detected (vssadmin delete shadows)
• 2 indicator(s) found (ipv4, username)
• HIGH RISK (100/100) — immediate action recommended
• MITRE ATT&CK: {'id': 'T1486', 'name': 'Data Encrypted for Impact', 'tactic': 'Impact'}, {'id': 'T1490', 'name': 'Inhibit System Recovery', 'tactic': 'Impact'}, {'id': 'T1059', 'name': 'Command and Scripting Interpreter', 'tactic': 'Execution'}
• Affected user: SYSTEM_299",2026-04-09 10:27:27.932109+00,2026-04-09 10:31:31.710867+00,243.778758
6c3ec451-78de-4193-8dd4-645ee3bcb314,lateral_movement,completed,A,true_positive,100,,8,"[{""id"": ""T1021"", ""name"": ""Remote Services"", ""tactic"": ""Lateral Movement""}, {""id"": ""T1021.002"", ""name"": ""SMB/Windows Admin Shares"", ""tactic"": ""Lateral Movement""}, {""id"": ""T1570"", ""name"": ""Lateral Tool Transfer"", ""tactic"": ""Lateral Movement""}, {""id"": ""T1047"", ""name"": ""Windows Management Instrumentation"", ""tactic"": ""Execution""}]","• CONFIRMED ATTACK detected from 10.200.2.47
• Detected ipv4: 10.0.60.133
• 3 indicator(s) found (ipv4, username)
• HIGH RISK (100/100) — immediate action recommended
• MITRE ATT&CK: {'id': 'T1021', 'name': 'Remote Services', 'tactic': 'Lateral Movement'}, {'id': 'T1021.002', 'name': 'SMB/Windows Admin Shares', 'tactic': 'Lateral Movement'}, {'id': 'T1570', 'name': 'Lateral Tool Transfer', 'tactic': 'Lateral Movement'}
• Affected user: SYSTEM_300",2026-04-09 10:27:28.531939+00,2026-04-09 10:33:15.80056+00,347.268621
74294502-0c5f-4470-85b4-c9f7810ad46f,brute_force,completed,A,true_positive,95,,7,"[{""id"": ""T1110"", ""name"": ""Brute Force"", ""tactic"": ""Credential Access""}, {""id"": ""T1110.001"", ""name"": ""Password Guessing"", ""tactic"": ""Credential Access""}, {""id"": ""T1110.003"", ""name"": ""Password Spraying"", ""tactic"": ""Credential Access""}]","• CONFIRMED ATTACK detected from 10.200.2.48
• Attack Signal: Command injection
• 2 indicator(s) found (ipv4, username)
• HIGH RISK (95/100) — immediate action recommended
• MITRE ATT&CK: {'id': 'T1110', 'name': 'Brute Force', 'tactic': 'Credential Access'}, {'id': 'T1110.001', 'name': 'Password Guessing', 'tactic': 'Credential Access'}, {'id': 'T1110.003', 'name': 'Password Spraying', 'tactic': 'Credential Access'}
• Affected user: Administrator_301",2026-04-09 10:27:29.05889+00,2026-04-09 10:31:01.509252+00,212.450362
b7b6bd5f-6ed6-435f-bde9-10f675ef596d,phishing,completed,A,true_positive,85,,10,"[{""id"": ""T1566"", ""name"": ""Phishing"", ""tactic"": ""Initial Access""}, {""id"": ""T1566.001"", ""name"": ""Spearphishing Attachment"", ""tactic"": ""Initial Access""}, {""id"": ""T1566.002"", ""name"": ""Spearphishing Link"", ""tactic"": ""Initial Access""}, {""id"": ""T1204.001"", ""name"": ""Malicious Link"", ""tactic"": ""Execution""}]","• CONFIRMED ATTACK detected from 10.200.2.49
• Urgency/social engineering language detected
• 5 indicator(s) found (domain, email, ipv4, url, username)
• HIGH RISK (85/100) — immediate action recommended
• MITRE ATT&CK: {'id': 'T1566', 'name': 'Phishing', 'tactic': 'Initial Access'}, {'id': 'T1566.001', 'name': 'Spearphishing Attachment', 'tactic': 'Initial Access'}, {'id': 'T1566.002', 'name': 'Spearphishing Link', 'tactic': 'Initial Access'}
• Affected user: backup_svc_302",2026-04-09 10:27:29.64056+00,2026-04-09 10:33:03.452873+00,333.812313
27dabf1e-6d56-480b-946e-cc3d6e95af7a,phishing,completed,A,true_positive,70,,10,"[{""id"": ""T1566"", ""name"": ""Phishing"", ""tactic"": ""Initial Access""}, {""id"": ""T1566.001"", ""name"": ""Spearphishing Attachment"", ""tactic"": ""Initial Access""}, {""id"": ""T1566.002"", ""name"": ""Spearphishing Link"", ""tactic"": ""Initial Access""}, {""id"": ""T1204.001"", ""name"": ""Malicious Link"", ""tactic"": ""Execution""}]","• CONFIRMED ATTACK detected from 10.200.2.50
• Credential harvesting indicators detected
• 4 indicator(s) found (domain, email, ipv4, username)
• HIGH RISK (70/100) — immediate action recommended
• MITRE ATT&CK: {'id': 'T1566', 'name': 'Phishing', 'tactic': 'Initial Access'}, {'id': 'T1566.001', 'name': 'Spearphishing Attachment', 'tactic': 'Initial Access'}, {'id': 'T1566.002', 'name': 'Spearphishing Link', 'tactic': 'Initial Access'}
• Affected user: web_admin_303",2026-04-09 10:27:30.178246+00,2026-04-09 10:29:39.627009+00,129.448763
0d737e2b-6320-4612-ac5a-97b3dda21d38,lolbin_abuse,completed,A,benign,15,,8,"[{""id"": ""T1218"", ""name"": ""System Binary Proxy Execution"", ""tactic"": ""Defense Evasion""}, {""id"": ""T1218.005"", ""name"": ""Mshta"", ""tactic"": ""Defense Evasion""}, {""id"": ""T1218.011"", ""name"": ""Rundll32"", ""tactic"": ""Defense Evasion""}]","• Routine activity — no threat detected
• URL targets suspicious executable: http://bad.host/stage2.ps1
• 3 indicator(s) found (ipv4, url, username)
• LOW RISK (15/100) — no action needed
• MITRE ATT&CK: {'id': 'T1218', 'name': 'System Binary Proxy Execution', 'tactic': 'Defense Evasion'}, {'id': 'T1218.005', 'name': 'Mshta', 'tactic': 'Defense Evasion'}, {'id': 'T1218.011', 'name': 'Rundll32', 'tactic': 'Defense Evasion'}
• Affected user: SYSTEM_304",2026-04-09 10:27:30.711303+00,2026-04-09 10:31:37.340356+00,246.629053
72ec7b50-9cb8-4360-8f33-386c585fa6c4,user_login,completed,A,benign,0,,2,[],"• Routine activity — no threat detected
• 2 indicator(s) found (ipv4, username)
• LOW RISK (0/100) — no action needed
• Affected user: attacker_user_305",2026-04-09 10:27:31.245747+00,2026-04-09 10:29:33.172232+00,121.926485
b95b514f-6ad9-4438-a70e-16c55e0f61c0,health_check,completed,A,benign,0,,2,[],"• Routine activity — no threat detected
• 2 indicator(s) found (ipv4, username)
• LOW RISK (0/100) — no action needed
• Affected user: exfil_user_306",2026-04-09 10:27:31.794623+00,2026-04-09 10:32:41.880601+00,310.085978
0a5c82fe-5a42-4c6f-a988-9a82b89c886f,windows_update,completed,A,benign,0,,2,[],"• Routine activity — no threat detected
• 2 indicator(s) found (ipv4, username)
• LOW RISK (0/100) — no action needed
• Affected user: SYSTEM_307",2026-04-09 10:27:32.319819+00,2026-04-09 10:33:29.525125+00,357.205306
6203fb54-2ec7-413f-a62d-e0d1ce19e165,ransomware,completed,A,true_positive,100,,8,"[{""id"": ""T1486"", ""name"": ""Data Encrypted for Impact"", ""tactic"": ""Impact""}, {""id"": ""T1490"", ""name"": ""Inhibit System Recovery"", ""tactic"": ""Impact""}, {""id"": ""T1059"", ""name"": ""Command and Scripting Interpreter"", ""tactic"": ""Execution""}, {""id"": ""T1547"", ""name"": ""Boot or Logon Autostart Execution"", ""tactic"": ""Persistence""}]","• CONFIRMED ATTACK detected from 10.200.2.55
• Shadow copy deletion detected (vssadmin delete shadows)
• 2 indicator(s) found (ipv4, username)
• HIGH RISK (100/100) — immediate action recommended
• MITRE ATT&CK: {'id': 'T1486', 'name': 'Data Encrypted for Impact', 'tactic': 'Impact'}, {'id': 'T1490', 'name': 'Inhibit System Recovery', 'tactic': 'Impact'}, {'id': 'T1059', 'name': 'Command and Scripting Interpreter', 'tactic': 'Execution'}
• Affected user: jdoe_308",2026-04-09 10:27:32.861435+00,2026-04-09 10:33:03.419557+00,330.558122
c5fbb713-c014-47eb-8feb-973c94991d9c,phishing,completed,A,true_positive,85,,10,"[{""id"": ""T1566"", ""name"": ""Phishing"", ""tactic"": ""Initial Access""}, {""id"": ""T1566.001"", ""name"": ""Spearphishing Attachment"", ""tactic"": ""Initial Access""}, {""id"": ""T1566.002"", ""name"": ""Spearphishing Link"", ""tactic"": ""Initial Access""}, {""id"": ""T1204.001"", ""name"": ""Malicious Link"", ""tactic"": ""Execution""}]","• CONFIRMED ATTACK detected from 10.200.2.56
• Urgency/social engineering language detected
• 5 indicator(s) found (domain, email, ipv4, url, username)
• HIGH RISK (85/100) — immediate action recommended
• MITRE ATT&CK: {'id': 'T1566', 'name': 'Phishing', 'tactic': 'Initial Access'}, {'id': 'T1566.001', 'name': 'Spearphishing Attachment', 'tactic': 'Initial Access'}, {'id': 'T1566.002', 'name': 'Spearphishing Link', 'tactic': 'Initial Access'}
• Affected user: jsmith_309",2026-04-09 10:27:33.404111+00,2026-04-09 10:33:14.181028+00,340.776917
f11bcabc-0c7a-45e6-ac81-8b6fbf8f3690,lolbin_abuse,completed,A,benign,15,,8,"[{""id"": ""T1218"", ""name"": ""System Binary Proxy Execution"", ""tactic"": ""Defense Evasion""}, {""id"": ""T1218.005"", ""name"": ""Mshta"", ""tactic"": ""Defense Evasion""}, {""id"": ""T1218.011"", ""name"": ""Rundll32"", ""tactic"": ""Defense Evasion""}]","• Routine activity — no threat detected
• URL targets suspicious executable: http://bad.host/stage2.ps1
• 3 indicator(s) found (ipv4, url, username)
• LOW RISK (15/100) — no action needed
• MITRE ATT&CK: {'id': 'T1218', 'name': 'System Binary Proxy Execution', 'tactic': 'Defense Evasion'}, {'id': 'T1218.005', 'name': 'Mshta', 'tactic': 'Defense Evasion'}, {'id': 'T1218.011', 'name': 'Rundll32', 'tactic': 'Defense Evasion'}
• Affected user: sql_svc_310",2026-04-09 10:27:33.918462+00,2026-04-09 10:33:29.456439+00,355.537977
e2291688-5464-46ca-a470-0ca705f4c2a2,ransomware,completed,A,true_positive,100,,8,"[{""id"": ""T1486"", ""name"": ""Data Encrypted for Impact"", ""tactic"": ""Impact""}, {""id"": ""T1490"", ""name"": ""Inhibit System Recovery"", ""tactic"": ""Impact""}, {""id"": ""T1059"", ""name"": ""Command and Scripting Interpreter"", ""tactic"": ""Execution""}, {""id"": ""T1547"", ""name"": ""Boot or Logon Autostart Execution"", ""tactic"": ""Persistence""}]","• CONFIRMED ATTACK detected from 10.200.2.58
• Shadow copy deletion detected (vssadmin delete shadows)
• 2 indicator(s) found (ipv4, username)
• HIGH RISK (100/100) — immediate action recommended
• MITRE ATT&CK: {'id': 'T1486', 'name': 'Data Encrypted for Impact', 'tactic': 'Impact'}, {'id': 'T1490', 'name': 'Inhibit System Recovery', 'tactic': 'Impact'}, {'id': 'T1059', 'name': 'Command and Scripting Interpreter', 'tactic': 'Execution'}
• Affected user: root_311",2026-04-09 10:27:34.429915+00,2026-04-09 10:29:35.698025+00,121.268110
aadce21b-a411-4dac-b6a3-8d665673736c,phishing,completed,A,true_positive,70,,10,"[{""id"": ""T1566"", ""name"": ""Phishing"", ""tactic"": ""Initial Access""}, {""id"": ""T1566.001"", ""name"": ""Spearphishing Attachment"", ""tactic"": ""Initial Access""}, {""id"": ""T1566.002"", ""name"": ""Spearphishing Link"", ""tactic"": ""Initial Access""}, {""id"": ""T1204.001"", ""name"": ""Malicious Link"", ""tactic"": ""Execution""}]","• CONFIRMED ATTACK detected from 10.200.2.59
• Credential harvesting indicators detected
• 4 indicator(s) found (domain, email, ipv4, username)
• HIGH RISK (70/100) — immediate action recommended
• MITRE ATT&CK: {'id': 'T1566', 'name': 'Phishing', 'tactic': 'Initial Access'}, {'id': 'T1566.001', 'name': 'Spearphishing Attachment', 'tactic': 'Initial Access'}, {'id': 'T1566.002', 'name': 'Spearphishing Link', 'tactic': 'Initial Access'}
• Affected user: svc_backup_312",2026-04-09 10:27:34.946359+00,2026-04-09 10:35:02.311926+00,447.365567
8791087b-3ac6-4673-a866-fe1716f4153a,user_login,completed,A,benign,0,,2,[],"• Routine activity — no threat detected
• 2 indicator(s) found (ipv4, username)
• LOW RISK (0/100) — no action needed
• Affected user: admin_313",2026-04-09 10:27:35.459842+00,2026-04-09 10:33:13.258701+00,337.798859
3a793dfe-fe0f-4f43-b83f-5192b231626d,user_login,completed,A,benign,0,,2,[],"• Routine activity — no threat detected
• 2 indicator(s) found (ipv4, username)
• LOW RISK (0/100) — no action needed
• Affected user: golden_attacker_314",2026-04-09 10:27:35.975359+00,2026-04-09 10:32:16.423702+00,280.448343
a14aa356-481a-4425-b9e8-6357640a5f8f,scheduled_backup,completed,A,benign,0,,2,[],"• Routine activity — no threat detected
• 2 indicator(s) found (ipv4, username)
• LOW RISK (0/100) — no action needed
• Affected user: user2_315",2026-04-09 10:27:36.499081+00,2026-04-09 10:32:37.000466+00,300.501385
e217fa29-6d27-42c2-8e7c-d4e0b88ab173,lateral_movement,completed,A,true_positive,100,,8,"[{""id"": ""T1021"", ""name"": ""Remote Services"", ""tactic"": ""Lateral Movement""}, {""id"": ""T1021.002"", ""name"": ""SMB/Windows Admin Shares"", ""tactic"": ""Lateral Movement""}, {""id"": ""T1570"", ""name"": ""Lateral Tool Transfer"", ""tactic"": ""Lateral Movement""}, {""id"": ""T1047"", ""name"": ""Windows Management Instrumentation"", ""tactic"": ""Execution""}]","• CONFIRMED ATTACK detected from 10.200.2.63
• Detected ipv4: 192.168.1.109
• 3 indicator(s) found (ipv4, username)
• HIGH RISK (100/100) — immediate action recommended
• MITRE ATT&CK: {'id': 'T1021', 'name': 'Remote Services', 'tactic': 'Lateral Movement'}, {'id': 'T1021.002', 'name': 'SMB/Windows Admin Shares', 'tactic': 'Lateral Movement'}, {'id': 'T1570', 'name': 'Lateral Tool Transfer', 'tactic': 'Lateral Movement'}
• Affected user: attacker_user_316",2026-04-09 10:27:37.057652+00,2026-04-09 10:32:39.648605+00,302.590953
aafda741-2c23-4726-8773-5926916e8cfa,health_check,completed,A,benign,0,,2,[],"• Routine activity — no threat detected
• 2 indicator(s) found (ipv4, username)
• LOW RISK (0/100) — no action needed
• Affected user: user2_317",2026-04-09 10:27:37.635269+00,2026-04-09 10:34:17.316065+00,399.680796
9db33c4f-1d13-492f-af86-3d2312aae4b8,phishing,completed,A,true_positive,85,,10,"[{""id"": ""T1566"", ""name"": ""Phishing"", ""tactic"": ""Initial Access""}, {""id"": ""T1566.001"", ""name"": ""Spearphishing Attachment"", ""tactic"": ""Initial Access""}, {""id"": ""T1566.002"", ""name"": ""Spearphishing Link"", ""tactic"": ""Initial Access""}, {""id"": ""T1204.001"", ""name"": ""Malicious Link"", ""tactic"": ""Execution""}]","• CONFIRMED ATTACK detected from 10.200.2.65
• Urgency/social engineering language detected
• 5 indicator(s) found (domain, email, ipv4, url, username)
• HIGH RISK (85/100) — immediate action recommended
• MITRE ATT&CK: {'id': 'T1566', 'name': 'Phishing', 'tactic': 'Initial Access'}, {'id': 'T1566.001', 'name': 'Spearphishing Attachment', 'tactic': 'Initial Access'}, {'id': 'T1566.002', 'name': 'Spearphishing Link', 'tactic': 'Initial Access'}
• Affected user: data_thief_318",2026-04-09 10:27:38.153896+00,2026-04-09 10:32:41.245419+00,303.091523
54a52773-5002-4eb2-8c41-90247cff6f40,golden_ticket,completed,A,true_positive,100,,7,"[{""id"": ""T1558.001"", ""name"": ""Golden Ticket"", ""tactic"": ""Credential Access""}]","• CONFIRMED ATTACK detected from 10.200.2.66
• Forged Kerberos ticket detected
• 2 indicator(s) found (ipv4, username)
• HIGH RISK (100/100) — immediate action recommended
• MITRE ATT&CK: {'id': 'T1558.001', 'name': 'Golden Ticket', 'tactic': 'Credential Access'}
• Affected user: sql_svc_319",2026-04-09 10:27:38.667389+00,2026-04-09 10:34:20.165968+00,401.498579
cb3f7cfa-5c62-4703-ab18-d4b79bc12a1b,data_exfiltration,completed,A,true_positive,100,,8,"[{""id"": ""T1041"", ""name"": ""Exfiltration Over C2 Channel"", ""tactic"": ""Exfiltration""}, {""id"": ""T1567"", ""name"": ""Exfiltration Over Web Service"", ""tactic"": ""Exfiltration""}, {""id"": ""T1048"", ""name"": ""Exfiltration Over Alternative Protocol"", ""tactic"": ""Exfiltration""}]","• CONFIRMED ATTACK detected from 10.200.2.67
• Large data transfer: 5.2 GB
• 3 indicator(s) found (ipv4, username)
• HIGH RISK (100/100) — immediate action recommended
• MITRE ATT&CK: {'id': 'T1041', 'name': 'Exfiltration Over C2 Channel', 'tactic': 'Exfiltration'}, {'id': 'T1567', 'name': 'Exfiltration Over Web Service', 'tactic': 'Exfiltration'}, {'id': 'T1048', 'name': 'Exfiltration Over Alternative Protocol', 'tactic': 'Exfiltration'}
• Affected user: SYSTEM_320",2026-04-09 10:27:39.181716+00,2026-04-09 10:33:07.791793+00,328.610077
b0addefd-0119-4ee7-b2c5-6c9d8c2f08d3,brute_force,completed,A,true_positive,95,,7,"[{""id"": ""T1110"", ""name"": ""Brute Force"", ""tactic"": ""Credential Access""}, {""id"": ""T1110.001"", ""name"": ""Password Guessing"", ""tactic"": ""Credential Access""}, {""id"": ""T1110.003"", ""name"": ""Password Spraying"", ""tactic"": ""Credential Access""}]","• CONFIRMED ATTACK detected from 10.200.2.68
• Attack Signal: Command injection
• 2 indicator(s) found (ipv4, username)
• HIGH RISK (95/100) — immediate action recommended
• MITRE ATT&CK: {'id': 'T1110', 'name': 'Brute Force', 'tactic': 'Credential Access'}, {'id': 'T1110.001', 'name': 'Password Guessing', 'tactic': 'Credential Access'}, {'id': 'T1110.003', 'name': 'Password Spraying', 'tactic': 'Credential Access'}
• Affected user: golden_attacker_321",2026-04-09 10:27:39.696047+00,2026-04-09 10:35:16.181244+00,456.485197
96ae6f45-240a-470a-9134-709785b327f5,golden_ticket,completed,A,true_positive,100,,7,"[{""id"": ""T1558.001"", ""name"": ""Golden Ticket"", ""tactic"": ""Credential Access""}]","• CONFIRMED ATTACK detected from 10.200.2.69
• Forged Kerberos ticket detected
• 2 indicator(s) found (ipv4, username)
• HIGH RISK (100/100) — immediate action recommended
• MITRE ATT&CK: {'id': 'T1558.001', 'name': 'Golden Ticket', 'tactic': 'Credential Access'}
• Affected user: user2_322",2026-04-09 10:27:40.228205+00,2026-04-09 10:32:44.119953+00,303.891748
a34f5250-0beb-416a-9da0-9979d68a45d3,lateral_movement,completed,A,true_positive,100,,8,"[{""id"": ""T1021"", ""name"": ""Remote Services"", ""tactic"": ""Lateral Movement""}, {""id"": ""T1021.002"", ""name"": ""SMB/Windows Admin Shares"", ""tactic"": ""Lateral Movement""}, {""id"": ""T1570"", ""name"": ""Lateral Tool Transfer"", ""tactic"": ""Lateral Movement""}, {""id"": ""T1047"", ""name"": ""Windows Management Instrumentation"", ""tactic"": ""Execution""}]","• CONFIRMED ATTACK detected from 10.200.2.70
• Detected ipv4: 172.16.0.180
• 3 indicator(s) found (ipv4, username)
• HIGH RISK (100/100) — immediate action recommended
• MITRE ATT&CK: {'id': 'T1021', 'name': 'Remote Services', 'tactic': 'Lateral Movement'}, {'id': 'T1021.002', 'name': 'SMB/Windows Admin Shares', 'tactic': 'Lateral Movement'}, {'id': 'T1570', 'name': 'Lateral Tool Transfer', 'tactic': 'Lateral Movement'}
• Affected user: attacker_user_323",2026-04-09 10:27:40.745166+00,2026-04-09 10:32:43.312846+00,302.567680
56d4fc05-36ac-4d37-86ba-ebcb4deb62ab,lateral_movement,completed,A,true_positive,100,,8,"[{""id"": ""T1021"", ""name"": ""Remote Services"", ""tactic"": ""Lateral Movement""}, {""id"": ""T1021.002"", ""name"": ""SMB/Windows Admin Shares"", ""tactic"": ""Lateral Movement""}, {""id"": ""T1570"", ""name"": ""Lateral Tool Transfer"", ""tactic"": ""Lateral Movement""}, {""id"": ""T1047"", ""name"": ""Windows Management Instrumentation"", ""tactic"": ""Execution""}]","• CONFIRMED ATTACK detected from 10.200.2.71
• Detected ipv4: 10.0.30.187
• 3 indicator(s) found (ipv4, username)
• HIGH RISK (100/100) — immediate action recommended
• MITRE ATT&CK: {'id': 'T1021', 'name': 'Remote Services', 'tactic': 'Lateral Movement'}, {'id': 'T1021.002', 'name': 'SMB/Windows Admin Shares', 'tactic': 'Lateral Movement'}, {'id': 'T1570', 'name': 'Lateral Tool Transfer', 'tactic': 'Lateral Movement'}
• Affected user: backup_svc_324",2026-04-09 10:27:41.260983+00,2026-04-09 10:32:09.24352+00,267.982537
91794805-2da9-4747-b5a6-e79de733ce5d,health_check,completed,A,benign,0,,2,[],"• Routine activity — no threat detected
• 2 indicator(s) found (ipv4, username)
• LOW RISK (0/100) — no action needed
• Affected user: jsmith_325",2026-04-09 10:27:41.772982+00,2026-04-09 10:34:50.336452+00,428.563470
f57542fe-4739-4aab-8266-b9a7010186ef,data_exfiltration,completed,A,true_positive,100,,8,"[{""id"": ""T1041"", ""name"": ""Exfiltration Over C2 Channel"", ""tactic"": ""Exfiltration""}, {""id"": ""T1567"", ""name"": ""Exfiltration Over Web Service"", ""tactic"": ""Exfiltration""}, {""id"": ""T1048"", ""name"": ""Exfiltration Over Alternative Protocol"", ""tactic"": ""Exfiltration""}]","• CONFIRMED ATTACK detected from 10.200.2.73
• Large data transfer: 5.2 GB
• 3 indicator(s) found (ipv4, username)
• HIGH RISK (100/100) — immediate action recommended
• MITRE ATT&CK: {'id': 'T1041', 'name': 'Exfiltration Over C2 Channel', 'tactic': 'Exfiltration'}, {'id': 'T1567', 'name': 'Exfiltration Over Web Service', 'tactic': 'Exfiltration'}, {'id': 'T1048', 'name': 'Exfiltration Over Alternative Protocol', 'tactic': 'Exfiltration'}
• Affected user: exfil_user_326",2026-04-09 10:27:42.273684+00,2026-04-09 10:32:02.194796+00,259.921112
c94c33a9-8db8-45e2-82e2-9a714fdae313,lolbin_abuse,completed,A,benign,15,,8,"[{""id"": ""T1218"", ""name"": ""System Binary Proxy Execution"", ""tactic"": ""Defense Evasion""}, {""id"": ""T1218.005"", ""name"": ""Mshta"", ""tactic"": ""Defense Evasion""}, {""id"": ""T1218.011"", ""name"": ""Rundll32"", ""tactic"": ""Defense Evasion""}]","• Routine activity — no threat detected
• URL targets suspicious executable: http://bad.host/stage2.ps1
• 3 indicator(s) found (ipv4, url, username)
• LOW RISK (15/100) — no action needed
• MITRE ATT&CK: {'id': 'T1218', 'name': 'System Binary Proxy Execution', 'tactic': 'Defense Evasion'}, {'id': 'T1218.005', 'name': 'Mshta', 'tactic': 'Defense Evasion'}, {'id': 'T1218.011', 'name': 'Rundll32', 'tactic': 'Defense Evasion'}
• Affected user: sql_svc_327",2026-04-09 10:27:42.785343+00,2026-04-09 10:31:39.805513+00,237.020170
cacb6053-c292-49d1-a223-6b30269d3809,lateral_movement,completed,A,true_positive,100,,8,"[{""id"": ""T1021"", ""name"": ""Remote Services"", ""tactic"": ""Lateral Movement""}, {""id"": ""T1021.002"", ""name"": ""SMB/Windows Admin Shares"", ""tactic"": ""Lateral Movement""}, {""id"": ""T1570"", ""name"": ""Lateral Tool Transfer"", ""tactic"": ""Lateral Movement""}, {""id"": ""T1047"", ""name"": ""Windows Management Instrumentation"", ""tactic"": ""Execution""}]","• CONFIRMED ATTACK detected from 10.200.2.75
• Detected ipv4: 192.168.1.193
• 3 indicator(s) found (ipv4, username)
• HIGH RISK (100/100) — immediate action recommended
• MITRE ATT&CK: {'id': 'T1021', 'name': 'Remote Services', 'tactic': 'Lateral Movement'}, {'id': 'T1021.002', 'name': 'SMB/Windows Admin Shares', 'tactic': 'Lateral Movement'}, {'id': 'T1570', 'name': 'Lateral Tool Transfer', 'tactic': 'Lateral Movement'}
• Affected user: web_admin_328",2026-04-09 10:27:43.303447+00,2026-04-09 10:31:47.036033+00,243.732586
a40e20a0-85f8-4207-ad33-8046589407d2,c2_communication,completed,A,true_positive,100,,8,"[{""id"": ""T1071"", ""name"": ""Application Layer Protocol"", ""tactic"": ""Command and Control""}, {""id"": ""T1573"", ""name"": ""Encrypted Channel"", ""tactic"": ""Command and Control""}, {""id"": ""T1105"", ""name"": ""Ingress Tool Transfer"", ""tactic"": ""Command and Control""}, {""id"": ""T1571"", ""name"": ""Non-Standard Port"", ""tactic"": ""Command and Control""}]","• CONFIRMED ATTACK detected from 10.200.2.76
• Regular beacon interval detected: 30.0s (stddev=0.5)
• 3 indicator(s) found (ipv4, username)
• HIGH RISK (100/100) — immediate action recommended
• MITRE ATT&CK: {'id': 'T1071', 'name': 'Application Layer Protocol', 'tactic': 'Command and Control'}, {'id': 'T1573', 'name': 'Encrypted Channel', 'tactic': 'Command and Control'}, {'id': 'T1105', 'name': 'Ingress Tool Transfer', 'tactic': 'Command and Control'}
• Affected user: jsmith_329",2026-04-09 10:27:43.816743+00,2026-04-09 10:34:10.360004+00,386.543261
9351fa38-cbd1-47bf-b32c-de2e86535a73,windows_update,completed,A,benign,0,,2,[],"• Routine activity — no threat detected
• 2 indicator(s) found (ipv4, username)
• LOW RISK (0/100) — no action needed
• Affected user: web_admin_330",2026-04-09 10:27:44.343141+00,2026-04-09 10:32:40.580679+00,296.237538
fae392ab-42e8-46a3-adaa-a1199ee97b9b,c2_communication,completed,A,true_positive,100,,8,"[{""id"": ""T1071"", ""name"": ""Application Layer Protocol"", ""tactic"": ""Command and Control""}, {""id"": ""T1573"", ""name"": ""Encrypted Channel"", ""tactic"": ""Command and Control""}, {""id"": ""T1105"", ""name"": ""Ingress Tool Transfer"", ""tactic"": ""Command and Control""}, {""id"": ""T1571"", ""name"": ""Non-Standard Port"", ""tactic"": ""Command and Control""}]","• CONFIRMED ATTACK detected from 10.200.2.78
• Regular beacon interval detected: 30.0s (stddev=0.5)
• 3 indicator(s) found (ipv4, username)
• HIGH RISK (100/100) — immediate action recommended
• MITRE ATT&CK: {'id': 'T1071', 'name': 'Application Layer Protocol', 'tactic': 'Command and Control'}, {'id': 'T1573', 'name': 'Encrypted Channel', 'tactic': 'Command and Control'}, {'id': 'T1105', 'name': 'Ingress Tool Transfer', 'tactic': 'Command and Control'}
• Affected user: krbtgt_331",2026-04-09 10:27:44.867443+00,2026-04-09 10:37:16.778936+00,571.911493
df4c21e0-f4d2-46fe-be31-12b396db16e8,lolbin_abuse,completed,A,true_positive,100,,8,"[{""id"": ""T1218"", ""name"": ""System Binary Proxy Execution"", ""tactic"": ""Defense Evasion""}, {""id"": ""T1218.005"", ""name"": ""Mshta"", ""tactic"": ""Defense Evasion""}, {""id"": ""T1218.011"", ""name"": ""Rundll32"", ""tactic"": ""Defense Evasion""}]","• CONFIRMED ATTACK detected from 10.200.2.79
• LOLBin abuse: certutil download via -urlcache
• 3 indicator(s) found (ipv4, url, username)
• HIGH RISK (100/100) — immediate action recommended
• MITRE ATT&CK: {'id': 'T1218', 'name': 'System Binary Proxy Execution', 'tactic': 'Defense Evasion'}, {'id': 'T1218.005', 'name': 'Mshta', 'tactic': 'Defense Evasion'}, {'id': 'T1218.011', 'name': 'Rundll32', 'tactic': 'Defense Evasion'}
• Affected user: krbtgt_332",2026-04-09 10:27:45.380544+00,2026-04-09 10:32:32.634393+00,287.253849
4cfd0821-56de-4649-ae70-b7f156a3b5f8,brute_force,completed,A,true_positive,95,,7,"[{""id"": ""T1110"", ""name"": ""Brute Force"", ""tactic"": ""Credential Access""}, {""id"": ""T1110.001"", ""name"": ""Password Guessing"", ""tactic"": ""Credential Access""}, {""id"": ""T1110.003"", ""name"": ""Password Spraying"", ""tactic"": ""Credential Access""}]","• CONFIRMED ATTACK detected from 10.200.2.80
• Attack Signal: Command injection
• 2 indicator(s) found (ipv4, username)
• HIGH RISK (95/100) — immediate action recommended
• MITRE ATT&CK: {'id': 'T1110', 'name': 'Brute Force', 'tactic': 'Credential Access'}, {'id': 'T1110.001', 'name': 'Password Guessing', 'tactic': 'Credential Access'}, {'id': 'T1110.003', 'name': 'Password Spraying', 'tactic': 'Credential Access'}
• Affected user: asmith_333",2026-04-09 10:27:45.896416+00,2026-04-09 10:33:17.881402+00,331.984986
8db5e7aa-e5ad-4320-9a68-14a3c02cd795,scheduled_backup,completed,A,benign,0,,2,[],"• Routine activity — no threat detected
• 2 indicator(s) found (ipv4, username)
• LOW RISK (0/100) — no action needed
• Affected user: krbtgt_334",2026-04-09 10:27:46.415918+00,2026-04-09 10:31:07.079646+00,200.663728
9de50c93-5331-4f4e-9c79-038815bc3428,lateral_movement,completed,A,true_positive,100,,8,"[{""id"": ""T1021"", ""name"": ""Remote Services"", ""tactic"": ""Lateral Movement""}, {""id"": ""T1021.002"", ""name"": ""SMB/Windows Admin Shares"", ""tactic"": ""Lateral Movement""}, {""id"": ""T1570"", ""name"": ""Lateral Tool Transfer"", ""tactic"": ""Lateral Movement""}, {""id"": ""T1047"", ""name"": ""Windows Management Instrumentation"", ""tactic"": ""Execution""}]","• CONFIRMED ATTACK detected from 10.200.2.82
• Detected ipv4: 10.0.20.1
• 3 indicator(s) found (ipv4, username)
• HIGH RISK (100/100) — immediate action recommended
• MITRE ATT&CK: {'id': 'T1021', 'name': 'Remote Services', 'tactic': 'Lateral Movement'}, {'id': 'T1021.002', 'name': 'SMB/Windows Admin Shares', 'tactic': 'Lateral Movement'}, {'id': 'T1570', 'name': 'Lateral Tool Transfer', 'tactic': 'Lateral Movement'}
• Affected user: backup_svc_335",2026-04-09 10:27:46.933374+00,2026-04-09 10:34:10.600961+00,383.667587
9fe3a595-4a69-483f-842d-df93ff072741,brute_force,completed,A,true_positive,95,,7,"[{""id"": ""T1110"", ""name"": ""Brute Force"", ""tactic"": ""Credential Access""}, {""id"": ""T1110.001"", ""name"": ""Password Guessing"", ""tactic"": ""Credential Access""}, {""id"": ""T1110.003"", ""name"": ""Password Spraying"", ""tactic"": ""Credential Access""}]","• CONFIRMED ATTACK detected from 10.200.2.83
• Attack Signal: Command injection
• 2 indicator(s) found (ipv4, username)
• HIGH RISK (95/100) — immediate action recommended
• MITRE ATT&CK: {'id': 'T1110', 'name': 'Brute Force', 'tactic': 'Credential Access'}, {'id': 'T1110.001', 'name': 'Password Guessing', 'tactic': 'Credential Access'}, {'id': 'T1110.003', 'name': 'Password Spraying', 'tactic': 'Credential Access'}
• Affected user: SYSTEM_336",2026-04-09 10:27:47.448132+00,2026-04-09 10:34:10.289296+00,382.841164
c21421d4-3d03-4c76-a544-648309aa5bfe,phishing,completed,A,true_positive,85,,10,"[{""id"": ""T1566"", ""name"": ""Phishing"", ""tactic"": ""Initial Access""}, {""id"": ""T1566.001"", ""name"": ""Spearphishing Attachment"", ""tactic"": ""Initial Access""}, {""id"": ""T1566.002"", ""name"": ""Spearphishing Link"", ""tactic"": ""Initial Access""}, {""id"": ""T1204.001"", ""name"": ""Malicious Link"", ""tactic"": ""Execution""}]","• CONFIRMED ATTACK detected from 10.200.2.84
• Urgency/social engineering language detected
• 5 indicator(s) found (domain, email, ipv4, url, username)
• HIGH RISK (85/100) — immediate action recommended
• MITRE ATT&CK: {'id': 'T1566', 'name': 'Phishing', 'tactic': 'Initial Access'}, {'id': 'T1566.001', 'name': 'Spearphishing Attachment', 'tactic': 'Initial Access'}, {'id': 'T1566.002', 'name': 'Spearphishing Link', 'tactic': 'Initial Access'}
• Affected user: backup_svc_337",2026-04-09 10:27:47.967806+00,2026-04-09 10:39:12.704287+00,684.736481
c5dcb0dd-d40d-4175-b679-1255d232c9b7,kerberoasting,completed,A,true_positive,100,,7,"[{""id"": ""T1558.003"", ""name"": ""Kerberoasting"", ""tactic"": ""Credential Access""}]","• CONFIRMED ATTACK detected from 10.200.2.85
• SPN enumeration detected — Kerberoasting recon
• 3 indicator(s) found (ipv4, service_name, username)
• HIGH RISK (100/100) — immediate action recommended
• MITRE ATT&CK: {'id': 'T1558.003', 'name': 'Kerberoasting', 'tactic': 'Credential Access'}
• Affected user: user2_338",2026-04-09 10:27:48.485812+00,2026-04-09 10:33:29.816256+00,341.330444
ad427a0a-342e-476a-b9a2-7c8bab061fa9,ransomware,completed,A,true_positive,100,,8,"[{""id"": ""T1486"", ""name"": ""Data Encrypted for Impact"", ""tactic"": ""Impact""}, {""id"": ""T1490"", ""name"": ""Inhibit System Recovery"", ""tactic"": ""Impact""}, {""id"": ""T1059"", ""name"": ""Command and Scripting Interpreter"", ""tactic"": ""Execution""}, {""id"": ""T1547"", ""name"": ""Boot or Logon Autostart Execution"", ""tactic"": ""Persistence""}]","• CONFIRMED ATTACK detected from 10.200.2.86
• Shadow copy deletion detected (vssadmin delete shadows)
• 2 indicator(s) found (ipv4, username)
• HIGH RISK (100/100) — immediate action recommended
• MITRE ATT&CK: {'id': 'T1486', 'name': 'Data Encrypted for Impact', 'tactic': 'Impact'}, {'id': 'T1490', 'name': 'Inhibit System Recovery', 'tactic': 'Impact'}, {'id': 'T1059', 'name': 'Command and Scripting Interpreter', 'tactic': 'Execution'}
• Affected user: SYSTEM_339",2026-04-09 10:27:48.998262+00,2026-04-09 10:33:13.482599+00,324.484337
18c5f552-d338-4dca-a98e-c65f97c8a4f4,lateral_movement,completed,A,true_positive,100,,8,"[{""id"": ""T1021"", ""name"": ""Remote Services"", ""tactic"": ""Lateral Movement""}, {""id"": ""T1021.002"", ""name"": ""SMB/Windows Admin Shares"", ""tactic"": ""Lateral Movement""}, {""id"": ""T1570"", ""name"": ""Lateral Tool Transfer"", ""tactic"": ""Lateral Movement""}, {""id"": ""T1047"", ""name"": ""Windows Management Instrumentation"", ""tactic"": ""Execution""}]","• CONFIRMED ATTACK detected from 10.200.2.87
• Detected ipv4: 172.16.0.159
• 3 indicator(s) found (ipv4, username)
• HIGH RISK (100/100) — immediate action recommended
• MITRE ATT&CK: {'id': 'T1021', 'name': 'Remote Services', 'tactic': 'Lateral Movement'}, {'id': 'T1021.002', 'name': 'SMB/Windows Admin Shares', 'tactic': 'Lateral Movement'}, {'id': 'T1570', 'name': 'Lateral Tool Transfer', 'tactic': 'Lateral Movement'}
• Affected user: exfil_user_340",2026-04-09 10:27:49.514075+00,2026-04-09 10:33:45.063218+00,355.549143
b9e70c0e-90f3-406e-a9b2-586cab6fc6e0,lateral_movement,completed,A,true_positive,100,,8,"[{""id"": ""T1021"", ""name"": ""Remote Services"", ""tactic"": ""Lateral Movement""}, {""id"": ""T1021.002"", ""name"": ""SMB/Windows Admin Shares"", ""tactic"": ""Lateral Movement""}, {""id"": ""T1570"", ""name"": ""Lateral Tool Transfer"", ""tactic"": ""Lateral Movement""}, {""id"": ""T1047"", ""name"": ""Windows Management Instrumentation"", ""tactic"": ""Execution""}]","• CONFIRMED ATTACK detected from 10.200.2.88
• Detected ipv4: 172.16.0.204
• 3 indicator(s) found (ipv4, username)
• HIGH RISK (100/100) — immediate action recommended
• MITRE ATT&CK: {'id': 'T1021', 'name': 'Remote Services', 'tactic': 'Lateral Movement'}, {'id': 'T1021.002', 'name': 'SMB/Windows Admin Shares', 'tactic': 'Lateral Movement'}, {'id': 'T1570', 'name': 'Lateral Tool Transfer', 'tactic': 'Lateral Movement'}
• Affected user: web_admin_341",2026-04-09 10:27:50.028688+00,2026-04-09 10:33:31.459253+00,341.430565
7265fe3c-7489-4b4d-a2e7-8f807ba50670,golden_ticket,completed,A,true_positive,100,,7,"[{""id"": ""T1558.001"", ""name"": ""Golden Ticket"", ""tactic"": ""Credential Access""}]","• CONFIRMED ATTACK detected from 10.200.2.89
• Forged Kerberos ticket detected
• 2 indicator(s) found (ipv4, username)
• HIGH RISK (100/100) — immediate action recommended
• MITRE ATT&CK: {'id': 'T1558.001', 'name': 'Golden Ticket', 'tactic': 'Credential Access'}
• Affected user: svc_backup_342",2026-04-09 10:27:50.542155+00,2026-04-09 10:36:36.344077+00,525.801922
a30411c7-0a08-455e-a5a9-39211b105f47,lolbin_abuse,completed,A,true_positive,100,,8,"[{""id"": ""T1218"", ""name"": ""System Binary Proxy Execution"", ""tactic"": ""Defense Evasion""}, {""id"": ""T1218.005"", ""name"": ""Mshta"", ""tactic"": ""Defense Evasion""}, {""id"": ""T1218.011"", ""name"": ""Rundll32"", ""tactic"": ""Defense Evasion""}]","• CONFIRMED ATTACK detected from 10.200.2.90
• LOLBin abuse: certutil download via -urlcache
• 3 indicator(s) found (ipv4, url, username)
• HIGH RISK (100/100) — immediate action recommended
• MITRE ATT&CK: {'id': 'T1218', 'name': 'System Binary Proxy Execution', 'tactic': 'Defense Evasion'}, {'id': 'T1218.005', 'name': 'Mshta', 'tactic': 'Defense Evasion'}, {'id': 'T1218.011', 'name': 'Rundll32', 'tactic': 'Defense Evasion'}
• Affected user: krbtgt_343",2026-04-09 10:27:51.054313+00,2026-04-09 10:34:17.711083+00,386.656770
4b8928dd-7db3-4b88-9e48-d61d9d7d9ca0,phishing,completed,A,true_positive,85,,10,"[{""id"": ""T1566"", ""name"": ""Phishing"", ""tactic"": ""Initial Access""}, {""id"": ""T1566.001"", ""name"": ""Spearphishing Attachment"", ""tactic"": ""Initial Access""}, {""id"": ""T1566.002"", ""name"": ""Spearphishing Link"", ""tactic"": ""Initial Access""}, {""id"": ""T1204.001"", ""name"": ""Malicious Link"", ""tactic"": ""Execution""}]","• CONFIRMED ATTACK detected from 10.200.2.91
• Urgency/social engineering language detected
• 5 indicator(s) found (domain, email, ipv4, url, username)
• HIGH RISK (85/100) — immediate action recommended
• MITRE ATT&CK: {'id': 'T1566', 'name': 'Phishing', 'tactic': 'Initial Access'}, {'id': 'T1566.001', 'name': 'Spearphishing Attachment', 'tactic': 'Initial Access'}, {'id': 'T1566.002', 'name': 'Spearphishing Link', 'tactic': 'Initial Access'}
• Affected user: Administrator_344",2026-04-09 10:27:51.567897+00,2026-04-09 10:33:14.857932+00,323.290035
e6077c46-bdca-493e-895f-f3244410c056,lateral_movement,completed,A,true_positive,100,,8,"[{""id"": ""T1021"", ""name"": ""Remote Services"", ""tactic"": ""Lateral Movement""}, {""id"": ""T1021.002"", ""name"": ""SMB/Windows Admin Shares"", ""tactic"": ""Lateral Movement""}, {""id"": ""T1570"", ""name"": ""Lateral Tool Transfer"", ""tactic"": ""Lateral Movement""}, {""id"": ""T1047"", ""name"": ""Windows Management Instrumentation"", ""tactic"": ""Execution""}]","• CONFIRMED ATTACK detected from 10.200.2.92
• Detected ipv4: 10.0.60.149
• 3 indicator(s) found (ipv4, username)
• HIGH RISK (100/100) — immediate action recommended
• MITRE ATT&CK: {'id': 'T1021', 'name': 'Remote Services', 'tactic': 'Lateral Movement'}, {'id': 'T1021.002', 'name': 'SMB/Windows Admin Shares', 'tactic': 'Lateral Movement'}, {'id': 'T1570', 'name': 'Lateral Tool Transfer', 'tactic': 'Lateral Movement'}
• Affected user: SYSTEM_345",2026-04-09 10:27:52.081646+00,2026-04-09 10:33:34.025573+00,341.943927
13ef93bc-2276-43e9-8a93-185046d4818a,phishing,completed,A,true_positive,70,,10,"[{""id"": ""T1566"", ""name"": ""Phishing"", ""tactic"": ""Initial Access""}, {""id"": ""T1566.001"", ""name"": ""Spearphishing Attachment"", ""tactic"": ""Initial Access""}, {""id"": ""T1566.002"", ""name"": ""Spearphishing Link"", ""tactic"": ""Initial Access""}, {""id"": ""T1204.001"", ""name"": ""Malicious Link"", ""tactic"": ""Execution""}]","• CONFIRMED ATTACK detected from 10.200.2.93
• Credential harvesting indicators detected
• 4 indicator(s) found (domain, email, ipv4, username)
• HIGH RISK (70/100) — immediate action recommended
• MITRE ATT&CK: {'id': 'T1566', 'name': 'Phishing', 'tactic': 'Initial Access'}, {'id': 'T1566.001', 'name': 'Spearphishing Attachment', 'tactic': 'Initial Access'}, {'id': 'T1566.002', 'name': 'Spearphishing Link', 'tactic': 'Initial Access'}
• Affected user: jdoe_346",2026-04-09 10:27:52.596809+00,2026-04-09 10:32:06.340827+00,253.744018
13ae0ecd-cd16-45a1-8d81-611a7b27b26b,data_exfiltration,completed,A,true_positive,100,,8,"[{""id"": ""T1041"", ""name"": ""Exfiltration Over C2 Channel"", ""tactic"": ""Exfiltration""}, {""id"": ""T1567"", ""name"": ""Exfiltration Over Web Service"", ""tactic"": ""Exfiltration""}, {""id"": ""T1048"", ""name"": ""Exfiltration Over Alternative Protocol"", ""tactic"": ""Exfiltration""}]","• CONFIRMED ATTACK detected from 10.200.2.94
• Large data transfer: 5.2 GB
• 3 indicator(s) found (ipv4, username)
• HIGH RISK (100/100) — immediate action recommended
• MITRE ATT&CK: {'id': 'T1041', 'name': 'Exfiltration Over C2 Channel', 'tactic': 'Exfiltration'}, {'id': 'T1567', 'name': 'Exfiltration Over Web Service', 'tactic': 'Exfiltration'}, {'id': 'T1048', 'name': 'Exfiltration Over Alternative Protocol', 'tactic': 'Exfiltration'}
• Affected user: user2_347",2026-04-09 10:27:53.107873+00,2026-04-09 10:37:12.286182+00,559.178309
edcbb535-7a26-4e0e-af74-9544a5032752,lateral_movement,completed,A,true_positive,100,,8,"[{""id"": ""T1021"", ""name"": ""Remote Services"", ""tactic"": ""Lateral Movement""}, {""id"": ""T1021.002"", ""name"": ""SMB/Windows Admin Shares"", ""tactic"": ""Lateral Movement""}, {""id"": ""T1570"", ""name"": ""Lateral Tool Transfer"", ""tactic"": ""Lateral Movement""}, {""id"": ""T1047"", ""name"": ""Windows Management Instrumentation"", ""tactic"": ""Execution""}]","• CONFIRMED ATTACK detected from 10.200.2.95
• Detected ipv4: 10.0.60.220
• 3 indicator(s) found (ipv4, username)
• HIGH RISK (100/100) — immediate action recommended
• MITRE ATT&CK: {'id': 'T1021', 'name': 'Remote Services', 'tactic': 'Lateral Movement'}, {'id': 'T1021.002', 'name': 'SMB/Windows Admin Shares', 'tactic': 'Lateral Movement'}, {'id': 'T1570', 'name': 'Lateral Tool Transfer', 'tactic': 'Lateral Movement'}
• Affected user: web_admin_348",2026-04-09 10:27:53.623803+00,2026-04-09 10:35:41.818322+00,468.194519
d84450fb-21d4-453c-b83f-036f2d29c588,kerberoasting,completed,A,true_positive,100,,7,"[{""id"": ""T1558.003"", ""name"": ""Kerberoasting"", ""tactic"": ""Credential Access""}]","• CONFIRMED ATTACK detected from 10.200.2.96
• SPN enumeration detected — Kerberoasting recon
• 3 indicator(s) found (ipv4, service_name, username)
• HIGH RISK (100/100) — immediate action recommended
• MITRE ATT&CK: {'id': 'T1558.003', 'name': 'Kerberoasting', 'tactic': 'Credential Access'}
• Affected user: attacker_user_349",2026-04-09 10:27:54.134788+00,2026-04-09 10:37:43.79221+00,589.657422
177bc2fc-fb56-448a-ac78-e8b67a35cafb,phishing,completed,A,true_positive,70,,10,"[{""id"": ""T1566"", ""name"": ""Phishing"", ""tactic"": ""Initial Access""}, {""id"": ""T1566.001"", ""name"": ""Spearphishing Attachment"", ""tactic"": ""Initial Access""}, {""id"": ""T1566.002"", ""name"": ""Spearphishing Link"", ""tactic"": ""Initial Access""}, {""id"": ""T1204.001"", ""name"": ""Malicious Link"", ""tactic"": ""Execution""}]","• CONFIRMED ATTACK detected from 10.200.2.97
• Credential harvesting indicators detected
• 4 indicator(s) found (domain, email, ipv4, username)
• HIGH RISK (70/100) — immediate action recommended
• MITRE ATT&CK: {'id': 'T1566', 'name': 'Phishing', 'tactic': 'Initial Access'}, {'id': 'T1566.001', 'name': 'Spearphishing Attachment', 'tactic': 'Initial Access'}, {'id': 'T1566.002', 'name': 'Spearphishing Link', 'tactic': 'Initial Access'}
• Affected user: SYSTEM_350",2026-04-09 10:27:54.648955+00,2026-04-09 10:32:42.706067+00,288.057112
f7872f4e-0888-47a8-a9d8-cba374ef1884,c2_communication,completed,A,true_positive,100,,8,"[{""id"": ""T1071"", ""name"": ""Application Layer Protocol"", ""tactic"": ""Command and Control""}, {""id"": ""T1573"", ""name"": ""Encrypted Channel"", ""tactic"": ""Command and Control""}, {""id"": ""T1105"", ""name"": ""Ingress Tool Transfer"", ""tactic"": ""Command and Control""}, {""id"": ""T1571"", ""name"": ""Non-Standard Port"", ""tactic"": ""Command and Control""}]","• CONFIRMED ATTACK detected from 10.200.2.98
• Regular beacon interval detected: 30.0s (stddev=0.5)
• 3 indicator(s) found (ipv4, username)
• HIGH RISK (100/100) — immediate action recommended
• MITRE ATT&CK: {'id': 'T1071', 'name': 'Application Layer Protocol', 'tactic': 'Command and Control'}, {'id': 'T1573', 'name': 'Encrypted Channel', 'tactic': 'Command and Control'}, {'id': 'T1105', 'name': 'Ingress Tool Transfer', 'tactic': 'Command and Control'}
• Affected user: Administrator_351",2026-04-09 10:27:55.159735+00,2026-04-09 10:32:59.094007+00,303.934272
b6f78c36-e2cc-4ce5-8a77-73ef5eb478f1,phishing,completed,A,true_positive,70,,10,"[{""id"": ""T1566"", ""name"": ""Phishing"", ""tactic"": ""Initial Access""}, {""id"": ""T1566.001"", ""name"": ""Spearphishing Attachment"", ""tactic"": ""Initial Access""}, {""id"": ""T1566.002"", ""name"": ""Spearphishing Link"", ""tactic"": ""Initial Access""}, {""id"": ""T1204.001"", ""name"": ""Malicious Link"", ""tactic"": ""Execution""}]","• CONFIRMED ATTACK detected from 10.200.2.99
• Credential harvesting indicators detected
• 4 indicator(s) found (domain, email, ipv4, username)
• HIGH RISK (70/100) — immediate action recommended
• MITRE ATT&CK: {'id': 'T1566', 'name': 'Phishing', 'tactic': 'Initial Access'}, {'id': 'T1566.001', 'name': 'Spearphishing Attachment', 'tactic': 'Initial Access'}, {'id': 'T1566.002', 'name': 'Spearphishing Link', 'tactic': 'Initial Access'}
• Affected user: jdoe_352",2026-04-09 10:27:55.672998+00,2026-04-09 10:31:35.029923+00,219.356925
9b73d1f5-6c7b-48e3-8173-089639ec7ec8,lateral_movement,completed,A,true_positive,100,,8,"[{""id"": ""T1021"", ""name"": ""Remote Services"", ""tactic"": ""Lateral Movement""}, {""id"": ""T1021.002"", ""name"": ""SMB/Windows Admin Shares"", ""tactic"": ""Lateral Movement""}, {""id"": ""T1570"", ""name"": ""Lateral Tool Transfer"", ""tactic"": ""Lateral Movement""}, {""id"": ""T1047"", ""name"": ""Windows Management Instrumentation"", ""tactic"": ""Execution""}]","• CONFIRMED ATTACK detected from 10.200.2.100
• Detected ipv4: 10.0.30.194
• 3 indicator(s) found (ipv4, username)
• HIGH RISK (100/100) — immediate action recommended
• MITRE ATT&CK: {'id': 'T1021', 'name': 'Remote Services', 'tactic': 'Lateral Movement'}, {'id': 'T1021.002', 'name': 'SMB/Windows Admin Shares', 'tactic': 'Lateral Movement'}, {'id': 'T1570', 'name': 'Lateral Tool Transfer', 'tactic': 'Lateral Movement'}
• Affected user: asmith_353",2026-04-09 10:27:56.189581+00,2026-04-09 10:31:42.861036+00,226.671455
b235941f-77b3-4dd5-9193-31d24317d1f2,data_exfiltration,completed,A,true_positive,100,,8,"[{""id"": ""T1041"", ""name"": ""Exfiltration Over C2 Channel"", ""tactic"": ""Exfiltration""}, {""id"": ""T1567"", ""name"": ""Exfiltration Over Web Service"", ""tactic"": ""Exfiltration""}, {""id"": ""T1048"", ""name"": ""Exfiltration Over Alternative Protocol"", ""tactic"": ""Exfiltration""}]","• CONFIRMED ATTACK detected from 10.200.2.101
• Large data transfer: 5.2 GB
• 3 indicator(s) found (ipv4, username)
• HIGH RISK (100/100) — immediate action recommended
• MITRE ATT&CK: {'id': 'T1041', 'name': 'Exfiltration Over C2 Channel', 'tactic': 'Exfiltration'}, {'id': 'T1567', 'name': 'Exfiltration Over Web Service', 'tactic': 'Exfiltration'}, {'id': 'T1048', 'name': 'Exfiltration Over Alternative Protocol', 'tactic': 'Exfiltration'}
• Affected user: jdoe_354",2026-04-09 10:27:56.707917+00,2026-04-09 10:33:07.999616+00,311.291699
4bb84ccc-3c3e-4eb9-bd04-16e9bb34bb00,health_check,completed,A,benign,0,,2,[],"• Routine activity — no threat detected
• 2 indicator(s) found (ipv4, username)
• LOW RISK (0/100) — no action needed
• Affected user: web_admin_355",2026-04-09 10:27:57.22375+00,2026-04-09 10:33:49.170072+00,351.946322
b94f1b7b-a50f-484f-89ae-8af18d1b217c,brute_force,completed,A,true_positive,95,,7,"[{""id"": ""T1110"", ""name"": ""Brute Force"", ""tactic"": ""Credential Access""}, {""id"": ""T1110.001"", ""name"": ""Password Guessing"", ""tactic"": ""Credential Access""}, {""id"": ""T1110.003"", ""name"": ""Password Spraying"", ""tactic"": ""Credential Access""}]","• CONFIRMED ATTACK detected from 10.200.2.103
• Attack Signal: Command injection
• 2 indicator(s) found (ipv4, username)
• HIGH RISK (95/100) — immediate action recommended
• MITRE ATT&CK: {'id': 'T1110', 'name': 'Brute Force', 'tactic': 'Credential Access'}, {'id': 'T1110.001', 'name': 'Password Guessing', 'tactic': 'Credential Access'}, {'id': 'T1110.003', 'name': 'Password Spraying', 'tactic': 'Credential Access'}
• Affected user: svc_backup_356",2026-04-09 10:27:57.747438+00,2026-04-09 10:32:39.749029+00,282.001591
678c82d3-0134-4bb2-b17a-d1ea83c0142b,health_check,completed,A,benign,0,,2,[],"• Routine activity — no threat detected
• 2 indicator(s) found (ipv4, username)
• LOW RISK (0/100) — no action needed
• Affected user: attacker_user_357",2026-04-09 10:27:58.258432+00,2026-04-09 10:31:16.782841+00,198.524409
c5ddee40-8005-407b-b872-bc8dd0da3dc3,kerberoasting,completed,A,true_positive,100,,7,"[{""id"": ""T1558.003"", ""name"": ""Kerberoasting"", ""tactic"": ""Credential Access""}]","• CONFIRMED ATTACK detected from 10.200.2.105
• SPN enumeration detected — Kerberoasting recon
• 3 indicator(s) found (ipv4, service_name, username)
• HIGH RISK (100/100) — immediate action recommended
• MITRE ATT&CK: {'id': 'T1558.003', 'name': 'Kerberoasting', 'tactic': 'Credential Access'}
• Affected user: root_358",2026-04-09 10:27:58.774231+00,2026-04-09 10:34:16.779092+00,378.004861
2b536e72-ee20-464f-b1b8-d76ee793a97f,user_login,completed,A,benign,0,,2,[],"• Routine activity — no threat detected
• 2 indicator(s) found (ipv4, username)
• LOW RISK (0/100) — no action needed
• Affected user: jsmith_359",2026-04-09 10:27:59.292788+00,2026-04-09 10:32:39.624527+00,280.331739
bd2fd60a-8996-48bb-9bba-1f35d76f2715,phishing,completed,A,true_positive,85,,10,"[{""id"": ""T1566"", ""name"": ""Phishing"", ""tactic"": ""Initial Access""}, {""id"": ""T1566.001"", ""name"": ""Spearphishing Attachment"", ""tactic"": ""Initial Access""}, {""id"": ""T1566.002"", ""name"": ""Spearphishing Link"", ""tactic"": ""Initial Access""}, {""id"": ""T1204.001"", ""name"": ""Malicious Link"", ""tactic"": ""Execution""}]","• CONFIRMED ATTACK detected from 10.200.2.107
• Urgency/social engineering language detected
• 5 indicator(s) found (domain, email, ipv4, url, username)
• HIGH RISK (85/100) — immediate action recommended
• MITRE ATT&CK: {'id': 'T1566', 'name': 'Phishing', 'tactic': 'Initial Access'}, {'id': 'T1566.001', 'name': 'Spearphishing Attachment', 'tactic': 'Initial Access'}, {'id': 'T1566.002', 'name': 'Spearphishing Link', 'tactic': 'Initial Access'}
• Affected user: user2_360",2026-04-09 10:27:59.810399+00,2026-04-09 10:34:16.34167+00,376.531271
ea1e37c1-e964-4f14-b2a1-3a84d852da35,ransomware,completed,A,true_positive,100,,8,"[{""id"": ""T1486"", ""name"": ""Data Encrypted for Impact"", ""tactic"": ""Impact""}, {""id"": ""T1490"", ""name"": ""Inhibit System Recovery"", ""tactic"": ""Impact""}, {""id"": ""T1059"", ""name"": ""Command and Scripting Interpreter"", ""tactic"": ""Execution""}, {""id"": ""T1547"", ""name"": ""Boot or Logon Autostart Execution"", ""tactic"": ""Persistence""}]","• CONFIRMED ATTACK detected from 10.200.2.108
• Shadow copy deletion detected (vssadmin delete shadows)
• 2 indicator(s) found (ipv4, username)
• HIGH RISK (100/100) — immediate action recommended
• MITRE ATT&CK: {'id': 'T1486', 'name': 'Data Encrypted for Impact', 'tactic': 'Impact'}, {'id': 'T1490', 'name': 'Inhibit System Recovery', 'tactic': 'Impact'}, {'id': 'T1059', 'name': 'Command and Scripting Interpreter', 'tactic': 'Execution'}
• Affected user: asmith_361",2026-04-09 10:28:00.332729+00,2026-04-09 10:31:14.44723+00,194.114501
7fe64962-6097-47c4-91ba-3472bb848196,user_login,completed,A,benign,0,,2,[],"• Routine activity — no threat detected
• 2 indicator(s) found (ipv4, username)
• LOW RISK (0/100) — no action needed
• Affected user: jdoe_362",2026-04-09 10:28:00.847601+00,2026-04-09 10:32:47.305832+00,286.458231
17a58fe3-bdea-49ad-b6db-33806ce8e9da,brute_force,completed,A,true_positive,95,,7,"[{""id"": ""T1110"", ""name"": ""Brute Force"", ""tactic"": ""Credential Access""}, {""id"": ""T1110.001"", ""name"": ""Password Guessing"", ""tactic"": ""Credential Access""}, {""id"": ""T1110.003"", ""name"": ""Password Spraying"", ""tactic"": ""Credential Access""}]","• CONFIRMED ATTACK detected from 10.200.2.110
• Attack Signal: Command injection
• 2 indicator(s) found (ipv4, username)
• HIGH RISK (95/100) — immediate action recommended
• MITRE ATT&CK: {'id': 'T1110', 'name': 'Brute Force', 'tactic': 'Credential Access'}, {'id': 'T1110.001', 'name': 'Password Guessing', 'tactic': 'Credential Access'}, {'id': 'T1110.003', 'name': 'Password Spraying', 'tactic': 'Credential Access'}
• Affected user: root_363",2026-04-09 10:28:01.373086+00,2026-04-09 10:34:20.144482+00,378.771396
bd0d4376-054a-4bc5-a326-ef5503d1a515,windows_update,completed,A,benign,0,,2,[],"• Routine activity — no threat detected
• 2 indicator(s) found (ipv4, username)
• LOW RISK (0/100) — no action needed
• Affected user: admin_364",2026-04-09 10:28:01.908314+00,2026-04-09 10:35:15.74579+00,433.837476
c4038dc7-3387-47a4-8c9b-33686b006256,lateral_movement,completed,A,true_positive,100,,8,"[{""id"": ""T1021"", ""name"": ""Remote Services"", ""tactic"": ""Lateral Movement""}, {""id"": ""T1021.002"", ""name"": ""SMB/Windows Admin Shares"", ""tactic"": ""Lateral Movement""}, {""id"": ""T1570"", ""name"": ""Lateral Tool Transfer"", ""tactic"": ""Lateral Movement""}, {""id"": ""T1047"", ""name"": ""Windows Management Instrumentation"", ""tactic"": ""Execution""}]","• CONFIRMED ATTACK detected from 10.200.2.112
• Detected ipv4: 192.168.1.218
• 3 indicator(s) found (ipv4, username)
• HIGH RISK (100/100) — immediate action recommended
• MITRE ATT&CK: {'id': 'T1021', 'name': 'Remote Services', 'tactic': 'Lateral Movement'}, {'id': 'T1021.002', 'name': 'SMB/Windows Admin Shares', 'tactic': 'Lateral Movement'}, {'id': 'T1570', 'name': 'Lateral Tool Transfer', 'tactic': 'Lateral Movement'}
• Affected user: sql_svc_365",2026-04-09 10:28:02.435856+00,2026-04-09 10:36:16.692695+00,494.256839
34c8d5e5-811f-4f3c-acb6-65a3b53ac77a,phishing,completed,A,true_positive,70,,10,"[{""id"": ""T1566"", ""name"": ""Phishing"", ""tactic"": ""Initial Access""}, {""id"": ""T1566.001"", ""name"": ""Spearphishing Attachment"", ""tactic"": ""Initial Access""}, {""id"": ""T1566.002"", ""name"": ""Spearphishing Link"", ""tactic"": ""Initial Access""}, {""id"": ""T1204.001"", ""name"": ""Malicious Link"", ""tactic"": ""Execution""}]","• CONFIRMED ATTACK detected from 10.200.2.113
• Credential harvesting indicators detected
• 4 indicator(s) found (domain, email, ipv4, username)
• HIGH RISK (70/100) — immediate action recommended
• MITRE ATT&CK: {'id': 'T1566', 'name': 'Phishing', 'tactic': 'Initial Access'}, {'id': 'T1566.001', 'name': 'Spearphishing Attachment', 'tactic': 'Initial Access'}, {'id': 'T1566.002', 'name': 'Spearphishing Link', 'tactic': 'Initial Access'}
• Affected user: exfil_user_366",2026-04-09 10:28:02.984528+00,2026-04-09 10:35:22.061757+00,439.077229
988efd6f-ecae-4065-97c1-e3ce568c8671,c2_communication,completed,A,true_positive,100,,8,"[{""id"": ""T1071"", ""name"": ""Application Layer Protocol"", ""tactic"": ""Command and Control""}, {""id"": ""T1573"", ""name"": ""Encrypted Channel"", ""tactic"": ""Command and Control""}, {""id"": ""T1105"", ""name"": ""Ingress Tool Transfer"", ""tactic"": ""Command and Control""}, {""id"": ""T1571"", ""name"": ""Non-Standard Port"", ""tactic"": ""Command and Control""}]","• CONFIRMED ATTACK detected from 10.200.2.114
• Regular beacon interval detected: 30.0s (stddev=0.5)
• 3 indicator(s) found (ipv4, username)
• HIGH RISK (100/100) — immediate action recommended
• MITRE ATT&CK: {'id': 'T1071', 'name': 'Application Layer Protocol', 'tactic': 'Command and Control'}, {'id': 'T1573', 'name': 'Encrypted Channel', 'tactic': 'Command and Control'}, {'id': 'T1105', 'name': 'Ingress Tool Transfer', 'tactic': 'Command and Control'}
• Affected user: asmith_367",2026-04-09 10:28:03.521901+00,2026-04-09 10:33:07.912118+00,304.390217
30a871e2-ec43-4f01-94d9-6dc1c624e0bb,user_login,completed,A,benign,0,,2,[],"• Routine activity — no threat detected
• 2 indicator(s) found (ipv4, username)
• LOW RISK (0/100) — no action needed
• Affected user: user2_368",2026-04-09 10:28:04.072473+00,2026-04-09 10:32:58.721568+00,294.649095
0c0e02ce-b932-4fb1-b705-bc6c5d16ea0a,lolbin_abuse,completed,A,benign,15,,8,"[{""id"": ""T1218"", ""name"": ""System Binary Proxy Execution"", ""tactic"": ""Defense Evasion""}, {""id"": ""T1218.005"", ""name"": ""Mshta"", ""tactic"": ""Defense Evasion""}, {""id"": ""T1218.011"", ""name"": ""Rundll32"", ""tactic"": ""Defense Evasion""}]","• Routine activity — no threat detected
• URL targets suspicious executable: http://bad.host/stage2.ps1
• 3 indicator(s) found (ipv4, url, username)
• LOW RISK (15/100) — no action needed
• MITRE ATT&CK: {'id': 'T1218', 'name': 'System Binary Proxy Execution', 'tactic': 'Defense Evasion'}, {'id': 'T1218.005', 'name': 'Mshta', 'tactic': 'Defense Evasion'}, {'id': 'T1218.011', 'name': 'Rundll32', 'tactic': 'Defense Evasion'}
• Affected user: asmith_369",2026-04-09 10:28:04.585866+00,2026-04-09 10:34:08.752643+00,364.166777
81ecd62c-3c04-4566-b35b-0b2c185563ae,phishing,completed,A,true_positive,70,,10,"[{""id"": ""T1566"", ""name"": ""Phishing"", ""tactic"": ""Initial Access""}, {""id"": ""T1566.001"", ""name"": ""Spearphishing Attachment"", ""tactic"": ""Initial Access""}, {""id"": ""T1566.002"", ""name"": ""Spearphishing Link"", ""tactic"": ""Initial Access""}, {""id"": ""T1204.001"", ""name"": ""Malicious Link"", ""tactic"": ""Execution""}]","• CONFIRMED ATTACK detected from 10.200.2.117
• Credential harvesting indicators detected
• 4 indicator(s) found (domain, email, ipv4, username)
• HIGH RISK (70/100) — immediate action recommended
• MITRE ATT&CK: {'id': 'T1566', 'name': 'Phishing', 'tactic': 'Initial Access'}, {'id': 'T1566.001', 'name': 'Spearphishing Attachment', 'tactic': 'Initial Access'}, {'id': 'T1566.002', 'name': 'Spearphishing Link', 'tactic': 'Initial Access'}
• Affected user: jdoe_370",2026-04-09 10:28:05.10128+00,2026-04-09 10:35:36.0909+00,450.989620
67d9dfc8-9be3-435e-9f97-68f3b1a9964b,data_exfiltration,completed,A,true_positive,100,,8,"[{""id"": ""T1041"", ""name"": ""Exfiltration Over C2 Channel"", ""tactic"": ""Exfiltration""}, {""id"": ""T1567"", ""name"": ""Exfiltration Over Web Service"", ""tactic"": ""Exfiltration""}, {""id"": ""T1048"", ""name"": ""Exfiltration Over Alternative Protocol"", ""tactic"": ""Exfiltration""}]","• CONFIRMED ATTACK detected from 10.200.2.118
• Large data transfer: 5.2 GB
• 3 indicator(s) found (ipv4, username)
• HIGH RISK (100/100) — immediate action recommended
• MITRE ATT&CK: {'id': 'T1041', 'name': 'Exfiltration Over C2 Channel', 'tactic': 'Exfiltration'}, {'id': 'T1567', 'name': 'Exfiltration Over Web Service', 'tactic': 'Exfiltration'}, {'id': 'T1048', 'name': 'Exfiltration Over Alternative Protocol', 'tactic': 'Exfiltration'}
• Affected user: jsmith_371",2026-04-09 10:28:05.61475+00,2026-04-09 10:36:12.495995+00,486.881245
930ada0d-f786-4bb7-9340-b3f6b69093dd,kerberoasting,completed,A,true_positive,100,,7,"[{""id"": ""T1558.003"", ""name"": ""Kerberoasting"", ""tactic"": ""Credential Access""}]","• CONFIRMED ATTACK detected from 10.200.2.119
• SPN enumeration detected — Kerberoasting recon
• 3 indicator(s) found (ipv4, service_name, username)
• HIGH RISK (100/100) — immediate action recommended
• MITRE ATT&CK: {'id': 'T1558.003', 'name': 'Kerberoasting', 'tactic': 'Credential Access'}
• Affected user: attacker_user_372",2026-04-09 10:28:06.127736+00,2026-04-09 10:38:11.54793+00,605.420194
4316bde0-746c-4b1e-a5c8-deb927648cf5,phishing,completed,A,true_positive,85,,10,"[{""id"": ""T1566"", ""name"": ""Phishing"", ""tactic"": ""Initial Access""}, {""id"": ""T1566.001"", ""name"": ""Spearphishing Attachment"", ""tactic"": ""Initial Access""}, {""id"": ""T1566.002"", ""name"": ""Spearphishing Link"", ""tactic"": ""Initial Access""}, {""id"": ""T1204.001"", ""name"": ""Malicious Link"", ""tactic"": ""Execution""}]","• CONFIRMED ATTACK detected from 10.200.2.120
• Urgency/social engineering language detected
• 5 indicator(s) found (domain, email, ipv4, url, username)
• HIGH RISK (85/100) — immediate action recommended
• MITRE ATT&CK: {'id': 'T1566', 'name': 'Phishing', 'tactic': 'Initial Access'}, {'id': 'T1566.001', 'name': 'Spearphishing Attachment', 'tactic': 'Initial Access'}, {'id': 'T1566.002', 'name': 'Spearphishing Link', 'tactic': 'Initial Access'}
• Affected user: SYSTEM_373",2026-04-09 10:28:06.636738+00,2026-04-09 10:36:11.91384+00,485.277102
a85b08bc-94c6-4546-9a5b-a007dc323bdd,lolbin_abuse,completed,A,true_positive,100,,8,"[{""id"": ""T1218"", ""name"": ""System Binary Proxy Execution"", ""tactic"": ""Defense Evasion""}, {""id"": ""T1218.005"", ""name"": ""Mshta"", ""tactic"": ""Defense Evasion""}, {""id"": ""T1218.011"", ""name"": ""Rundll32"", ""tactic"": ""Defense Evasion""}]","• CONFIRMED ATTACK detected from 10.200.2.121
• LOLBin abuse: certutil download via -urlcache
• 3 indicator(s) found (ipv4, url, username)
• HIGH RISK (100/100) — immediate action recommended
• MITRE ATT&CK: {'id': 'T1218', 'name': 'System Binary Proxy Execution', 'tactic': 'Defense Evasion'}, {'id': 'T1218.005', 'name': 'Mshta', 'tactic': 'Defense Evasion'}, {'id': 'T1218.011', 'name': 'Rundll32', 'tactic': 'Defense Evasion'}
• Affected user: golden_attacker_374",2026-04-09 10:28:07.158101+00,2026-04-09 10:36:02.700745+00,475.542644
e42056f3-fb5e-4c0d-b75a-2c4644bfbe06,golden_ticket,completed,A,true_positive,100,,7,"[{""id"": ""T1558.001"", ""name"": ""Golden Ticket"", ""tactic"": ""Credential Access""}]","• CONFIRMED ATTACK detected from 10.200.2.122
• Forged Kerberos ticket detected
• 2 indicator(s) found (ipv4, username)
• HIGH RISK (100/100) — immediate action recommended
• MITRE ATT&CK: {'id': 'T1558.001', 'name': 'Golden Ticket', 'tactic': 'Credential Access'}
• Affected user: sql_svc_375",2026-04-09 10:28:07.678223+00,2026-04-09 10:36:01.12766+00,473.449437
67cbdca0-4f2a-436a-9ffd-15a0e3d18898,lolbin_abuse,completed,A,true_positive,100,,8,"[{""id"": ""T1218"", ""name"": ""System Binary Proxy Execution"", ""tactic"": ""Defense Evasion""}, {""id"": ""T1218.005"", ""name"": ""Mshta"", ""tactic"": ""Defense Evasion""}, {""id"": ""T1218.011"", ""name"": ""Rundll32"", ""tactic"": ""Defense Evasion""}]","• CONFIRMED ATTACK detected from 10.200.2.123
• LOLBin abuse: certutil download via -urlcache
• 3 indicator(s) found (ipv4, url, username)
• HIGH RISK (100/100) — immediate action recommended
• MITRE ATT&CK: {'id': 'T1218', 'name': 'System Binary Proxy Execution', 'tactic': 'Defense Evasion'}, {'id': 'T1218.005', 'name': 'Mshta', 'tactic': 'Defense Evasion'}, {'id': 'T1218.011', 'name': 'Rundll32', 'tactic': 'Defense Evasion'}
• Affected user: svc_backup_376",2026-04-09 10:28:08.202456+00,2026-04-09 10:32:39.934928+00,271.732472
f00e1f32-b92e-4d98-a415-2ec209b681fd,health_check,completed,A,benign,0,,2,[],"• Routine activity — no threat detected
• 2 indicator(s) found (ipv4, username)
• LOW RISK (0/100) — no action needed
• Affected user: backup_svc_377",2026-04-09 10:28:08.726767+00,2026-04-09 10:35:16.245424+00,427.518657
78871021-028b-486b-9ca1-cdcbe8219b25,health_check,completed,A,benign,0,,2,[],"• Routine activity — no threat detected
• 2 indicator(s) found (ipv4, username)
• LOW RISK (0/100) — no action needed
• Affected user: krbtgt_378",2026-04-09 10:28:09.240072+00,2026-04-09 10:32:42.289138+00,273.049066
3ef928d2-565a-41ad-8151-6ed5e5096b0f,lolbin_abuse,completed,A,benign,15,,8,"[{""id"": ""T1218"", ""name"": ""System Binary Proxy Execution"", ""tactic"": ""Defense Evasion""}, {""id"": ""T1218.005"", ""name"": ""Mshta"", ""tactic"": ""Defense Evasion""}, {""id"": ""T1218.011"", ""name"": ""Rundll32"", ""tactic"": ""Defense Evasion""}]","• Routine activity — no threat detected
• URL targets suspicious executable: http://bad.host/stage2.ps1
• 3 indicator(s) found (ipv4, url, username)
• LOW RISK (15/100) — no action needed
• MITRE ATT&CK: {'id': 'T1218', 'name': 'System Binary Proxy Execution', 'tactic': 'Defense Evasion'}, {'id': 'T1218.005', 'name': 'Mshta', 'tactic': 'Defense Evasion'}, {'id': 'T1218.011', 'name': 'Rundll32', 'tactic': 'Defense Evasion'}
• Affected user: sql_svc_379",2026-04-09 10:28:09.753174+00,2026-04-09 10:33:15.336404+00,305.583230
ba3cfa9c-e323-4f31-8e2a-076c958bed3e,windows_update,completed,A,benign,0,,2,[],"• Routine activity — no threat detected
• 2 indicator(s) found (ipv4, username)
• LOW RISK (0/100) — no action needed
• Affected user: krbtgt_380",2026-04-09 10:28:10.273481+00,2026-04-09 10:36:09.796741+00,479.523260
ab0a46ee-c0f9-4a98-8fc5-93a61dc376b0,lateral_movement,completed,A,true_positive,100,,8,"[{""id"": ""T1021"", ""name"": ""Remote Services"", ""tactic"": ""Lateral Movement""}, {""id"": ""T1021.002"", ""name"": ""SMB/Windows Admin Shares"", ""tactic"": ""Lateral Movement""}, {""id"": ""T1570"", ""name"": ""Lateral Tool Transfer"", ""tactic"": ""Lateral Movement""}, {""id"": ""T1047"", ""name"": ""Windows Management Instrumentation"", ""tactic"": ""Execution""}]","• CONFIRMED ATTACK detected from 10.200.2.128
• Detected ipv4: 10.0.20.37
• 3 indicator(s) found (ipv4, username)
• HIGH RISK (100/100) — immediate action recommended
• MITRE ATT&CK: {'id': 'T1021', 'name': 'Remote Services', 'tactic': 'Lateral Movement'}, {'id': 'T1021.002', 'name': 'SMB/Windows Admin Shares', 'tactic': 'Lateral Movement'}, {'id': 'T1570', 'name': 'Lateral Tool Transfer', 'tactic': 'Lateral Movement'}
• Affected user: backup_svc_381",2026-04-09 10:28:10.791832+00,2026-04-09 10:39:03.451785+00,652.659953
6e368cd1-d615-4f7d-a033-08d1ebd13dfc,scheduled_backup,completed,A,benign,0,,2,[],"• Routine activity — no threat detected
• 2 indicator(s) found (ipv4, username)
• LOW RISK (0/100) — no action needed
• Affected user: compromised_382",2026-04-09 10:28:11.317983+00,2026-04-09 10:35:47.228132+00,455.910149
b4a310fe-f414-4783-847d-2ec4e02f10a9,phishing,pending,,,,,,,,2026-04-09 10:28:11.836558+00,,
5d52ce34-2160-40fc-bd1c-fb902fccb371,user_login,completed,A,benign,0,,2,[],"• Routine activity — no threat detected
• 2 indicator(s) found (ipv4, username)
• LOW RISK (0/100) — no action needed
• Affected user: user2_384",2026-04-09 10:28:12.341256+00,2026-04-09 10:37:53.094574+00,580.753318
553624f8-889d-4142-8cd5-e67fa4d74386,kerberoasting,completed,A,true_positive,100,,7,"[{""id"": ""T1558.003"", ""name"": ""Kerberoasting"", ""tactic"": ""Credential Access""}]","• CONFIRMED ATTACK detected from 10.200.2.132
• SPN enumeration detected — Kerberoasting recon
• 3 indicator(s) found (ipv4, service_name, username)
• HIGH RISK (100/100) — immediate action recommended
• MITRE ATT&CK: {'id': 'T1558.003', 'name': 'Kerberoasting', 'tactic': 'Credential Access'}
• Affected user: krbtgt_385",2026-04-09 10:28:12.854731+00,2026-04-09 10:35:21.823604+00,428.968873
3f1e5e35-9f88-4f85-be1f-b8d1045630dd,kerberoasting,completed,A,true_positive,100,,7,"[{""id"": ""T1558.003"", ""name"": ""Kerberoasting"", ""tactic"": ""Credential Access""}]","• CONFIRMED ATTACK detected from 10.200.2.133
• SPN enumeration detected — Kerberoasting recon
• 3 indicator(s) found (ipv4, service_name, username)
• HIGH RISK (100/100) — immediate action recommended
• MITRE ATT&CK: {'id': 'T1558.003', 'name': 'Kerberoasting', 'tactic': 'Credential Access'}
• Affected user: Administrator_386",2026-04-09 10:28:13.37185+00,2026-04-09 10:33:46.140271+00,332.768421
3ea09abc-712c-46e2-bf2b-5b2578c4e576,scheduled_backup,completed,A,benign,0,,2,[],"• Routine activity — no threat detected
• 2 indicator(s) found (ipv4, username)
• LOW RISK (0/100) — no action needed
• Affected user: root_387",2026-04-09 10:28:13.886221+00,2026-04-09 10:36:42.39155+00,508.505329
29b982ef-7fff-4b45-b047-f99402e35670,user_login,completed,A,benign,0,,2,[],"• Routine activity — no threat detected
• 2 indicator(s) found (ipv4, username)
• LOW RISK (0/100) — no action needed
• Affected user: attacker_user_388",2026-04-09 10:28:14.400549+00,2026-04-09 10:33:44.55907+00,330.158521
1491cc10-77df-4b56-8e21-8ff9e04297ea,health_check,completed,A,benign,0,,2,[],"• Routine activity — no threat detected
• 2 indicator(s) found (ipv4, username)
• LOW RISK (0/100) — no action needed
• Affected user: user2_389",2026-04-09 10:28:14.912635+00,2026-04-09 10:34:18.009033+00,363.096398
024247ed-2d35-4829-89b7-02aeb30e4eb9,lateral_movement,completed,A,true_positive,100,,8,"[{""id"": ""T1021"", ""name"": ""Remote Services"", ""tactic"": ""Lateral Movement""}, {""id"": ""T1021.002"", ""name"": ""SMB/Windows Admin Shares"", ""tactic"": ""Lateral Movement""}, {""id"": ""T1570"", ""name"": ""Lateral Tool Transfer"", ""tactic"": ""Lateral Movement""}, {""id"": ""T1047"", ""name"": ""Windows Management Instrumentation"", ""tactic"": ""Execution""}]","• CONFIRMED ATTACK detected from 10.200.2.137
• Detected ipv4: 192.168.1.131
• 3 indicator(s) found (ipv4, username)
• HIGH RISK (100/100) — immediate action recommended
• MITRE ATT&CK: {'id': 'T1021', 'name': 'Remote Services', 'tactic': 'Lateral Movement'}, {'id': 'T1021.002', 'name': 'SMB/Windows Admin Shares', 'tactic': 'Lateral Movement'}, {'id': 'T1570', 'name': 'Lateral Tool Transfer', 'tactic': 'Lateral Movement'}
• Affected user: exfil_user_390",2026-04-09 10:28:15.43767+00,2026-04-09 10:32:47.645909+00,272.208239
ca135487-f7aa-4872-ad6e-f105074cca87,windows_update,completed,A,benign,0,,2,[],"• Routine activity — no threat detected
• 2 indicator(s) found (ipv4, username)
• LOW RISK (0/100) — no action needed
• Affected user: exfil_user_391",2026-04-09 10:28:15.961222+00,2026-04-09 10:33:38.14135+00,322.180128
5206ed72-88ce-4c7f-8821-d1a5f6adfc73,lolbin_abuse,completed,A,true_positive,100,,8,"[{""id"": ""T1218"", ""name"": ""System Binary Proxy Execution"", ""tactic"": ""Defense Evasion""}, {""id"": ""T1218.005"", ""name"": ""Mshta"", ""tactic"": ""Defense Evasion""}, {""id"": ""T1218.011"", ""name"": ""Rundll32"", ""tactic"": ""Defense Evasion""}]","• CONFIRMED ATTACK detected from 10.200.2.139
• LOLBin abuse: certutil download via -urlcache
• 3 indicator(s) found (ipv4, url, username)
• HIGH RISK (100/100) — immediate action recommended
• MITRE ATT&CK: {'id': 'T1218', 'name': 'System Binary Proxy Execution', 'tactic': 'Defense Evasion'}, {'id': 'T1218.005', 'name': 'Mshta', 'tactic': 'Defense Evasion'}, {'id': 'T1218.011', 'name': 'Rundll32', 'tactic': 'Defense Evasion'}
• Affected user: svc_backup_392",2026-04-09 10:28:16.480616+00,2026-04-09 10:33:01.311656+00,284.831040
7196f305-6e8f-4be8-b1b4-c94aff05e91e,lolbin_abuse,completed,A,true_positive,100,,8,"[{""id"": ""T1218"", ""name"": ""System Binary Proxy Execution"", ""tactic"": ""Defense Evasion""}, {""id"": ""T1218.005"", ""name"": ""Mshta"", ""tactic"": ""Defense Evasion""}, {""id"": ""T1218.011"", ""name"": ""Rundll32"", ""tactic"": ""Defense Evasion""}]","• CONFIRMED ATTACK detected from 10.200.2.140
• LOLBin abuse: certutil download via -urlcache
• 3 indicator(s) found (ipv4, url, username)
• HIGH RISK (100/100) — immediate action recommended
• MITRE ATT&CK: {'id': 'T1218', 'name': 'System Binary Proxy Execution', 'tactic': 'Defense Evasion'}, {'id': 'T1218.005', 'name': 'Mshta', 'tactic': 'Defense Evasion'}, {'id': 'T1218.011', 'name': 'Rundll32', 'tactic': 'Defense Evasion'}
• Affected user: root_393",2026-04-09 10:28:17.004324+00,2026-04-09 10:36:42.995829+00,505.991505
b12759e2-254e-42cc-9f19-5871cd5eb5f2,health_check,completed,A,benign,0,,2,[],"• Routine activity — no threat detected
• 2 indicator(s) found (ipv4, username)
• LOW RISK (0/100) — no action needed
• Affected user: sql_svc_394",2026-04-09 10:28:17.518269+00,2026-04-09 10:34:47.000339+00,389.482070
6fd53e1d-5b3a-4b36-be0c-cebbe9898221,windows_update,completed,A,benign,0,,2,[],"• Routine activity — no threat detected
• 2 indicator(s) found (ipv4, username)
• LOW RISK (0/100) — no action needed
• Affected user: Administrator_395",2026-04-09 10:28:18.030991+00,2026-04-09 10:32:07.949044+00,229.918053
f1fb2229-97f8-401e-ae3d-9a5b1dc3575f,ransomware,completed,A,true_positive,100,,8,"[{""id"": ""T1486"", ""name"": ""Data Encrypted for Impact"", ""tactic"": ""Impact""}, {""id"": ""T1490"", ""name"": ""Inhibit System Recovery"", ""tactic"": ""Impact""}, {""id"": ""T1059"", ""name"": ""Command and Scripting Interpreter"", ""tactic"": ""Execution""}, {""id"": ""T1547"", ""name"": ""Boot or Logon Autostart Execution"", ""tactic"": ""Persistence""}]","• CONFIRMED ATTACK detected from 10.200.2.143
• Shadow copy deletion detected (vssadmin delete shadows)
• 2 indicator(s) found (ipv4, username)
• HIGH RISK (100/100) — immediate action recommended
• MITRE ATT&CK: {'id': 'T1486', 'name': 'Data Encrypted for Impact', 'tactic': 'Impact'}, {'id': 'T1490', 'name': 'Inhibit System Recovery', 'tactic': 'Impact'}, {'id': 'T1059', 'name': 'Command and Scripting Interpreter', 'tactic': 'Execution'}
• Affected user: jdoe_396",2026-04-09 10:28:18.549777+00,2026-04-09 10:39:02.698839+00,644.149062
19e50da5-8eb1-4d3b-ae8d-b4a358be01d9,lateral_movement,completed,A,true_positive,100,,8,"[{""id"": ""T1021"", ""name"": ""Remote Services"", ""tactic"": ""Lateral Movement""}, {""id"": ""T1021.002"", ""name"": ""SMB/Windows Admin Shares"", ""tactic"": ""Lateral Movement""}, {""id"": ""T1570"", ""name"": ""Lateral Tool Transfer"", ""tactic"": ""Lateral Movement""}, {""id"": ""T1047"", ""name"": ""Windows Management Instrumentation"", ""tactic"": ""Execution""}]","• CONFIRMED ATTACK detected from 10.200.2.144
• Detected ipv4: 172.16.0.54
• 3 indicator(s) found (ipv4, username)
• HIGH RISK (100/100) — immediate action recommended
• MITRE ATT&CK: {'id': 'T1021', 'name': 'Remote Services', 'tactic': 'Lateral Movement'}, {'id': 'T1021.002', 'name': 'SMB/Windows Admin Shares', 'tactic': 'Lateral Movement'}, {'id': 'T1570', 'name': 'Lateral Tool Transfer', 'tactic': 'Lateral Movement'}
• Affected user: backup_svc_397",2026-04-09 10:28:19.064535+00,2026-04-09 10:35:20.958096+00,421.893561
015595f4-4cd7-467b-b5e6-2c7398f4317c,windows_update,completed,A,benign,0,,2,[],"• Routine activity — no threat detected
• 2 indicator(s) found (ipv4, username)
• LOW RISK (0/100) — no action needed
• Affected user: golden_attacker_398",2026-04-09 10:28:19.581302+00,2026-04-09 10:35:10.953068+00,411.371766
ac323102-aef5-4eb7-8d23-beec8d87a95c,c2_communication,completed,A,true_positive,100,,8,"[{""id"": ""T1071"", ""name"": ""Application Layer Protocol"", ""tactic"": ""Command and Control""}, {""id"": ""T1573"", ""name"": ""Encrypted Channel"", ""tactic"": ""Command and Control""}, {""id"": ""T1105"", ""name"": ""Ingress Tool Transfer"", ""tactic"": ""Command and Control""}, {""id"": ""T1571"", ""name"": ""Non-Standard Port"", ""tactic"": ""Command and Control""}]","• CONFIRMED ATTACK detected from 10.200.2.146
• Regular beacon interval detected: 30.0s (stddev=0.5)
• 3 indicator(s) found (ipv4, username)
• HIGH RISK (100/100) — immediate action recommended
• MITRE ATT&CK: {'id': 'T1071', 'name': 'Application Layer Protocol', 'tactic': 'Command and Control'}, {'id': 'T1573', 'name': 'Encrypted Channel', 'tactic': 'Command and Control'}, {'id': 'T1105', 'name': 'Ingress Tool Transfer', 'tactic': 'Command and Control'}
• Affected user: root_399",2026-04-09 10:28:20.093111+00,2026-04-09 10:37:33.079995+00,552.986884
0a1cda48-7759-40b7-bb4c-4f9790395806,user_login,completed,A,benign,0,,2,[],"• Routine activity — no threat detected
• 2 indicator(s) found (ipv4, username)
• LOW RISK (0/100) — no action needed
• Affected user: web_admin_400",2026-04-09 10:28:20.609811+00,2026-04-09 10:33:14.344595+00,293.734784
32f25cea-5aa8-4d6e-9400-bb5818fda91b,lolbin_abuse,completed,A,benign,15,,8,"[{""id"": ""T1218"", ""name"": ""System Binary Proxy Execution"", ""tactic"": ""Defense Evasion""}, {""id"": ""T1218.005"", ""name"": ""Mshta"", ""tactic"": ""Defense Evasion""}, {""id"": ""T1218.011"", ""name"": ""Rundll32"", ""tactic"": ""Defense Evasion""}]","• Routine activity — no threat detected
• URL targets suspicious executable: http://bad.host/stage2.ps1
• 3 indicator(s) found (ipv4, url, username)
• LOW RISK (15/100) — no action needed
• MITRE ATT&CK: {'id': 'T1218', 'name': 'System Binary Proxy Execution', 'tactic': 'Defense Evasion'}, {'id': 'T1218.005', 'name': 'Mshta', 'tactic': 'Defense Evasion'}, {'id': 'T1218.011', 'name': 'Rundll32', 'tactic': 'Defense Evasion'}
• Affected user: exfil_user_401",2026-04-09 10:28:21.123841+00,2026-04-09 10:35:17.653343+00,416.529502
070820ec-c8e2-4f2d-aa91-91663bb8f213,health_check,completed,A,benign,0,,2,[],"• Routine activity — no threat detected
• 2 indicator(s) found (ipv4, username)
• LOW RISK (0/100) — no action needed
• Affected user: Administrator_402",2026-04-09 10:28:21.639282+00,2026-04-09 10:33:49.091071+00,327.451789
12baedde-dfe0-435a-a8c1-c885c0dae691,scheduled_backup,completed,A,benign,0,,2,[],"• Routine activity — no threat detected
• 2 indicator(s) found (ipv4, username)
• LOW RISK (0/100) — no action needed
• Affected user: compromised_403",2026-04-09 10:28:22.151979+00,2026-04-09 10:38:19.834992+00,597.683013
6c1333d2-c9a3-4347-bb30-ab8716691b4a,ransomware,completed,A,true_positive,100,,8,"[{""id"": ""T1486"", ""name"": ""Data Encrypted for Impact"", ""tactic"": ""Impact""}, {""id"": ""T1490"", ""name"": ""Inhibit System Recovery"", ""tactic"": ""Impact""}, {""id"": ""T1059"", ""name"": ""Command and Scripting Interpreter"", ""tactic"": ""Execution""}, {""id"": ""T1547"", ""name"": ""Boot or Logon Autostart Execution"", ""tactic"": ""Persistence""}]","• CONFIRMED ATTACK detected from 10.200.2.151
• Shadow copy deletion detected (vssadmin delete shadows)
• 2 indicator(s) found (ipv4, username)
• HIGH RISK (100/100) — immediate action recommended
• MITRE ATT&CK: {'id': 'T1486', 'name': 'Data Encrypted for Impact', 'tactic': 'Impact'}, {'id': 'T1490', 'name': 'Inhibit System Recovery', 'tactic': 'Impact'}, {'id': 'T1059', 'name': 'Command and Scripting Interpreter', 'tactic': 'Execution'}
• Affected user: Administrator_404",2026-04-09 10:28:22.666278+00,2026-04-09 10:34:19.760067+00,357.093789
4e7fd2e8-93cc-460a-b2bb-168a3f0e7c93,golden_ticket,completed,A,true_positive,100,,7,"[{""id"": ""T1558.001"", ""name"": ""Golden Ticket"", ""tactic"": ""Credential Access""}]","• CONFIRMED ATTACK detected from 10.200.2.152
• Forged Kerberos ticket detected
• 2 indicator(s) found (ipv4, username)
• HIGH RISK (100/100) — immediate action recommended
• MITRE ATT&CK: {'id': 'T1558.001', 'name': 'Golden Ticket', 'tactic': 'Credential Access'}
• Affected user: root_405",2026-04-09 10:28:23.1787+00,2026-04-09 10:35:41.977231+00,438.798531
3227c31f-3cba-443c-a181-4b6d4dda8015,lateral_movement,completed,A,true_positive,100,,8,"[{""id"": ""T1021"", ""name"": ""Remote Services"", ""tactic"": ""Lateral Movement""}, {""id"": ""T1021.002"", ""name"": ""SMB/Windows Admin Shares"", ""tactic"": ""Lateral Movement""}, {""id"": ""T1570"", ""name"": ""Lateral Tool Transfer"", ""tactic"": ""Lateral Movement""}, {""id"": ""T1047"", ""name"": ""Windows Management Instrumentation"", ""tactic"": ""Execution""}]","• CONFIRMED ATTACK detected from 10.200.2.153
• Detected ipv4: 10.0.30.56
• 3 indicator(s) found (ipv4, username)
• HIGH RISK (100/100) — immediate action recommended
• MITRE ATT&CK: {'id': 'T1021', 'name': 'Remote Services', 'tactic': 'Lateral Movement'}, {'id': 'T1021.002', 'name': 'SMB/Windows Admin Shares', 'tactic': 'Lateral Movement'}, {'id': 'T1570', 'name': 'Lateral Tool Transfer', 'tactic': 'Lateral Movement'}
• Affected user: jdoe_406",2026-04-09 10:28:23.692451+00,2026-04-09 10:34:47.281329+00,383.588878
2e137759-973d-4131-87ca-0cfe401a3409,data_exfiltration,completed,A,true_positive,100,,8,"[{""id"": ""T1041"", ""name"": ""Exfiltration Over C2 Channel"", ""tactic"": ""Exfiltration""}, {""id"": ""T1567"", ""name"": ""Exfiltration Over Web Service"", ""tactic"": ""Exfiltration""}, {""id"": ""T1048"", ""name"": ""Exfiltration Over Alternative Protocol"", ""tactic"": ""Exfiltration""}]","• CONFIRMED ATTACK detected from 10.200.2.154
• Large data transfer: 5.2 GB
• 3 indicator(s) found (ipv4, username)
• HIGH RISK (100/100) — immediate action recommended
• MITRE ATT&CK: {'id': 'T1041', 'name': 'Exfiltration Over C2 Channel', 'tactic': 'Exfiltration'}, {'id': 'T1567', 'name': 'Exfiltration Over Web Service', 'tactic': 'Exfiltration'}, {'id': 'T1048', 'name': 'Exfiltration Over Alternative Protocol', 'tactic': 'Exfiltration'}
• Affected user: exfil_user_407",2026-04-09 10:28:24.204644+00,2026-04-09 10:32:36.747799+00,252.543155
6dff786b-9929-41f7-97f0-1591f5e1cc41,user_login,completed,A,benign,0,,2,[],"• Routine activity — no threat detected
• 2 indicator(s) found (ipv4, username)
• LOW RISK (0/100) — no action needed
• Affected user: jdoe_408",2026-04-09 10:28:24.718572+00,2026-04-09 10:33:02.895162+00,278.176590
2afa4a81-aac8-49da-bbcf-2b60f0ddecb5,kerberoasting,completed,A,true_positive,100,,7,"[{""id"": ""T1558.003"", ""name"": ""Kerberoasting"", ""tactic"": ""Credential Access""}]","• CONFIRMED ATTACK detected from 10.200.2.156
• SPN enumeration detected — Kerberoasting recon
• 3 indicator(s) found (ipv4, service_name, username)
• HIGH RISK (100/100) — immediate action recommended
• MITRE ATT&CK: {'id': 'T1558.003', 'name': 'Kerberoasting', 'tactic': 'Credential Access'}
• Affected user: backup_svc_409",2026-04-09 10:28:25.232056+00,2026-04-09 10:35:41.01125+00,435.779194
59c939d2-96dc-4a60-9a71-975cf0ec1e42,brute_force,completed,A,true_positive,95,,7,"[{""id"": ""T1110"", ""name"": ""Brute Force"", ""tactic"": ""Credential Access""}, {""id"": ""T1110.001"", ""name"": ""Password Guessing"", ""tactic"": ""Credential Access""}, {""id"": ""T1110.003"", ""name"": ""Password Spraying"", ""tactic"": ""Credential Access""}]","• CONFIRMED ATTACK detected from 10.200.2.157
• Attack Signal: Command injection
• 2 indicator(s) found (ipv4, username)
• HIGH RISK (95/100) — immediate action recommended
• MITRE ATT&CK: {'id': 'T1110', 'name': 'Brute Force', 'tactic': 'Credential Access'}, {'id': 'T1110.001', 'name': 'Password Guessing', 'tactic': 'Credential Access'}, {'id': 'T1110.003', 'name': 'Password Spraying', 'tactic': 'Credential Access'}
• Affected user: golden_attacker_410",2026-04-09 10:28:25.744772+00,2026-04-09 10:32:42.088367+00,256.343595
2fe2f07a-b014-40d1-bc9e-b7cb6bdf0211,brute_force,completed,A,true_positive,95,,7,"[{""id"": ""T1110"", ""name"": ""Brute Force"", ""tactic"": ""Credential Access""}, {""id"": ""T1110.001"", ""name"": ""Password Guessing"", ""tactic"": ""Credential Access""}, {""id"": ""T1110.003"", ""name"": ""Password Spraying"", ""tactic"": ""Credential Access""}]","• CONFIRMED ATTACK detected from 10.200.2.158
• Attack Signal: Command injection
• 2 indicator(s) found (ipv4, username)
• HIGH RISK (95/100) — immediate action recommended
• MITRE ATT&CK: {'id': 'T1110', 'name': 'Brute Force', 'tactic': 'Credential Access'}, {'id': 'T1110.001', 'name': 'Password Guessing', 'tactic': 'Credential Access'}, {'id': 'T1110.003', 'name': 'Password Spraying', 'tactic': 'Credential Access'}
• Affected user: jsmith_411",2026-04-09 10:28:26.25413+00,2026-04-09 10:36:18.629583+00,472.375453
5acfb5d3-7ec3-47fe-b7e6-7232b24c81ac,ransomware,completed,A,true_positive,100,,8,"[{""id"": ""T1486"", ""name"": ""Data Encrypted for Impact"", ""tactic"": ""Impact""}, {""id"": ""T1490"", ""name"": ""Inhibit System Recovery"", ""tactic"": ""Impact""}, {""id"": ""T1059"", ""name"": ""Command and Scripting Interpreter"", ""tactic"": ""Execution""}, {""id"": ""T1547"", ""name"": ""Boot or Logon Autostart Execution"", ""tactic"": ""Persistence""}]","• CONFIRMED ATTACK detected from 10.200.2.159
• Shadow copy deletion detected (vssadmin delete shadows)
• 2 indicator(s) found (ipv4, username)
• HIGH RISK (100/100) — immediate action recommended
• MITRE ATT&CK: {'id': 'T1486', 'name': 'Data Encrypted for Impact', 'tactic': 'Impact'}, {'id': 'T1490', 'name': 'Inhibit System Recovery', 'tactic': 'Impact'}, {'id': 'T1059', 'name': 'Command and Scripting Interpreter', 'tactic': 'Execution'}
• Affected user: data_thief_412",2026-04-09 10:28:26.767325+00,2026-04-09 10:35:42.041352+00,435.274027
3daaeacc-d49e-4e1d-b542-a9f7f778421a,lateral_movement,completed,A,true_positive,100,,8,"[{""id"": ""T1021"", ""name"": ""Remote Services"", ""tactic"": ""Lateral Movement""}, {""id"": ""T1021.002"", ""name"": ""SMB/Windows Admin Shares"", ""tactic"": ""Lateral Movement""}, {""id"": ""T1570"", ""name"": ""Lateral Tool Transfer"", ""tactic"": ""Lateral Movement""}, {""id"": ""T1047"", ""name"": ""Windows Management Instrumentation"", ""tactic"": ""Execution""}]","• CONFIRMED ATTACK detected from 10.200.2.160
• Detected ipv4: 10.0.30.173
• 3 indicator(s) found (ipv4, username)
• HIGH RISK (100/100) — immediate action recommended
• MITRE ATT&CK: {'id': 'T1021', 'name': 'Remote Services', 'tactic': 'Lateral Movement'}, {'id': 'T1021.002', 'name': 'SMB/Windows Admin Shares', 'tactic': 'Lateral Movement'}, {'id': 'T1570', 'name': 'Lateral Tool Transfer', 'tactic': 'Lateral Movement'}
• Affected user: data_thief_413",2026-04-09 10:28:27.281041+00,2026-04-09 10:32:07.44233+00,220.161289
861bba7b-dd9a-4cec-90a7-fe998f225a30,phishing,completed,A,true_positive,85,,10,"[{""id"": ""T1566"", ""name"": ""Phishing"", ""tactic"": ""Initial Access""}, {""id"": ""T1566.001"", ""name"": ""Spearphishing Attachment"", ""tactic"": ""Initial Access""}, {""id"": ""T1566.002"", ""name"": ""Spearphishing Link"", ""tactic"": ""Initial Access""}, {""id"": ""T1204.001"", ""name"": ""Malicious Link"", ""tactic"": ""Execution""}]","• CONFIRMED ATTACK detected from 10.200.2.161
• Urgency/social engineering language detected
• 5 indicator(s) found (domain, email, ipv4, url, username)
• HIGH RISK (85/100) — immediate action recommended
• MITRE ATT&CK: {'id': 'T1566', 'name': 'Phishing', 'tactic': 'Initial Access'}, {'id': 'T1566.001', 'name': 'Spearphishing Attachment', 'tactic': 'Initial Access'}, {'id': 'T1566.002', 'name': 'Spearphishing Link', 'tactic': 'Initial Access'}
• Affected user: data_thief_414",2026-04-09 10:28:27.798944+00,2026-04-09 10:38:08.995795+00,581.196851
7dc7342e-4434-4323-b1fc-e6ccd5998e92,password_change,completed,A,benign,0,,2,[],"• Routine activity — no threat detected
• 2 indicator(s) found (ipv4, username)
• LOW RISK (0/100) — no action needed
• Affected user: compromised_415",2026-04-09 10:28:28.312876+00,2026-04-09 10:36:32.843768+00,484.530892
c030a798-4929-45e0-8e30-88ba0388b367,ransomware,completed,A,true_positive,100,,8,"[{""id"": ""T1486"", ""name"": ""Data Encrypted for Impact"", ""tactic"": ""Impact""}, {""id"": ""T1490"", ""name"": ""Inhibit System Recovery"", ""tactic"": ""Impact""}, {""id"": ""T1059"", ""name"": ""Command and Scripting Interpreter"", ""tactic"": ""Execution""}, {""id"": ""T1547"", ""name"": ""Boot or Logon Autostart Execution"", ""tactic"": ""Persistence""}]","• CONFIRMED ATTACK detected from 10.200.2.163
• Shadow copy deletion detected (vssadmin delete shadows)
• 2 indicator(s) found (ipv4, username)
• HIGH RISK (100/100) — immediate action recommended
• MITRE ATT&CK: {'id': 'T1486', 'name': 'Data Encrypted for Impact', 'tactic': 'Impact'}, {'id': 'T1490', 'name': 'Inhibit System Recovery', 'tactic': 'Impact'}, {'id': 'T1059', 'name': 'Command and Scripting Interpreter', 'tactic': 'Execution'}
• Affected user: user2_416",2026-04-09 10:28:28.827613+00,2026-04-09 10:39:50.946529+00,682.118916
1f3f78bc-95bc-48dc-9fa9-92970ec71936,scheduled_backup,completed,A,benign,0,,2,[],"• Routine activity — no threat detected
• 2 indicator(s) found (ipv4, username)
• LOW RISK (0/100) — no action needed
• Affected user: jsmith_417",2026-04-09 10:28:29.345602+00,2026-04-09 10:35:21.459838+00,412.114236
33b133d8-7911-4f9a-9dde-2cab723c5979,lateral_movement,completed,A,true_positive,100,,8,"[{""id"": ""T1021"", ""name"": ""Remote Services"", ""tactic"": ""Lateral Movement""}, {""id"": ""T1021.002"", ""name"": ""SMB/Windows Admin Shares"", ""tactic"": ""Lateral Movement""}, {""id"": ""T1570"", ""name"": ""Lateral Tool Transfer"", ""tactic"": ""Lateral Movement""}, {""id"": ""T1047"", ""name"": ""Windows Management Instrumentation"", ""tactic"": ""Execution""}]","• CONFIRMED ATTACK detected from 10.200.2.165
• Detected ipv4: 192.168.1.228
• 3 indicator(s) found (ipv4, username)
• HIGH RISK (100/100) — immediate action recommended
• MITRE ATT&CK: {'id': 'T1021', 'name': 'Remote Services', 'tactic': 'Lateral Movement'}, {'id': 'T1021.002', 'name': 'SMB/Windows Admin Shares', 'tactic': 'Lateral Movement'}, {'id': 'T1570', 'name': 'Lateral Tool Transfer', 'tactic': 'Lateral Movement'}
• Affected user: data_thief_418",2026-04-09 10:28:29.86297+00,2026-04-09 10:35:52.626461+00,442.763491
ad1e042c-27e5-4dc8-a82f-9edaf821ad66,lateral_movement,completed,A,true_positive,100,,8,"[{""id"": ""T1021"", ""name"": ""Remote Services"", ""tactic"": ""Lateral Movement""}, {""id"": ""T1021.002"", ""name"": ""SMB/Windows Admin Shares"", ""tactic"": ""Lateral Movement""}, {""id"": ""T1570"", ""name"": ""Lateral Tool Transfer"", ""tactic"": ""Lateral Movement""}, {""id"": ""T1047"", ""name"": ""Windows Management Instrumentation"", ""tactic"": ""Execution""}]","• CONFIRMED ATTACK detected from 10.200.2.166
• Detected ipv4: 10.0.30.200
• 3 indicator(s) found (ipv4, username)
• HIGH RISK (100/100) — immediate action recommended
• MITRE ATT&CK: {'id': 'T1021', 'name': 'Remote Services', 'tactic': 'Lateral Movement'}, {'id': 'T1021.002', 'name': 'SMB/Windows Admin Shares', 'tactic': 'Lateral Movement'}, {'id': 'T1570', 'name': 'Lateral Tool Transfer', 'tactic': 'Lateral Movement'}
• Affected user: backup_svc_419",2026-04-09 10:28:30.388538+00,2026-04-09 10:36:43.317096+00,492.928558
94ef8bc4-717f-41c0-b011-888148f0f9d6,lolbin_abuse,completed,A,benign,15,,8,"[{""id"": ""T1218"", ""name"": ""System Binary Proxy Execution"", ""tactic"": ""Defense Evasion""}, {""id"": ""T1218.005"", ""name"": ""Mshta"", ""tactic"": ""Defense Evasion""}, {""id"": ""T1218.011"", ""name"": ""Rundll32"", ""tactic"": ""Defense Evasion""}]","• Routine activity — no threat detected
• URL targets suspicious executable: http://bad.host/stage2.ps1
• 3 indicator(s) found (ipv4, url, username)
• LOW RISK (15/100) — no action needed
• MITRE ATT&CK: {'id': 'T1218', 'name': 'System Binary Proxy Execution', 'tactic': 'Defense Evasion'}, {'id': 'T1218.005', 'name': 'Mshta', 'tactic': 'Defense Evasion'}, {'id': 'T1218.011', 'name': 'Rundll32', 'tactic': 'Defense Evasion'}
• Affected user: user2_420",2026-04-09 10:28:30.907461+00,2026-04-09 10:36:41.303398+00,490.395937
177d4238-322f-4357-8f24-5ce938fc71a8,golden_ticket,completed,A,true_positive,100,,7,"[{""id"": ""T1558.001"", ""name"": ""Golden Ticket"", ""tactic"": ""Credential Access""}]","• CONFIRMED ATTACK detected from 10.200.2.168
• Forged Kerberos ticket detected
• 2 indicator(s) found (ipv4, username)
• HIGH RISK (100/100) — immediate action recommended
• MITRE ATT&CK: {'id': 'T1558.001', 'name': 'Golden Ticket', 'tactic': 'Credential Access'}
• Affected user: jsmith_421",2026-04-09 10:28:31.419715+00,2026-04-09 10:36:43.085968+00,491.666253
f41eaae8-e920-4047-9986-4aebcb933b58,phishing,completed,A,true_positive,70,,10,"[{""id"": ""T1566"", ""name"": ""Phishing"", ""tactic"": ""Initial Access""}, {""id"": ""T1566.001"", ""name"": ""Spearphishing Attachment"", ""tactic"": ""Initial Access""}, {""id"": ""T1566.002"", ""name"": ""Spearphishing Link"", ""tactic"": ""Initial Access""}, {""id"": ""T1204.001"", ""name"": ""Malicious Link"", ""tactic"": ""Execution""}]","• CONFIRMED ATTACK detected from 10.200.2.169
• Credential harvesting indicators detected
• 4 indicator(s) found (domain, email, ipv4, username)
• HIGH RISK (70/100) — immediate action recommended
• MITRE ATT&CK: {'id': 'T1566', 'name': 'Phishing', 'tactic': 'Initial Access'}, {'id': 'T1566.001', 'name': 'Spearphishing Attachment', 'tactic': 'Initial Access'}, {'id': 'T1566.002', 'name': 'Spearphishing Link', 'tactic': 'Initial Access'}
• Affected user: attacker_user_422",2026-04-09 10:28:31.937461+00,2026-04-09 10:37:14.410656+00,522.473195
1cceaa27-7884-49fa-bc0a-3f5254b4ee26,lateral_movement,completed,A,true_positive,100,,8,"[{""id"": ""T1021"", ""name"": ""Remote Services"", ""tactic"": ""Lateral Movement""}, {""id"": ""T1021.002"", ""name"": ""SMB/Windows Admin Shares"", ""tactic"": ""Lateral Movement""}, {""id"": ""T1570"", ""name"": ""Lateral Tool Transfer"", ""tactic"": ""Lateral Movement""}, {""id"": ""T1047"", ""name"": ""Windows Management Instrumentation"", ""tactic"": ""Execution""}]","• CONFIRMED ATTACK detected from 10.200.2.170
• Detected ipv4: 10.0.60.129
• 3 indicator(s) found (ipv4, username)
• HIGH RISK (100/100) — immediate action recommended
• MITRE ATT&CK: {'id': 'T1021', 'name': 'Remote Services', 'tactic': 'Lateral Movement'}, {'id': 'T1021.002', 'name': 'SMB/Windows Admin Shares', 'tactic': 'Lateral Movement'}, {'id': 'T1570', 'name': 'Lateral Tool Transfer', 'tactic': 'Lateral Movement'}
• Affected user: user2_423",2026-04-09 10:28:32.457963+00,2026-04-09 10:36:41.278936+00,488.820973
8b0b9205-34bb-4c68-98ce-1a4187dc55f4,c2_communication,completed,A,true_positive,100,,8,"[{""id"": ""T1071"", ""name"": ""Application Layer Protocol"", ""tactic"": ""Command and Control""}, {""id"": ""T1573"", ""name"": ""Encrypted Channel"", ""tactic"": ""Command and Control""}, {""id"": ""T1105"", ""name"": ""Ingress Tool Transfer"", ""tactic"": ""Command and Control""}, {""id"": ""T1571"", ""name"": ""Non-Standard Port"", ""tactic"": ""Command and Control""}]","• CONFIRMED ATTACK detected from 10.200.2.171
• Regular beacon interval detected: 30.0s (stddev=0.5)
• 3 indicator(s) found (ipv4, username)
• HIGH RISK (100/100) — immediate action recommended
• MITRE ATT&CK: {'id': 'T1071', 'name': 'Application Layer Protocol', 'tactic': 'Command and Control'}, {'id': 'T1573', 'name': 'Encrypted Channel', 'tactic': 'Command and Control'}, {'id': 'T1105', 'name': 'Ingress Tool Transfer', 'tactic': 'Command and Control'}
• Affected user: svc_backup_424",2026-04-09 10:28:33.013917+00,2026-04-09 10:39:03.637067+00,630.623150
f3196f51-678b-4106-a94b-bff55db327a8,ransomware,completed,A,true_positive,100,,8,"[{""id"": ""T1486"", ""name"": ""Data Encrypted for Impact"", ""tactic"": ""Impact""}, {""id"": ""T1490"", ""name"": ""Inhibit System Recovery"", ""tactic"": ""Impact""}, {""id"": ""T1059"", ""name"": ""Command and Scripting Interpreter"", ""tactic"": ""Execution""}, {""id"": ""T1547"", ""name"": ""Boot or Logon Autostart Execution"", ""tactic"": ""Persistence""}]","• CONFIRMED ATTACK detected from 10.200.2.172
• Shadow copy deletion detected (vssadmin delete shadows)
• 2 indicator(s) found (ipv4, username)
• HIGH RISK (100/100) — immediate action recommended
• MITRE ATT&CK: {'id': 'T1486', 'name': 'Data Encrypted for Impact', 'tactic': 'Impact'}, {'id': 'T1490', 'name': 'Inhibit System Recovery', 'tactic': 'Impact'}, {'id': 'T1059', 'name': 'Command and Scripting Interpreter', 'tactic': 'Execution'}
• Affected user: web_admin_425",2026-04-09 10:28:33.541992+00,2026-04-09 10:37:44.817449+00,551.275457
a0792d95-7c40-44f5-b970-28bb8be145a0,phishing,completed,A,true_positive,85,,10,"[{""id"": ""T1566"", ""name"": ""Phishing"", ""tactic"": ""Initial Access""}, {""id"": ""T1566.001"", ""name"": ""Spearphishing Attachment"", ""tactic"": ""Initial Access""}, {""id"": ""T1566.002"", ""name"": ""Spearphishing Link"", ""tactic"": ""Initial Access""}, {""id"": ""T1204.001"", ""name"": ""Malicious Link"", ""tactic"": ""Execution""}]","• CONFIRMED ATTACK detected from 10.200.2.173
• Urgency/social engineering language detected
• 5 indicator(s) found (domain, email, ipv4, url, username)
• HIGH RISK (85/100) — immediate action recommended
• MITRE ATT&CK: {'id': 'T1566', 'name': 'Phishing', 'tactic': 'Initial Access'}, {'id': 'T1566.001', 'name': 'Spearphishing Attachment', 'tactic': 'Initial Access'}, {'id': 'T1566.002', 'name': 'Spearphishing Link', 'tactic': 'Initial Access'}
• Affected user: jsmith_426",2026-04-09 10:28:34.058816+00,2026-04-09 10:34:10.684726+00,336.625910
2549f732-0362-4a2e-9543-48d88fd3424e,lateral_movement,completed,A,true_positive,100,,8,"[{""id"": ""T1021"", ""name"": ""Remote Services"", ""tactic"": ""Lateral Movement""}, {""id"": ""T1021.002"", ""name"": ""SMB/Windows Admin Shares"", ""tactic"": ""Lateral Movement""}, {""id"": ""T1570"", ""name"": ""Lateral Tool Transfer"", ""tactic"": ""Lateral Movement""}, {""id"": ""T1047"", ""name"": ""Windows Management Instrumentation"", ""tactic"": ""Execution""}]","• CONFIRMED ATTACK detected from 10.200.2.174
• Detected ipv4: 192.168.1.174
• 3 indicator(s) found (ipv4, username)
• HIGH RISK (100/100) — immediate action recommended
• MITRE ATT&CK: {'id': 'T1021', 'name': 'Remote Services', 'tactic': 'Lateral Movement'}, {'id': 'T1021.002', 'name': 'SMB/Windows Admin Shares', 'tactic': 'Lateral Movement'}, {'id': 'T1570', 'name': 'Lateral Tool Transfer', 'tactic': 'Lateral Movement'}
• Affected user: data_thief_427",2026-04-09 10:28:34.578317+00,2026-04-09 10:32:43.992376+00,249.414059
4401da50-2c58-46fa-949f-0aa7cfe30bff,lolbin_abuse,completed,A,true_positive,100,,8,"[{""id"": ""T1218"", ""name"": ""System Binary Proxy Execution"", ""tactic"": ""Defense Evasion""}, {""id"": ""T1218.005"", ""name"": ""Mshta"", ""tactic"": ""Defense Evasion""}, {""id"": ""T1218.011"", ""name"": ""Rundll32"", ""tactic"": ""Defense Evasion""}]","• CONFIRMED ATTACK detected from 10.200.2.175
• LOLBin abuse: certutil download via -urlcache
• 3 indicator(s) found (ipv4, url, username)
• HIGH RISK (100/100) — immediate action recommended
• MITRE ATT&CK: {'id': 'T1218', 'name': 'System Binary Proxy Execution', 'tactic': 'Defense Evasion'}, {'id': 'T1218.005', 'name': 'Mshta', 'tactic': 'Defense Evasion'}, {'id': 'T1218.011', 'name': 'Rundll32', 'tactic': 'Defense Evasion'}
• Affected user: user2_428",2026-04-09 10:28:35.093871+00,2026-04-09 10:35:41.72852+00,426.634649
640ebbbd-e958-4361-95bd-c941fb62d3b1,windows_update,completed,A,benign,0,,2,[],"• Routine activity — no threat detected
• 2 indicator(s) found (ipv4, username)
• LOW RISK (0/100) — no action needed
• Affected user: svc_backup_429",2026-04-09 10:28:35.610754+00,2026-04-09 10:39:44.553569+00,668.942815
51cefeab-52cd-4d01-975f-18f1c13df942,brute_force,completed,A,true_positive,95,,7,"[{""id"": ""T1110"", ""name"": ""Brute Force"", ""tactic"": ""Credential Access""}, {""id"": ""T1110.001"", ""name"": ""Password Guessing"", ""tactic"": ""Credential Access""}, {""id"": ""T1110.003"", ""name"": ""Password Spraying"", ""tactic"": ""Credential Access""}]","• CONFIRMED ATTACK detected from 10.200.2.177
• Attack Signal: Command injection
• 2 indicator(s) found (ipv4, username)
• HIGH RISK (95/100) — immediate action recommended
• MITRE ATT&CK: {'id': 'T1110', 'name': 'Brute Force', 'tactic': 'Credential Access'}, {'id': 'T1110.001', 'name': 'Password Guessing', 'tactic': 'Credential Access'}, {'id': 'T1110.003', 'name': 'Password Spraying', 'tactic': 'Credential Access'}
• Affected user: attacker_user_430",2026-04-09 10:28:36.126624+00,2026-04-09 10:36:36.285552+00,480.158928
736930fe-c1de-4c7a-87b1-141f491032b1,lolbin_abuse,completed,A,benign,15,,8,"[{""id"": ""T1218"", ""name"": ""System Binary Proxy Execution"", ""tactic"": ""Defense Evasion""}, {""id"": ""T1218.005"", ""name"": ""Mshta"", ""tactic"": ""Defense Evasion""}, {""id"": ""T1218.011"", ""name"": ""Rundll32"", ""tactic"": ""Defense Evasion""}]","• Routine activity — no threat detected
• URL targets suspicious executable: http://bad.host/stage2.ps1
• 3 indicator(s) found (ipv4, url, username)
• LOW RISK (15/100) — no action needed
• MITRE ATT&CK: {'id': 'T1218', 'name': 'System Binary Proxy Execution', 'tactic': 'Defense Evasion'}, {'id': 'T1218.005', 'name': 'Mshta', 'tactic': 'Defense Evasion'}, {'id': 'T1218.011', 'name': 'Rundll32', 'tactic': 'Defense Evasion'}
• Affected user: data_thief_431",2026-04-09 10:28:36.641077+00,2026-04-09 10:36:09.873737+00,453.232660
7b5471e0-9a85-4a0d-a7db-88974c43ef4e,lateral_movement,completed,A,true_positive,100,,8,"[{""id"": ""T1021"", ""name"": ""Remote Services"", ""tactic"": ""Lateral Movement""}, {""id"": ""T1021.002"", ""name"": ""SMB/Windows Admin Shares"", ""tactic"": ""Lateral Movement""}, {""id"": ""T1570"", ""name"": ""Lateral Tool Transfer"", ""tactic"": ""Lateral Movement""}, {""id"": ""T1047"", ""name"": ""Windows Management Instrumentation"", ""tactic"": ""Execution""}]","• CONFIRMED ATTACK detected from 10.200.2.179
• Detected ipv4: 10.0.20.78
• 3 indicator(s) found (ipv4, username)
• HIGH RISK (100/100) — immediate action recommended
• MITRE ATT&CK: {'id': 'T1021', 'name': 'Remote Services', 'tactic': 'Lateral Movement'}, {'id': 'T1021.002', 'name': 'SMB/Windows Admin Shares', 'tactic': 'Lateral Movement'}, {'id': 'T1570', 'name': 'Lateral Tool Transfer', 'tactic': 'Lateral Movement'}
• Affected user: attacker_user_432",2026-04-09 10:28:37.162684+00,2026-04-09 10:37:44.563489+00,547.400805
737fe5da-21e9-4082-b0c3-ecfec1a532e9,data_exfiltration,pending,,,,,,,,2026-04-09 10:28:37.691268+00,,
b136bd0e-2b3f-487d-9642-1719e4245f2c,phishing,pending,,,,,,,,2026-04-09 10:28:38.201855+00,,
948c7694-d1f3-42f4-afa7-5d1ebd7b370f,brute_force,pending,,,,,,,,2026-04-09 10:28:38.708085+00,,
88d27488-4d66-44ee-87c0-a3b45a917b53,scheduled_backup,pending,,,,,,,,2026-04-09 10:28:39.218258+00,,
3bdbd619-1169-43d0-87b0-9e58498c2816,password_change,pending,,,,,,,,2026-04-09 10:28:39.726519+00,,
93b5dca5-25c3-4a05-80be-e5864f5b4129,golden_ticket,pending,,,,,,,,2026-04-09 10:28:40.238779+00,,
e3c03075-9aff-4b53-8692-82a1140842f8,password_change,pending,,,,,,,,2026-04-09 10:28:40.747385+00,,
4e5f45b7-ac74-417b-b69b-613b0dc29355,golden_ticket,pending,,,,,,,,2026-04-09 10:28:41.268727+00,,
96477075-de6f-4e60-bd82-2970ce64ec9b,lateral_movement,pending,,,,,,,,2026-04-09 10:28:41.794576+00,,
af74ce15-4612-4e0d-ab5c-463d8e550e0e,golden_ticket,pending,,,,,,,,2026-04-09 10:28:42.295768+00,,
54e4ecd5-e15b-4e86-8629-4a04c251a738,data_exfiltration,pending,,,,,,,,2026-04-09 10:28:42.804334+00,,
4828531d-2568-4e13-ae53-6da108220024,golden_ticket,pending,,,,,,,,2026-04-09 10:28:43.322479+00,,
73e65183-25af-43ac-80db-20c820441775,lateral_movement,pending,,,,,,,,2026-04-09 10:28:43.834154+00,,
fab811c4-5bc1-42fc-8201-206399741bf3,kerberoasting,pending,,,,,,,,2026-04-09 10:28:44.347608+00,,
f6c3799c-5a60-454c-8b03-9834b3418abc,windows_update,pending,,,,,,,,2026-04-09 10:28:44.857188+00,,
3204e245-fd8c-4f1e-9208-c0cdd272b39a,user_login,pending,,,,,,,,2026-04-09 10:28:45.367798+00,,
ef7c56b1-0974-43b8-9df2-c7f3715869a5,password_change,pending,,,,,,,,2026-04-09 10:28:45.880418+00,,
a0a9ce39-8cb2-4302-b56b-a99d9ddcc24e,lateral_movement,pending,,,,,,,,2026-04-09 10:28:46.403442+00,,
87e3d29c-dcfb-4e87-b973-c3a0da1c86ec,user_login,pending,,,,,,,,2026-04-09 10:28:46.912926+00,,
6098abae-ec69-4fc6-9440-2b4af37bd12f,health_check,pending,,,,,,,,2026-04-09 10:28:47.426882+00,,
6175ea93-c451-41e7-b072-cf0479e6cdb2,c2_communication,pending,,,,,,,,2026-04-09 10:28:47.937501+00,,
d6ef67dd-3494-49f4-87f5-1c9c7a592454,brute_force,pending,,,,,,,,2026-04-09 10:28:48.447485+00,,
54c01532-06bd-4204-a6e4-9fd95702748e,phishing,pending,,,,,,,,2026-04-09 10:28:48.955823+00,,
79b51c38-f347-4948-bc48-68d83fd64e41,password_change,pending,,,,,,,,2026-04-09 10:28:49.464958+00,,
86b6fcad-e06f-416b-92f2-12e4988f5c0e,data_exfiltration,pending,,,,,,,,2026-04-09 10:28:49.972228+00,,
00eefeaa-599a-4ee1-a14b-7f2f7234726e,lateral_movement,pending,,,,,,,,2026-04-09 10:28:50.482109+00,,
2974ec9a-a0e1-43d8-81c9-5d3bdab6a20f,lolbin_abuse,pending,,,,,,,,2026-04-09 10:28:50.990584+00,,
b5fa1935-8859-44ab-a9b6-40db86f4ee0f,lolbin_abuse,pending,,,,,,,,2026-04-09 10:28:51.501344+00,,
2df83a2b-aa6a-40c0-b95a-ef2258db1996,lateral_movement,pending,,,,,,,,2026-04-09 10:28:52.009317+00,,
26b9a5a9-4e82-448d-bae4-028479bf6aba,kerberoasting,pending,,,,,,,,2026-04-09 10:28:52.517793+00,,
a1509815-4dcd-4535-a97f-03d5f4151762,phishing,completed,A,true_positive,85,,10,"[{""id"": ""T1566"", ""name"": ""Phishing"", ""tactic"": ""Initial Access""}, {""id"": ""T1566.001"", ""name"": ""Spearphishing Attachment"", ""tactic"": ""Initial Access""}, {""id"": ""T1566.002"", ""name"": ""Spearphishing Link"", ""tactic"": ""Initial Access""}, {""id"": ""T1204.001"", ""name"": ""Malicious Link"", ""tactic"": ""Execution""}]","• CONFIRMED ATTACK detected from 10.200.2.210
• Urgency/social engineering language detected
• 5 indicator(s) found (domain, email, ipv4, url, username)
• HIGH RISK (85/100) — immediate action recommended
• MITRE ATT&CK: {'id': 'T1566', 'name': 'Phishing', 'tactic': 'Initial Access'}, {'id': 'T1566.001', 'name': 'Spearphishing Attachment', 'tactic': 'Initial Access'}, {'id': 'T1566.002', 'name': 'Spearphishing Link', 'tactic': 'Initial Access'}
• Affected user: attacker_user_463",2026-04-09 10:28:53.027927+00,2026-04-09 10:31:08.788668+00,135.760741
234a9f55-562e-4f89-863b-ac21dc773999,password_change,completed,A,benign,0,,2,[],"• Routine activity — no threat detected
• 2 indicator(s) found (ipv4, username)
• LOW RISK (0/100) — no action needed
• Affected user: compromised_464",2026-04-09 10:28:53.548628+00,2026-04-09 10:34:08.906334+00,315.357706
6bae9c50-f106-46ee-959a-10c296cde82b,golden_ticket,completed,A,true_positive,100,,7,"[{""id"": ""T1558.001"", ""name"": ""Golden Ticket"", ""tactic"": ""Credential Access""}]","• CONFIRMED ATTACK detected from 10.200.2.212
• Forged Kerberos ticket detected
• 2 indicator(s) found (ipv4, username)
• HIGH RISK (100/100) — immediate action recommended
• MITRE ATT&CK: {'id': 'T1558.001', 'name': 'Golden Ticket', 'tactic': 'Credential Access'}
• Affected user: svc_backup_465",2026-04-09 10:28:54.06354+00,2026-04-09 10:33:33.616648+00,279.553108
be67f285-83dc-4c6a-a5d6-29c562cc6b12,scheduled_backup,completed,A,benign,0,,2,[],"• Routine activity — no threat detected
• 2 indicator(s) found (ipv4, username)
• LOW RISK (0/100) — no action needed
• Affected user: root_466",2026-04-09 10:28:54.580317+00,2026-04-09 10:35:21.187191+00,386.606874
c9ec0296-594d-4a7e-9545-4452c9f60fbc,password_change,completed,A,benign,0,,2,[],"• Routine activity — no threat detected
• 2 indicator(s) found (ipv4, username)
• LOW RISK (0/100) — no action needed
• Affected user: SYSTEM_467",2026-04-09 10:28:55.094272+00,2026-04-09 10:35:01.989137+00,366.894865
135042cd-b95f-4f26-a02f-258e959b8409,phishing,completed,A,true_positive,70,,10,"[{""id"": ""T1566"", ""name"": ""Phishing"", ""tactic"": ""Initial Access""}, {""id"": ""T1566.001"", ""name"": ""Spearphishing Attachment"", ""tactic"": ""Initial Access""}, {""id"": ""T1566.002"", ""name"": ""Spearphishing Link"", ""tactic"": ""Initial Access""}, {""id"": ""T1204.001"", ""name"": ""Malicious Link"", ""tactic"": ""Execution""}]","• CONFIRMED ATTACK detected from 10.200.2.215
• Credential harvesting indicators detected
• 4 indicator(s) found (domain, email, ipv4, username)
• HIGH RISK (70/100) — immediate action recommended
• MITRE ATT&CK: {'id': 'T1566', 'name': 'Phishing', 'tactic': 'Initial Access'}, {'id': 'T1566.001', 'name': 'Spearphishing Attachment', 'tactic': 'Initial Access'}, {'id': 'T1566.002', 'name': 'Spearphishing Link', 'tactic': 'Initial Access'}
• Affected user: backup_svc_468",2026-04-09 10:28:55.613354+00,2026-04-09 10:36:12.098677+00,436.485323
fea93037-fb9f-4cf9-a914-c820a992a1f8,phishing,completed,A,true_positive,85,,10,"[{""id"": ""T1566"", ""name"": ""Phishing"", ""tactic"": ""Initial Access""}, {""id"": ""T1566.001"", ""name"": ""Spearphishing Attachment"", ""tactic"": ""Initial Access""}, {""id"": ""T1566.002"", ""name"": ""Spearphishing Link"", ""tactic"": ""Initial Access""}, {""id"": ""T1204.001"", ""name"": ""Malicious Link"", ""tactic"": ""Execution""}]","• CONFIRMED ATTACK detected from 10.200.2.216
• Urgency/social engineering language detected
• 5 indicator(s) found (domain, email, ipv4, url, username)
• HIGH RISK (85/100) — immediate action recommended
• MITRE ATT&CK: {'id': 'T1566', 'name': 'Phishing', 'tactic': 'Initial Access'}, {'id': 'T1566.001', 'name': 'Spearphishing Attachment', 'tactic': 'Initial Access'}, {'id': 'T1566.002', 'name': 'Spearphishing Link', 'tactic': 'Initial Access'}
• Affected user: golden_attacker_469",2026-04-09 10:28:56.128477+00,2026-04-09 10:36:31.58776+00,455.459283
20b47872-2b40-4aec-8e78-de41ca3c8a5a,brute_force,completed,A,true_positive,95,,7,"[{""id"": ""T1110"", ""name"": ""Brute Force"", ""tactic"": ""Credential Access""}, {""id"": ""T1110.001"", ""name"": ""Password Guessing"", ""tactic"": ""Credential Access""}, {""id"": ""T1110.003"", ""name"": ""Password Spraying"", ""tactic"": ""Credential Access""}]","• CONFIRMED ATTACK detected from 10.200.2.217
• Attack Signal: Command injection
• 2 indicator(s) found (ipv4, username)
• HIGH RISK (95/100) — immediate action recommended
• MITRE ATT&CK: {'id': 'T1110', 'name': 'Brute Force', 'tactic': 'Credential Access'}, {'id': 'T1110.001', 'name': 'Password Guessing', 'tactic': 'Credential Access'}, {'id': 'T1110.003', 'name': 'Password Spraying', 'tactic': 'Credential Access'}
• Affected user: compromised_470",2026-04-09 10:28:56.642925+00,2026-04-09 10:39:51.573754+00,654.930829
f04f14c5-8d02-4284-a487-c48d3f624e41,c2_communication,completed,A,true_positive,100,,8,"[{""id"": ""T1071"", ""name"": ""Application Layer Protocol"", ""tactic"": ""Command and Control""}, {""id"": ""T1573"", ""name"": ""Encrypted Channel"", ""tactic"": ""Command and Control""}, {""id"": ""T1105"", ""name"": ""Ingress Tool Transfer"", ""tactic"": ""Command and Control""}, {""id"": ""T1571"", ""name"": ""Non-Standard Port"", ""tactic"": ""Command and Control""}]","• CONFIRMED ATTACK detected from 10.200.2.218
• Regular beacon interval detected: 30.0s (stddev=0.5)
• 3 indicator(s) found (ipv4, username)
• HIGH RISK (100/100) — immediate action recommended
• MITRE ATT&CK: {'id': 'T1071', 'name': 'Application Layer Protocol', 'tactic': 'Command and Control'}, {'id': 'T1573', 'name': 'Encrypted Channel', 'tactic': 'Command and Control'}, {'id': 'T1105', 'name': 'Ingress Tool Transfer', 'tactic': 'Command and Control'}
• Affected user: jsmith_471",2026-04-09 10:28:57.158983+00,2026-04-09 10:33:29.413438+00,272.254455
8ee3b092-cc52-4ff0-aa5f-6521606c1e3e,phishing,completed,A,true_positive,80,,10,"[{""id"": ""T1566"", ""name"": ""Phishing"", ""tactic"": ""Initial Access""}, {""id"": ""T1566.001"", ""name"": ""Spearphishing Attachment"", ""tactic"": ""Initial Access""}, {""id"": ""T1566.002"", ""name"": ""Spearphishing Link"", ""tactic"": ""Initial Access""}, {""id"": ""T1204.001"", ""name"": ""Malicious Link"", ""tactic"": ""Execution""}]","• CONFIRMED ATTACK detected from 10.200.2.219
• Urgency/social engineering language detected
• 4 indicator(s) found (domain, email, ipv4, username)
• HIGH RISK (80/100) — immediate action recommended
• MITRE ATT&CK: {'id': 'T1566', 'name': 'Phishing', 'tactic': 'Initial Access'}, {'id': 'T1566.001', 'name': 'Spearphishing Attachment', 'tactic': 'Initial Access'}, {'id': 'T1566.002', 'name': 'Spearphishing Link', 'tactic': 'Initial Access'}
• Affected user: svc_backup_472",2026-04-09 10:28:57.679922+00,2026-04-09 10:32:16.369798+00,198.689876
487ea5de-1ef1-4535-bcfa-95ba54b4d363,lolbin_abuse,completed,A,benign,15,,8,"[{""id"": ""T1218"", ""name"": ""System Binary Proxy Execution"", ""tactic"": ""Defense Evasion""}, {""id"": ""T1218.005"", ""name"": ""Mshta"", ""tactic"": ""Defense Evasion""}, {""id"": ""T1218.011"", ""name"": ""Rundll32"", ""tactic"": ""Defense Evasion""}]","• Routine activity — no threat detected
• URL targets suspicious executable: http://bad.host/stage2.ps1
• 3 indicator(s) found (ipv4, url, username)
• LOW RISK (15/100) — no action needed
• MITRE ATT&CK: {'id': 'T1218', 'name': 'System Binary Proxy Execution', 'tactic': 'Defense Evasion'}, {'id': 'T1218.005', 'name': 'Mshta', 'tactic': 'Defense Evasion'}, {'id': 'T1218.011', 'name': 'Rundll32', 'tactic': 'Defense Evasion'}
• Affected user: data_thief_473",2026-04-09 10:28:58.194549+00,2026-04-09 10:35:15.855394+00,377.660845
9b88a6d3-f30b-441e-98dc-7b7f95787d4a,health_check,completed,A,benign,0,,2,[],"• Routine activity — no threat detected
• 2 indicator(s) found (ipv4, username)
• LOW RISK (0/100) — no action needed
• Affected user: exfil_user_474",2026-04-09 10:28:58.710918+00,2026-04-09 10:35:46.31281+00,407.601892
79c56042-b13b-4c57-a7d0-a82326ee4e6c,health_check,completed,A,benign,0,,2,[],"• Routine activity — no threat detected
• 2 indicator(s) found (ipv4, username)
• LOW RISK (0/100) — no action needed
• Affected user: user2_475",2026-04-09 10:28:59.225235+00,2026-04-09 10:38:09.348931+00,550.123696
0c8bfe65-0cbb-46fb-936a-ce7c96031ee4,brute_force,completed,A,true_positive,95,,7,"[{""id"": ""T1110"", ""name"": ""Brute Force"", ""tactic"": ""Credential Access""}, {""id"": ""T1110.001"", ""name"": ""Password Guessing"", ""tactic"": ""Credential Access""}, {""id"": ""T1110.003"", ""name"": ""Password Spraying"", ""tactic"": ""Credential Access""}]","• CONFIRMED ATTACK detected from 10.200.2.223
• Attack Signal: Command injection
• 2 indicator(s) found (ipv4, username)
• HIGH RISK (95/100) — immediate action recommended
• MITRE ATT&CK: {'id': 'T1110', 'name': 'Brute Force', 'tactic': 'Credential Access'}, {'id': 'T1110.001', 'name': 'Password Guessing', 'tactic': 'Credential Access'}, {'id': 'T1110.003', 'name': 'Password Spraying', 'tactic': 'Credential Access'}
• Affected user: svc_backup_476",2026-04-09 10:28:59.742523+00,2026-04-09 10:39:40.031502+00,640.288979
4d45568a-3d9a-4e9e-9ccd-958907616d6d,lolbin_abuse,completed,A,true_positive,100,,8,"[{""id"": ""T1218"", ""name"": ""System Binary Proxy Execution"", ""tactic"": ""Defense Evasion""}, {""id"": ""T1218.005"", ""name"": ""Mshta"", ""tactic"": ""Defense Evasion""}, {""id"": ""T1218.011"", ""name"": ""Rundll32"", ""tactic"": ""Defense Evasion""}]","• CONFIRMED ATTACK detected from 10.200.2.224
• LOLBin abuse: certutil download via -urlcache
• 3 indicator(s) found (ipv4, url, username)
• HIGH RISK (100/100) — immediate action recommended
• MITRE ATT&CK: {'id': 'T1218', 'name': 'System Binary Proxy Execution', 'tactic': 'Defense Evasion'}, {'id': 'T1218.005', 'name': 'Mshta', 'tactic': 'Defense Evasion'}, {'id': 'T1218.011', 'name': 'Rundll32', 'tactic': 'Defense Evasion'}
• Affected user: asmith_477",2026-04-09 10:29:00.257068+00,2026-04-09 10:40:48.46876+00,708.211692
93d8b0e0-098b-44bd-98ea-815f532c3300,c2_communication,completed,A,true_positive,100,,8,"[{""id"": ""T1071"", ""name"": ""Application Layer Protocol"", ""tactic"": ""Command and Control""}, {""id"": ""T1573"", ""name"": ""Encrypted Channel"", ""tactic"": ""Command and Control""}, {""id"": ""T1105"", ""name"": ""Ingress Tool Transfer"", ""tactic"": ""Command and Control""}, {""id"": ""T1571"", ""name"": ""Non-Standard Port"", ""tactic"": ""Command and Control""}]","• CONFIRMED ATTACK detected from 10.200.2.225
• Regular beacon interval detected: 30.0s (stddev=0.5)
• 3 indicator(s) found (ipv4, username)
• HIGH RISK (100/100) — immediate action recommended
• MITRE ATT&CK: {'id': 'T1071', 'name': 'Application Layer Protocol', 'tactic': 'Command and Control'}, {'id': 'T1573', 'name': 'Encrypted Channel', 'tactic': 'Command and Control'}, {'id': 'T1105', 'name': 'Ingress Tool Transfer', 'tactic': 'Command and Control'}
• Affected user: sql_svc_478",2026-04-09 10:29:00.770672+00,2026-04-09 10:34:15.55555+00,314.784878
6920d251-ce65-48cc-92aa-6d2172a8130a,golden_ticket,completed,A,true_positive,100,,7,"[{""id"": ""T1558.001"", ""name"": ""Golden Ticket"", ""tactic"": ""Credential Access""}]","• CONFIRMED ATTACK detected from 10.200.2.226
• Forged Kerberos ticket detected
• 2 indicator(s) found (ipv4, username)
• HIGH RISK (100/100) — immediate action recommended
• MITRE ATT&CK: {'id': 'T1558.001', 'name': 'Golden Ticket', 'tactic': 'Credential Access'}
• Affected user: jdoe_479",2026-04-09 10:29:01.283763+00,2026-04-09 10:34:17.431318+00,316.147555
cbd18fe7-8d72-4b8a-8828-9f51a4c18bd6,health_check,pending,,,,,,,,2026-04-09 10:29:01.802578+00,,
1c6a1900-4146-48d7-81a3-733839a8dadf,lolbin_abuse,completed,A,benign,15,,8,"[{""id"": ""T1218"", ""name"": ""System Binary Proxy Execution"", ""tactic"": ""Defense Evasion""}, {""id"": ""T1218.005"", ""name"": ""Mshta"", ""tactic"": ""Defense Evasion""}, {""id"": ""T1218.011"", ""name"": ""Rundll32"", ""tactic"": ""Defense Evasion""}]","• Routine activity — no threat detected
• URL targets suspicious executable: http://bad.host/stage2.ps1
• 3 indicator(s) found (ipv4, url, username)
• LOW RISK (15/100) — no action needed
• MITRE ATT&CK: {'id': 'T1218', 'name': 'System Binary Proxy Execution', 'tactic': 'Defense Evasion'}, {'id': 'T1218.005', 'name': 'Mshta', 'tactic': 'Defense Evasion'}, {'id': 'T1218.011', 'name': 'Rundll32', 'tactic': 'Defense Evasion'}
• Affected user: svc_backup_481",2026-04-09 10:29:02.311504+00,2026-04-09 10:41:51.449356+00,769.137852
6563b250-7d20-4ba0-af27-bad4be333f17,golden_ticket,completed,A,true_positive,100,,7,"[{""id"": ""T1558.001"", ""name"": ""Golden Ticket"", ""tactic"": ""Credential Access""}]","• CONFIRMED ATTACK detected from 10.200.2.229
• Forged Kerberos ticket detected
• 2 indicator(s) found (ipv4, username)
• HIGH RISK (100/100) — immediate action recommended
• MITRE ATT&CK: {'id': 'T1558.001', 'name': 'Golden Ticket', 'tactic': 'Credential Access'}
• Affected user: asmith_482",2026-04-09 10:29:02.827367+00,2026-04-09 10:37:12.360498+00,489.533131
c1f47daf-bd53-4eb7-9659-33704c4b4853,lateral_movement,completed,A,true_positive,100,,8,"[{""id"": ""T1021"", ""name"": ""Remote Services"", ""tactic"": ""Lateral Movement""}, {""id"": ""T1021.002"", ""name"": ""SMB/Windows Admin Shares"", ""tactic"": ""Lateral Movement""}, {""id"": ""T1570"", ""name"": ""Lateral Tool Transfer"", ""tactic"": ""Lateral Movement""}, {""id"": ""T1047"", ""name"": ""Windows Management Instrumentation"", ""tactic"": ""Execution""}]","• CONFIRMED ATTACK detected from 10.200.2.230
• Detected ipv4: 172.16.0.4
• 3 indicator(s) found (ipv4, username)
• HIGH RISK (100/100) — immediate action recommended
• MITRE ATT&CK: {'id': 'T1021', 'name': 'Remote Services', 'tactic': 'Lateral Movement'}, {'id': 'T1021.002', 'name': 'SMB/Windows Admin Shares', 'tactic': 'Lateral Movement'}, {'id': 'T1570', 'name': 'Lateral Tool Transfer', 'tactic': 'Lateral Movement'}
• Affected user: admin_483",2026-04-09 10:29:03.348757+00,2026-04-09 10:35:21.61359+00,378.264833
6df1cbfe-7b86-4f90-8496-1ed7d917082f,lateral_movement,completed,A,true_positive,100,,8,"[{""id"": ""T1021"", ""name"": ""Remote Services"", ""tactic"": ""Lateral Movement""}, {""id"": ""T1021.002"", ""name"": ""SMB/Windows Admin Shares"", ""tactic"": ""Lateral Movement""}, {""id"": ""T1570"", ""name"": ""Lateral Tool Transfer"", ""tactic"": ""Lateral Movement""}, {""id"": ""T1047"", ""name"": ""Windows Management Instrumentation"", ""tactic"": ""Execution""}]","• CONFIRMED ATTACK detected from 10.200.2.231
• Detected ipv4: 10.0.20.113
• 3 indicator(s) found (ipv4, username)
• HIGH RISK (100/100) — immediate action recommended
• MITRE ATT&CK: {'id': 'T1021', 'name': 'Remote Services', 'tactic': 'Lateral Movement'}, {'id': 'T1021.002', 'name': 'SMB/Windows Admin Shares', 'tactic': 'Lateral Movement'}, {'id': 'T1570', 'name': 'Lateral Tool Transfer', 'tactic': 'Lateral Movement'}
• Affected user: golden_attacker_484",2026-04-09 10:29:03.881348+00,2026-04-09 10:35:20.932539+00,377.051191
84529cfc-34b6-4156-a481-7c83c542cb81,brute_force,completed,A,true_positive,95,,7,"[{""id"": ""T1110"", ""name"": ""Brute Force"", ""tactic"": ""Credential Access""}, {""id"": ""T1110.001"", ""name"": ""Password Guessing"", ""tactic"": ""Credential Access""}, {""id"": ""T1110.003"", ""name"": ""Password Spraying"", ""tactic"": ""Credential Access""}]","• CONFIRMED ATTACK detected from 10.200.2.232
• Attack Signal: Command injection
• 2 indicator(s) found (ipv4, username)
• HIGH RISK (95/100) — immediate action recommended
• MITRE ATT&CK: {'id': 'T1110', 'name': 'Brute Force', 'tactic': 'Credential Access'}, {'id': 'T1110.001', 'name': 'Password Guessing', 'tactic': 'Credential Access'}, {'id': 'T1110.003', 'name': 'Password Spraying', 'tactic': 'Credential Access'}
• Affected user: asmith_485",2026-04-09 10:29:04.401681+00,2026-04-09 10:32:43.194255+00,218.792574
e7e215c3-7dbd-45a5-9a48-31e21f29a25a,scheduled_backup,completed,A,benign,0,,2,[],"• Routine activity — no threat detected
• 2 indicator(s) found (ipv4, username)
• LOW RISK (0/100) — no action needed
• Affected user: backup_svc_486",2026-04-09 10:29:04.91579+00,2026-04-09 10:36:41.249651+00,456.333861
83e0027e-e098-4550-b145-68d388c83725,scheduled_backup,completed,A,benign,0,,2,[],"• Routine activity — no threat detected
• 2 indicator(s) found (ipv4, username)
• LOW RISK (0/100) — no action needed
• Affected user: root_487",2026-04-09 10:29:05.426878+00,2026-04-09 10:38:39.622682+00,574.195804
7d2b8082-e3f3-4c15-bf45-b68af1c5c7e7,golden_ticket,completed,A,true_positive,100,,7,"[{""id"": ""T1558.001"", ""name"": ""Golden Ticket"", ""tactic"": ""Credential Access""}]","• CONFIRMED ATTACK detected from 10.200.2.235
• Forged Kerberos ticket detected
• 2 indicator(s) found (ipv4, username)
• HIGH RISK (100/100) — immediate action recommended
• MITRE ATT&CK: {'id': 'T1558.001', 'name': 'Golden Ticket', 'tactic': 'Credential Access'}
• Affected user: web_admin_488",2026-04-09 10:29:05.941405+00,2026-04-09 10:38:01.939701+00,535.998296
d4a723e0-9c5d-4ca0-8e70-1774acae999a,c2_communication,completed,A,true_positive,100,,8,"[{""id"": ""T1071"", ""name"": ""Application Layer Protocol"", ""tactic"": ""Command and Control""}, {""id"": ""T1573"", ""name"": ""Encrypted Channel"", ""tactic"": ""Command and Control""}, {""id"": ""T1105"", ""name"": ""Ingress Tool Transfer"", ""tactic"": ""Command and Control""}, {""id"": ""T1571"", ""name"": ""Non-Standard Port"", ""tactic"": ""Command and Control""}]","• CONFIRMED ATTACK detected from 10.200.2.236
• Regular beacon interval detected: 30.0s (stddev=0.5)
• 3 indicator(s) found (ipv4, username)
• HIGH RISK (100/100) — immediate action recommended
• MITRE ATT&CK: {'id': 'T1071', 'name': 'Application Layer Protocol', 'tactic': 'Command and Control'}, {'id': 'T1573', 'name': 'Encrypted Channel', 'tactic': 'Command and Control'}, {'id': 'T1105', 'name': 'Ingress Tool Transfer', 'tactic': 'Command and Control'}
• Affected user: root_489",2026-04-09 10:29:06.453408+00,2026-04-09 10:35:18.183902+00,371.730494
e45bc9c8-a8cf-4c34-9a24-f2cc312c7ec0,scheduled_backup,completed,A,benign,0,,2,[],"• Routine activity — no threat detected
• 2 indicator(s) found (ipv4, username)
• LOW RISK (0/100) — no action needed
• Affected user: admin_490",2026-04-09 10:29:06.980116+00,2026-04-09 10:32:37.220756+00,210.240640
9c8e4a2e-4408-493a-a158-48f6bacbde8b,scheduled_backup,completed,A,benign,0,,2,[],"• Routine activity — no threat detected
• 2 indicator(s) found (ipv4, username)
• LOW RISK (0/100) — no action needed
• Affected user: svc_backup_491",2026-04-09 10:29:07.507355+00,2026-04-09 10:38:39.652615+00,572.145260
d7710988-50c3-4b74-8815-6c6467cacb58,health_check,completed,A,benign,0,,2,[],"• Routine activity — no threat detected
• 2 indicator(s) found (ipv4, username)
• LOW RISK (0/100) — no action needed
• Affected user: data_thief_492",2026-04-09 10:29:08.086951+00,2026-04-09 10:36:16.501115+00,428.414164
8b4a67f0-374e-48f8-933b-6ccc34386ec3,lolbin_abuse,completed,A,true_positive,100,,8,"[{""id"": ""T1218"", ""name"": ""System Binary Proxy Execution"", ""tactic"": ""Defense Evasion""}, {""id"": ""T1218.005"", ""name"": ""Mshta"", ""tactic"": ""Defense Evasion""}, {""id"": ""T1218.011"", ""name"": ""Rundll32"", ""tactic"": ""Defense Evasion""}]","• CONFIRMED ATTACK detected from 10.200.2.240
• LOLBin abuse: certutil download via -urlcache
• 3 indicator(s) found (ipv4, url, username)
• HIGH RISK (100/100) — immediate action recommended
• MITRE ATT&CK: {'id': 'T1218', 'name': 'System Binary Proxy Execution', 'tactic': 'Defense Evasion'}, {'id': 'T1218.005', 'name': 'Mshta', 'tactic': 'Defense Evasion'}, {'id': 'T1218.011', 'name': 'Rundll32', 'tactic': 'Defense Evasion'}
• Affected user: admin_493",2026-04-09 10:29:08.628108+00,2026-04-09 10:40:20.956755+00,672.328647
0774d120-0342-4cd6-bb79-581b38b05d7c,data_exfiltration,completed,A,true_positive,100,,8,"[{""id"": ""T1041"", ""name"": ""Exfiltration Over C2 Channel"", ""tactic"": ""Exfiltration""}, {""id"": ""T1567"", ""name"": ""Exfiltration Over Web Service"", ""tactic"": ""Exfiltration""}, {""id"": ""T1048"", ""name"": ""Exfiltration Over Alternative Protocol"", ""tactic"": ""Exfiltration""}]","• CONFIRMED ATTACK detected from 10.200.2.241
• Large data transfer: 5.2 GB
• 3 indicator(s) found (ipv4, username)
• HIGH RISK (100/100) — immediate action recommended
• MITRE ATT&CK: {'id': 'T1041', 'name': 'Exfiltration Over C2 Channel', 'tactic': 'Exfiltration'}, {'id': 'T1567', 'name': 'Exfiltration Over Web Service', 'tactic': 'Exfiltration'}, {'id': 'T1048', 'name': 'Exfiltration Over Alternative Protocol', 'tactic': 'Exfiltration'}
• Affected user: backup_svc_494",2026-04-09 10:29:09.189957+00,2026-04-09 10:36:19.022248+00,429.832291
c3f0aa0d-de0d-4952-97cd-169d3dadad98,data_exfiltration,completed,A,true_positive,100,,8,"[{""id"": ""T1041"", ""name"": ""Exfiltration Over C2 Channel"", ""tactic"": ""Exfiltration""}, {""id"": ""T1567"", ""name"": ""Exfiltration Over Web Service"", ""tactic"": ""Exfiltration""}, {""id"": ""T1048"", ""name"": ""Exfiltration Over Alternative Protocol"", ""tactic"": ""Exfiltration""}]","• CONFIRMED ATTACK detected from 10.200.2.242
• Large data transfer: 5.2 GB
• 3 indicator(s) found (ipv4, username)
• HIGH RISK (100/100) — immediate action recommended
• MITRE ATT&CK: {'id': 'T1041', 'name': 'Exfiltration Over C2 Channel', 'tactic': 'Exfiltration'}, {'id': 'T1567', 'name': 'Exfiltration Over Web Service', 'tactic': 'Exfiltration'}, {'id': 'T1048', 'name': 'Exfiltration Over Alternative Protocol', 'tactic': 'Exfiltration'}
• Affected user: admin_495",2026-04-09 10:29:09.708116+00,2026-04-09 10:36:10.810766+00,421.102650
2bad44be-ea73-42dd-9023-e7439ba912c4,lolbin_abuse,completed,A,benign,15,,8,"[{""id"": ""T1218"", ""name"": ""System Binary Proxy Execution"", ""tactic"": ""Defense Evasion""}, {""id"": ""T1218.005"", ""name"": ""Mshta"", ""tactic"": ""Defense Evasion""}, {""id"": ""T1218.011"", ""name"": ""Rundll32"", ""tactic"": ""Defense Evasion""}]","• Routine activity — no threat detected
• URL targets suspicious executable: http://bad.host/stage2.ps1
• 3 indicator(s) found (ipv4, url, username)
• LOW RISK (15/100) — no action needed
• MITRE ATT&CK: {'id': 'T1218', 'name': 'System Binary Proxy Execution', 'tactic': 'Defense Evasion'}, {'id': 'T1218.005', 'name': 'Mshta', 'tactic': 'Defense Evasion'}, {'id': 'T1218.011', 'name': 'Rundll32', 'tactic': 'Defense Evasion'}
• Affected user: jdoe_496",2026-04-09 10:29:10.222034+00,2026-04-09 10:37:11.604342+00,481.382308
6fb629af-9bdd-4672-a077-842965f1661d,c2_communication,completed,A,true_positive,100,,8,"[{""id"": ""T1071"", ""name"": ""Application Layer Protocol"", ""tactic"": ""Command and Control""}, {""id"": ""T1573"", ""name"": ""Encrypted Channel"", ""tactic"": ""Command and Control""}, {""id"": ""T1105"", ""name"": ""Ingress Tool Transfer"", ""tactic"": ""Command and Control""}, {""id"": ""T1571"", ""name"": ""Non-Standard Port"", ""tactic"": ""Command and Control""}]","• CONFIRMED ATTACK detected from 10.200.2.244
• Regular beacon interval detected: 30.0s (stddev=0.5)
• 3 indicator(s) found (ipv4, username)
• HIGH RISK (100/100) — immediate action recommended
• MITRE ATT&CK: {'id': 'T1071', 'name': 'Application Layer Protocol', 'tactic': 'Command and Control'}, {'id': 'T1573', 'name': 'Encrypted Channel', 'tactic': 'Command and Control'}, {'id': 'T1105', 'name': 'Ingress Tool Transfer', 'tactic': 'Command and Control'}
• Affected user: Administrator_497",2026-04-09 10:29:10.732981+00,2026-04-09 10:37:16.740877+00,486.007896
d28602a0-a5a8-4764-a34b-d7be093276d9,ransomware,completed,A,true_positive,100,,8,"[{""id"": ""T1486"", ""name"": ""Data Encrypted for Impact"", ""tactic"": ""Impact""}, {""id"": ""T1490"", ""name"": ""Inhibit System Recovery"", ""tactic"": ""Impact""}, {""id"": ""T1059"", ""name"": ""Command and Scripting Interpreter"", ""tactic"": ""Execution""}, {""id"": ""T1547"", ""name"": ""Boot or Logon Autostart Execution"", ""tactic"": ""Persistence""}]","• CONFIRMED ATTACK detected from 10.200.2.245
• Shadow copy deletion detected (vssadmin delete shadows)
• 2 indicator(s) found (ipv4, username)
• HIGH RISK (100/100) — immediate action recommended
• MITRE ATT&CK: {'id': 'T1486', 'name': 'Data Encrypted for Impact', 'tactic': 'Impact'}, {'id': 'T1490', 'name': 'Inhibit System Recovery', 'tactic': 'Impact'}, {'id': 'T1059', 'name': 'Command and Scripting Interpreter', 'tactic': 'Execution'}
• Affected user: admin_498",2026-04-09 10:29:11.249041+00,2026-04-09 10:39:17.91679+00,606.667749
0a496be5-5810-4168-a281-ea8eef0e9cf9,c2_communication,completed,A,true_positive,100,,8,"[{""id"": ""T1071"", ""name"": ""Application Layer Protocol"", ""tactic"": ""Command and Control""}, {""id"": ""T1573"", ""name"": ""Encrypted Channel"", ""tactic"": ""Command and Control""}, {""id"": ""T1105"", ""name"": ""Ingress Tool Transfer"", ""tactic"": ""Command and Control""}, {""id"": ""T1571"", ""name"": ""Non-Standard Port"", ""tactic"": ""Command and Control""}]","• CONFIRMED ATTACK detected from 10.200.2.246
• Regular beacon interval detected: 30.0s (stddev=0.5)
• 3 indicator(s) found (ipv4, username)
• HIGH RISK (100/100) — immediate action recommended
• MITRE ATT&CK: {'id': 'T1071', 'name': 'Application Layer Protocol', 'tactic': 'Command and Control'}, {'id': 'T1573', 'name': 'Encrypted Channel', 'tactic': 'Command and Control'}, {'id': 'T1105', 'name': 'Ingress Tool Transfer', 'tactic': 'Command and Control'}
• Affected user: svc_backup_499",2026-04-09 10:29:11.76281+00,2026-04-09 10:36:42.138917+00,450.376107
308ed9ab-630d-482b-9f3b-16ae7ba98baf,scheduled_backup,completed,A,benign,0,,2,[],"• Routine activity — no threat detected
• 2 indicator(s) found (ipv4, username)
• LOW RISK (0/100) — no action needed
• Affected user: root_500",2026-04-09 10:29:12.27414+00,2026-04-09 10:35:00.457452+00,348.183312
9e40843f-1458-46a3-992c-fdec9455efda,kerberoasting,completed,A,true_positive,100,,7,"[{""id"": ""T1558.003"", ""name"": ""Kerberoasting"", ""tactic"": ""Credential Access""}]","• CONFIRMED ATTACK detected from 10.200.2.248
• SPN enumeration detected — Kerberoasting recon
• 3 indicator(s) found (ipv4, service_name, username)
• HIGH RISK (100/100) — immediate action recommended
• MITRE ATT&CK: {'id': 'T1558.003', 'name': 'Kerberoasting', 'tactic': 'Credential Access'}
• Affected user: backup_svc_501",2026-04-09 10:29:12.788475+00,2026-04-09 10:40:14.128354+00,661.339879
fbf51a6e-f9b2-4bb8-9bf0-d4e54f4b052f,lolbin_abuse,completed,A,benign,15,,8,"[{""id"": ""T1218"", ""name"": ""System Binary Proxy Execution"", ""tactic"": ""Defense Evasion""}, {""id"": ""T1218.005"", ""name"": ""Mshta"", ""tactic"": ""Defense Evasion""}, {""id"": ""T1218.011"", ""name"": ""Rundll32"", ""tactic"": ""Defense Evasion""}]","• Routine activity — no threat detected
• URL targets suspicious executable: http://bad.host/stage2.ps1
• 3 indicator(s) found (ipv4, url, username)
• LOW RISK (15/100) — no action needed
• MITRE ATT&CK: {'id': 'T1218', 'name': 'System Binary Proxy Execution', 'tactic': 'Defense Evasion'}, {'id': 'T1218.005', 'name': 'Mshta', 'tactic': 'Defense Evasion'}, {'id': 'T1218.011', 'name': 'Rundll32', 'tactic': 'Defense Evasion'}
• Affected user: backup_svc_502",2026-04-09 10:29:13.324499+00,2026-04-09 10:38:49.305236+00,575.980737
1a9ec846-f3db-447d-8044-b4a9cc9f4cf1,phishing,completed,A,true_positive,70,,10,"[{""id"": ""T1566"", ""name"": ""Phishing"", ""tactic"": ""Initial Access""}, {""id"": ""T1566.001"", ""name"": ""Spearphishing Attachment"", ""tactic"": ""Initial Access""}, {""id"": ""T1566.002"", ""name"": ""Spearphishing Link"", ""tactic"": ""Initial Access""}, {""id"": ""T1204.001"", ""name"": ""Malicious Link"", ""tactic"": ""Execution""}]","• CONFIRMED ATTACK detected from 10.200.2.250
• Credential harvesting indicators detected
• 4 indicator(s) found (domain, email, ipv4, username)
• HIGH RISK (70/100) — immediate action recommended
• MITRE ATT&CK: {'id': 'T1566', 'name': 'Phishing', 'tactic': 'Initial Access'}, {'id': 'T1566.001', 'name': 'Spearphishing Attachment', 'tactic': 'Initial Access'}, {'id': 'T1566.002', 'name': 'Spearphishing Link', 'tactic': 'Initial Access'}
• Affected user: compromised_503",2026-04-09 10:29:13.843263+00,2026-04-09 10:36:17.85705+00,424.013787
379d98d7-1631-4991-939e-10f3a09e8fac,lateral_movement,completed,A,true_positive,100,,8,"[{""id"": ""T1021"", ""name"": ""Remote Services"", ""tactic"": ""Lateral Movement""}, {""id"": ""T1021.002"", ""name"": ""SMB/Windows Admin Shares"", ""tactic"": ""Lateral Movement""}, {""id"": ""T1570"", ""name"": ""Lateral Tool Transfer"", ""tactic"": ""Lateral Movement""}, {""id"": ""T1047"", ""name"": ""Windows Management Instrumentation"", ""tactic"": ""Execution""}]","• CONFIRMED ATTACK detected from 10.200.2.251
• Detected ipv4: 10.0.30.126
• 3 indicator(s) found (ipv4, username)
• HIGH RISK (100/100) — immediate action recommended
• MITRE ATT&CK: {'id': 'T1021', 'name': 'Remote Services', 'tactic': 'Lateral Movement'}, {'id': 'T1021.002', 'name': 'SMB/Windows Admin Shares', 'tactic': 'Lateral Movement'}, {'id': 'T1570', 'name': 'Lateral Tool Transfer', 'tactic': 'Lateral Movement'}
• Affected user: svc_backup_504",2026-04-09 10:29:14.360748+00,2026-04-09 10:36:17.446177+00,423.085429
25e4f759-a9d4-49b4-8956-4a98ee1630a0,lateral_movement,completed,A,true_positive,100,,8,"[{""id"": ""T1021"", ""name"": ""Remote Services"", ""tactic"": ""Lateral Movement""}, {""id"": ""T1021.002"", ""name"": ""SMB/Windows Admin Shares"", ""tactic"": ""Lateral Movement""}, {""id"": ""T1570"", ""name"": ""Lateral Tool Transfer"", ""tactic"": ""Lateral Movement""}, {""id"": ""T1047"", ""name"": ""Windows Management Instrumentation"", ""tactic"": ""Execution""}]","• CONFIRMED ATTACK detected from 10.200.2.252
• Detected ipv4: 10.0.60.115
• 3 indicator(s) found (ipv4, username)
• HIGH RISK (100/100) — immediate action recommended
• MITRE ATT&CK: {'id': 'T1021', 'name': 'Remote Services', 'tactic': 'Lateral Movement'}, {'id': 'T1021.002', 'name': 'SMB/Windows Admin Shares', 'tactic': 'Lateral Movement'}, {'id': 'T1570', 'name': 'Lateral Tool Transfer', 'tactic': 'Lateral Movement'}
• Affected user: golden_attacker_505",2026-04-09 10:29:14.875017+00,2026-04-09 10:41:54.55609+00,759.681073
f1d00a22-5be0-4654-b0b5-aed096bd63a9,c2_communication,completed,A,true_positive,100,,8,"[{""id"": ""T1071"", ""name"": ""Application Layer Protocol"", ""tactic"": ""Command and Control""}, {""id"": ""T1573"", ""name"": ""Encrypted Channel"", ""tactic"": ""Command and Control""}, {""id"": ""T1105"", ""name"": ""Ingress Tool Transfer"", ""tactic"": ""Command and Control""}, {""id"": ""T1571"", ""name"": ""Non-Standard Port"", ""tactic"": ""Command and Control""}]","• CONFIRMED ATTACK detected from 10.200.2.253
• Regular beacon interval detected: 30.0s (stddev=0.5)
• 3 indicator(s) found (ipv4, username)
• HIGH RISK (100/100) — immediate action recommended
• MITRE ATT&CK: {'id': 'T1071', 'name': 'Application Layer Protocol', 'tactic': 'Command and Control'}, {'id': 'T1573', 'name': 'Encrypted Channel', 'tactic': 'Command and Control'}, {'id': 'T1105', 'name': 'Ingress Tool Transfer', 'tactic': 'Command and Control'}
• Affected user: golden_attacker_506",2026-04-09 10:29:15.3909+00,2026-04-09 10:39:15.610392+00,600.219492
1d6500c9-a73b-4861-9106-1cb9314c90ce,golden_ticket,completed,A,true_positive,100,,7,"[{""id"": ""T1558.001"", ""name"": ""Golden Ticket"", ""tactic"": ""Credential Access""}]","• CONFIRMED ATTACK detected from 10.200.2.254
• Forged Kerberos ticket detected
• 2 indicator(s) found (ipv4, username)
• HIGH RISK (100/100) — immediate action recommended
• MITRE ATT&CK: {'id': 'T1558.001', 'name': 'Golden Ticket', 'tactic': 'Credential Access'}
• Affected user: data_thief_507",2026-04-09 10:29:15.904717+00,2026-04-09 10:39:12.517381+00,596.612664
425a03a1-fa98-467a-98c2-bea62217739e,lolbin_abuse,completed,A,true_positive,100,,8,"[{""id"": ""T1218"", ""name"": ""System Binary Proxy Execution"", ""tactic"": ""Defense Evasion""}, {""id"": ""T1218.005"", ""name"": ""Mshta"", ""tactic"": ""Defense Evasion""}, {""id"": ""T1218.011"", ""name"": ""Rundll32"", ""tactic"": ""Defense Evasion""}]","• CONFIRMED ATTACK detected from 10.200.3.1
• LOLBin abuse: certutil download via -urlcache
• 3 indicator(s) found (ipv4, url, username)
• HIGH RISK (100/100) — immediate action recommended
• MITRE ATT&CK: {'id': 'T1218', 'name': 'System Binary Proxy Execution', 'tactic': 'Defense Evasion'}, {'id': 'T1218.005', 'name': 'Mshta', 'tactic': 'Defense Evasion'}, {'id': 'T1218.011', 'name': 'Rundll32', 'tactic': 'Defense Evasion'}
• Affected user: user2_508",2026-04-09 10:29:16.418794+00,2026-04-09 10:38:09.072993+00,532.654199
b07eea62-f4fd-4fe7-ba9f-6cfa9b16c7c2,brute_force,completed,A,true_positive,95,,7,"[{""id"": ""T1110"", ""name"": ""Brute Force"", ""tactic"": ""Credential Access""}, {""id"": ""T1110.001"", ""name"": ""Password Guessing"", ""tactic"": ""Credential Access""}, {""id"": ""T1110.003"", ""name"": ""Password Spraying"", ""tactic"": ""Credential Access""}]","• CONFIRMED ATTACK detected from 10.200.3.2
• Attack Signal: Command injection
• 2 indicator(s) found (ipv4, username)
• HIGH RISK (95/100) — immediate action recommended
• MITRE ATT&CK: {'id': 'T1110', 'name': 'Brute Force', 'tactic': 'Credential Access'}, {'id': 'T1110.001', 'name': 'Password Guessing', 'tactic': 'Credential Access'}, {'id': 'T1110.003', 'name': 'Password Spraying', 'tactic': 'Credential Access'}
• Affected user: Administrator_509",2026-04-09 10:29:16.93095+00,2026-04-09 10:38:49.257523+00,572.326573
027d4c61-c5e3-4187-8b55-8a1bc765dbdf,phishing,completed,A,true_positive,85,,10,"[{""id"": ""T1566"", ""name"": ""Phishing"", ""tactic"": ""Initial Access""}, {""id"": ""T1566.001"", ""name"": ""Spearphishing Attachment"", ""tactic"": ""Initial Access""}, {""id"": ""T1566.002"", ""name"": ""Spearphishing Link"", ""tactic"": ""Initial Access""}, {""id"": ""T1204.001"", ""name"": ""Malicious Link"", ""tactic"": ""Execution""}]","• CONFIRMED ATTACK detected from 10.200.3.3
• Urgency/social engineering language detected
• 5 indicator(s) found (domain, email, ipv4, url, username)
• HIGH RISK (85/100) — immediate action recommended
• MITRE ATT&CK: {'id': 'T1566', 'name': 'Phishing', 'tactic': 'Initial Access'}, {'id': 'T1566.001', 'name': 'Spearphishing Attachment', 'tactic': 'Initial Access'}, {'id': 'T1566.002', 'name': 'Spearphishing Link', 'tactic': 'Initial Access'}
• Affected user: backup_svc_510",2026-04-09 10:29:17.447277+00,2026-04-09 10:39:52.693596+00,635.246319
f0a05909-2059-444e-9f27-c86d4bbc2f0b,windows_update,completed,A,benign,0,,2,[],"• Routine activity — no threat detected
• 2 indicator(s) found (ipv4, username)
• LOW RISK (0/100) — no action needed
• Affected user: krbtgt_511",2026-04-09 10:29:17.960237+00,2026-04-09 10:41:21.086437+00,723.126200
772313af-12c0-478f-bdb1-7baf505ecbdf,kerberoasting,completed,A,true_positive,100,,7,"[{""id"": ""T1558.003"", ""name"": ""Kerberoasting"", ""tactic"": ""Credential Access""}]","• CONFIRMED ATTACK detected from 10.200.3.5
• SPN enumeration detected — Kerberoasting recon
• 3 indicator(s) found (ipv4, service_name, username)
• HIGH RISK (100/100) — immediate action recommended
• MITRE ATT&CK: {'id': 'T1558.003', 'name': 'Kerberoasting', 'tactic': 'Credential Access'}
• Affected user: jsmith_512",2026-04-09 10:29:18.474094+00,2026-04-09 10:38:42.034716+00,563.560622
2de73adf-ce6f-4ac1-a9de-0192c2420bdd,c2_communication,completed,A,true_positive,100,,8,"[{""id"": ""T1071"", ""name"": ""Application Layer Protocol"", ""tactic"": ""Command and Control""}, {""id"": ""T1573"", ""name"": ""Encrypted Channel"", ""tactic"": ""Command and Control""}, {""id"": ""T1105"", ""name"": ""Ingress Tool Transfer"", ""tactic"": ""Command and Control""}, {""id"": ""T1571"", ""name"": ""Non-Standard Port"", ""tactic"": ""Command and Control""}]","• CONFIRMED ATTACK detected from 10.200.3.6
• Regular beacon interval detected: 30.0s (stddev=0.5)
• 3 indicator(s) found (ipv4, username)
• HIGH RISK (100/100) — immediate action recommended
• MITRE ATT&CK: {'id': 'T1071', 'name': 'Application Layer Protocol', 'tactic': 'Command and Control'}, {'id': 'T1573', 'name': 'Encrypted Channel', 'tactic': 'Command and Control'}, {'id': 'T1105', 'name': 'Ingress Tool Transfer', 'tactic': 'Command and Control'}
• Affected user: svc_backup_513",2026-04-09 10:29:18.986054+00,2026-04-09 10:39:44.479917+00,625.493863
ac39c02b-4aa2-4af5-9bff-f4acd27134f8,scheduled_backup,completed,A,benign,0,,2,[],"• Routine activity — no threat detected
• 2 indicator(s) found (ipv4, username)
• LOW RISK (0/100) — no action needed
• Affected user: compromised_514",2026-04-09 10:29:19.501322+00,2026-04-09 10:32:43.387743+00,203.886421
1a7f3012-9140-436c-a47a-7774d7fda28c,user_login,completed,A,benign,0,,2,[],"• Routine activity — no threat detected
• 2 indicator(s) found (ipv4, username)
• LOW RISK (0/100) — no action needed
• Affected user: user2_515",2026-04-09 10:29:20.013969+00,2026-04-09 10:41:38.112751+00,738.098782
171f1a20-7b6a-4782-b258-c83a5486fe02,lateral_movement,completed,A,true_positive,100,,8,"[{""id"": ""T1021"", ""name"": ""Remote Services"", ""tactic"": ""Lateral Movement""}, {""id"": ""T1021.002"", ""name"": ""SMB/Windows Admin Shares"", ""tactic"": ""Lateral Movement""}, {""id"": ""T1570"", ""name"": ""Lateral Tool Transfer"", ""tactic"": ""Lateral Movement""}, {""id"": ""T1047"", ""name"": ""Windows Management Instrumentation"", ""tactic"": ""Execution""}]","• CONFIRMED ATTACK detected from 10.200.3.9
• Detected ipv4: 10.0.50.93
• 3 indicator(s) found (ipv4, username)
• HIGH RISK (100/100) — immediate action recommended
• MITRE ATT&CK: {'id': 'T1021', 'name': 'Remote Services', 'tactic': 'Lateral Movement'}, {'id': 'T1021.002', 'name': 'SMB/Windows Admin Shares', 'tactic': 'Lateral Movement'}, {'id': 'T1570', 'name': 'Lateral Tool Transfer', 'tactic': 'Lateral Movement'}
• Affected user: jdoe_516",2026-04-09 10:29:20.529536+00,2026-04-09 10:34:45.548319+00,325.018783
d8510bac-c82b-4d2a-bdd9-930b20de96cf,lolbin_abuse,completed,A,benign,15,,8,"[{""id"": ""T1218"", ""name"": ""System Binary Proxy Execution"", ""tactic"": ""Defense Evasion""}, {""id"": ""T1218.005"", ""name"": ""Mshta"", ""tactic"": ""Defense Evasion""}, {""id"": ""T1218.011"", ""name"": ""Rundll32"", ""tactic"": ""Defense Evasion""}]","• Routine activity — no threat detected
• URL targets suspicious executable: http://bad.host/stage2.ps1
• 3 indicator(s) found (ipv4, url, username)
• LOW RISK (15/100) — no action needed
• MITRE ATT&CK: {'id': 'T1218', 'name': 'System Binary Proxy Execution', 'tactic': 'Defense Evasion'}, {'id': 'T1218.005', 'name': 'Mshta', 'tactic': 'Defense Evasion'}, {'id': 'T1218.011', 'name': 'Rundll32', 'tactic': 'Defense Evasion'}
• Affected user: SYSTEM_517",2026-04-09 10:29:21.042652+00,2026-04-09 10:35:21.662127+00,360.619475
c378a968-9dee-4fc2-948d-fd27d6c1efe1,phishing,completed,A,true_positive,85,,10,"[{""id"": ""T1566"", ""name"": ""Phishing"", ""tactic"": ""Initial Access""}, {""id"": ""T1566.001"", ""name"": ""Spearphishing Attachment"", ""tactic"": ""Initial Access""}, {""id"": ""T1566.002"", ""name"": ""Spearphishing Link"", ""tactic"": ""Initial Access""}, {""id"": ""T1204.001"", ""name"": ""Malicious Link"", ""tactic"": ""Execution""}]","• CONFIRMED ATTACK detected from 10.200.3.11
• Urgency/social engineering language detected
• 5 indicator(s) found (domain, email, ipv4, url, username)
• HIGH RISK (85/100) — immediate action recommended
• MITRE ATT&CK: {'id': 'T1566', 'name': 'Phishing', 'tactic': 'Initial Access'}, {'id': 'T1566.001', 'name': 'Spearphishing Attachment', 'tactic': 'Initial Access'}, {'id': 'T1566.002', 'name': 'Spearphishing Link', 'tactic': 'Initial Access'}
• Affected user: jsmith_518",2026-04-09 10:29:21.555988+00,2026-04-09 10:39:03.667528+00,582.111540
861dd21e-9704-4e61-b624-c35f8a48559f,lateral_movement,completed,A,true_positive,100,,8,"[{""id"": ""T1021"", ""name"": ""Remote Services"", ""tactic"": ""Lateral Movement""}, {""id"": ""T1021.002"", ""name"": ""SMB/Windows Admin Shares"", ""tactic"": ""Lateral Movement""}, {""id"": ""T1570"", ""name"": ""Lateral Tool Transfer"", ""tactic"": ""Lateral Movement""}, {""id"": ""T1047"", ""name"": ""Windows Management Instrumentation"", ""tactic"": ""Execution""}]","• CONFIRMED ATTACK detected from 10.200.3.12
• Detected ipv4: 10.0.20.190
• 3 indicator(s) found (ipv4, username)
• HIGH RISK (100/100) — immediate action recommended
• MITRE ATT&CK: {'id': 'T1021', 'name': 'Remote Services', 'tactic': 'Lateral Movement'}, {'id': 'T1021.002', 'name': 'SMB/Windows Admin Shares', 'tactic': 'Lateral Movement'}, {'id': 'T1570', 'name': 'Lateral Tool Transfer', 'tactic': 'Lateral Movement'}
• Affected user: admin_519",2026-04-09 10:29:22.067373+00,2026-04-09 10:39:42.773451+00,620.706078
aa62849b-24e9-4a45-81b3-5fde27ceb9c1,brute_force,completed,A,true_positive,95,,7,"[{""id"": ""T1110"", ""name"": ""Brute Force"", ""tactic"": ""Credential Access""}, {""id"": ""T1110.001"", ""name"": ""Password Guessing"", ""tactic"": ""Credential Access""}, {""id"": ""T1110.003"", ""name"": ""Password Spraying"", ""tactic"": ""Credential Access""}]","• CONFIRMED ATTACK detected from 10.200.3.13
• Attack Signal: Command injection
• 2 indicator(s) found (ipv4, username)
• HIGH RISK (95/100) — immediate action recommended
• MITRE ATT&CK: {'id': 'T1110', 'name': 'Brute Force', 'tactic': 'Credential Access'}, {'id': 'T1110.001', 'name': 'Password Guessing', 'tactic': 'Credential Access'}, {'id': 'T1110.003', 'name': 'Password Spraying', 'tactic': 'Credential Access'}
• Affected user: compromised_520",2026-04-09 10:29:22.583153+00,2026-04-09 10:42:14.827508+00,772.244355
2b8da90b-cbca-47f5-8179-232d0831017c,golden_ticket,completed,A,true_positive,100,,7,"[{""id"": ""T1558.001"", ""name"": ""Golden Ticket"", ""tactic"": ""Credential Access""}]","• CONFIRMED ATTACK detected from 10.200.3.14
• Forged Kerberos ticket detected
• 2 indicator(s) found (ipv4, username)
• HIGH RISK (100/100) — immediate action recommended
• MITRE ATT&CK: {'id': 'T1558.001', 'name': 'Golden Ticket', 'tactic': 'Credential Access'}
• Affected user: backup_svc_521",2026-04-09 10:29:23.093406+00,2026-04-09 10:39:02.357228+00,579.263822
414f912d-950c-439f-a4da-a488e398e997,golden_ticket,completed,A,true_positive,100,,7,"[{""id"": ""T1558.001"", ""name"": ""Golden Ticket"", ""tactic"": ""Credential Access""}]","• CONFIRMED ATTACK detected from 10.200.3.15
• Forged Kerberos ticket detected
• 2 indicator(s) found (ipv4, username)
• HIGH RISK (100/100) — immediate action recommended
• MITRE ATT&CK: {'id': 'T1558.001', 'name': 'Golden Ticket', 'tactic': 'Credential Access'}
• Affected user: sql_svc_522",2026-04-09 10:29:23.60908+00,2026-04-09 10:39:02.392145+00,578.783065
9ff10098-90c6-4220-a14c-77d009cb5464,password_change,completed,A,benign,0,,2,[],"• Routine activity — no threat detected
• 2 indicator(s) found (ipv4, username)
• LOW RISK (0/100) — no action needed
• Affected user: attacker_user_523",2026-04-09 10:29:24.120605+00,2026-04-09 10:39:52.597821+00,628.477216
89757bcf-c216-4895-be43-26bc210d358a,c2_communication,completed,A,true_positive,100,,8,"[{""id"": ""T1071"", ""name"": ""Application Layer Protocol"", ""tactic"": ""Command and Control""}, {""id"": ""T1573"", ""name"": ""Encrypted Channel"", ""tactic"": ""Command and Control""}, {""id"": ""T1105"", ""name"": ""Ingress Tool Transfer"", ""tactic"": ""Command and Control""}, {""id"": ""T1571"", ""name"": ""Non-Standard Port"", ""tactic"": ""Command and Control""}]","• CONFIRMED ATTACK detected from 10.200.3.17
• Regular beacon interval detected: 30.0s (stddev=0.5)
• 3 indicator(s) found (ipv4, username)
• HIGH RISK (100/100) — immediate action recommended
• MITRE ATT&CK: {'id': 'T1071', 'name': 'Application Layer Protocol', 'tactic': 'Command and Control'}, {'id': 'T1573', 'name': 'Encrypted Channel', 'tactic': 'Command and Control'}, {'id': 'T1105', 'name': 'Ingress Tool Transfer', 'tactic': 'Command and Control'}
• Affected user: attacker_user_524",2026-04-09 10:29:24.637411+00,2026-04-09 10:40:15.024671+00,650.387260
3465ed38-43d4-44ff-92b1-6bfc676e9163,lolbin_abuse,completed,A,true_positive,100,,8,"[{""id"": ""T1218"", ""name"": ""System Binary Proxy Execution"", ""tactic"": ""Defense Evasion""}, {""id"": ""T1218.005"", ""name"": ""Mshta"", ""tactic"": ""Defense Evasion""}, {""id"": ""T1218.011"", ""name"": ""Rundll32"", ""tactic"": ""Defense Evasion""}]","• CONFIRMED ATTACK detected from 10.200.3.18
• LOLBin abuse: certutil download via -urlcache
• 3 indicator(s) found (ipv4, url, username)
• HIGH RISK (100/100) — immediate action recommended
• MITRE ATT&CK: {'id': 'T1218', 'name': 'System Binary Proxy Execution', 'tactic': 'Defense Evasion'}, {'id': 'T1218.005', 'name': 'Mshta', 'tactic': 'Defense Evasion'}, {'id': 'T1218.011', 'name': 'Rundll32', 'tactic': 'Defense Evasion'}
• Affected user: data_thief_525",2026-04-09 10:29:25.151023+00,2026-04-09 10:35:40.833914+00,375.682891
c7fd8e8b-1e08-4f2e-8e79-a82540643ff6,lateral_movement,completed,A,true_positive,100,,8,"[{""id"": ""T1021"", ""name"": ""Remote Services"", ""tactic"": ""Lateral Movement""}, {""id"": ""T1021.002"", ""name"": ""SMB/Windows Admin Shares"", ""tactic"": ""Lateral Movement""}, {""id"": ""T1570"", ""name"": ""Lateral Tool Transfer"", ""tactic"": ""Lateral Movement""}, {""id"": ""T1047"", ""name"": ""Windows Management Instrumentation"", ""tactic"": ""Execution""}]","• CONFIRMED ATTACK detected from 10.200.3.19
• Detected ipv4: 10.0.30.191
• 3 indicator(s) found (ipv4, username)
• HIGH RISK (100/100) — immediate action recommended
• MITRE ATT&CK: {'id': 'T1021', 'name': 'Remote Services', 'tactic': 'Lateral Movement'}, {'id': 'T1021.002', 'name': 'SMB/Windows Admin Shares', 'tactic': 'Lateral Movement'}, {'id': 'T1570', 'name': 'Lateral Tool Transfer', 'tactic': 'Lateral Movement'}
• Affected user: attacker_user_526",2026-04-09 10:29:25.668855+00,2026-04-09 10:37:42.507523+00,496.838668
ea7e9071-cf7d-4933-9bce-d386c142fbbf,lolbin_abuse,completed,A,benign,15,,8,"[{""id"": ""T1218"", ""name"": ""System Binary Proxy Execution"", ""tactic"": ""Defense Evasion""}, {""id"": ""T1218.005"", ""name"": ""Mshta"", ""tactic"": ""Defense Evasion""}, {""id"": ""T1218.011"", ""name"": ""Rundll32"", ""tactic"": ""Defense Evasion""}]","• Routine activity — no threat detected
• URL targets suspicious executable: http://bad.host/stage2.ps1
• 3 indicator(s) found (ipv4, url, username)
• LOW RISK (15/100) — no action needed
• MITRE ATT&CK: {'id': 'T1218', 'name': 'System Binary Proxy Execution', 'tactic': 'Defense Evasion'}, {'id': 'T1218.005', 'name': 'Mshta', 'tactic': 'Defense Evasion'}, {'id': 'T1218.011', 'name': 'Rundll32', 'tactic': 'Defense Evasion'}
• Affected user: backup_svc_527",2026-04-09 10:29:26.179172+00,2026-04-09 10:38:42.142562+00,555.963390
f9cb00c3-c81f-4285-bde3-ec4ae4c27fbc,user_login,completed,A,benign,0,,2,[],"• Routine activity — no threat detected
• 2 indicator(s) found (ipv4, username)
• LOW RISK (0/100) — no action needed
• Affected user: web_admin_528",2026-04-09 10:29:26.692588+00,2026-04-09 10:37:13.937656+00,467.245068
437e0061-fe99-4362-a86e-afe573a4b889,kerberoasting,completed,A,true_positive,100,,7,"[{""id"": ""T1558.003"", ""name"": ""Kerberoasting"", ""tactic"": ""Credential Access""}]","• CONFIRMED ATTACK detected from 10.200.3.22
• SPN enumeration detected — Kerberoasting recon
• 3 indicator(s) found (ipv4, service_name, username)
• HIGH RISK (100/100) — immediate action recommended
• MITRE ATT&CK: {'id': 'T1558.003', 'name': 'Kerberoasting', 'tactic': 'Credential Access'}
• Affected user: web_admin_529",2026-04-09 10:29:27.206613+00,2026-04-09 10:41:54.169204+00,746.962591
c13f38ab-14fd-4a9e-b665-e6e36d1652f2,c2_communication,completed,A,true_positive,100,,8,"[{""id"": ""T1071"", ""name"": ""Application Layer Protocol"", ""tactic"": ""Command and Control""}, {""id"": ""T1573"", ""name"": ""Encrypted Channel"", ""tactic"": ""Command and Control""}, {""id"": ""T1105"", ""name"": ""Ingress Tool Transfer"", ""tactic"": ""Command and Control""}, {""id"": ""T1571"", ""name"": ""Non-Standard Port"", ""tactic"": ""Command and Control""}]","• CONFIRMED ATTACK detected from 10.200.3.23
• Regular beacon interval detected: 30.0s (stddev=0.5)
• 3 indicator(s) found (ipv4, username)
• HIGH RISK (100/100) — immediate action recommended
• MITRE ATT&CK: {'id': 'T1071', 'name': 'Application Layer Protocol', 'tactic': 'Command and Control'}, {'id': 'T1573', 'name': 'Encrypted Channel', 'tactic': 'Command and Control'}, {'id': 'T1105', 'name': 'Ingress Tool Transfer', 'tactic': 'Command and Control'}
• Affected user: svc_backup_530",2026-04-09 10:29:27.727849+00,2026-04-09 10:39:17.380026+00,589.652177
2d2ac3b6-3da2-4d11-a18d-30f911a2aa88,lolbin_abuse,completed,A,benign,15,,8,"[{""id"": ""T1218"", ""name"": ""System Binary Proxy Execution"", ""tactic"": ""Defense Evasion""}, {""id"": ""T1218.005"", ""name"": ""Mshta"", ""tactic"": ""Defense Evasion""}, {""id"": ""T1218.011"", ""name"": ""Rundll32"", ""tactic"": ""Defense Evasion""}]","• Routine activity — no threat detected
• URL targets suspicious executable: http://bad.host/stage2.ps1
• 3 indicator(s) found (ipv4, url, username)
• LOW RISK (15/100) — no action needed
• MITRE ATT&CK: {'id': 'T1218', 'name': 'System Binary Proxy Execution', 'tactic': 'Defense Evasion'}, {'id': 'T1218.005', 'name': 'Mshta', 'tactic': 'Defense Evasion'}, {'id': 'T1218.011', 'name': 'Rundll32', 'tactic': 'Defense Evasion'}
• Affected user: backup_svc_531",2026-04-09 10:29:28.242495+00,2026-04-09 10:38:11.301865+00,523.059370
2deb5340-66d9-42ca-b136-e962c0361312,lateral_movement,completed,A,true_positive,100,,8,"[{""id"": ""T1021"", ""name"": ""Remote Services"", ""tactic"": ""Lateral Movement""}, {""id"": ""T1021.002"", ""name"": ""SMB/Windows Admin Shares"", ""tactic"": ""Lateral Movement""}, {""id"": ""T1570"", ""name"": ""Lateral Tool Transfer"", ""tactic"": ""Lateral Movement""}, {""id"": ""T1047"", ""name"": ""Windows Management Instrumentation"", ""tactic"": ""Execution""}]","• CONFIRMED ATTACK detected from 10.200.3.25
• Detected ipv4: 10.0.30.192
• 3 indicator(s) found (ipv4, username)
• HIGH RISK (100/100) — immediate action recommended
• MITRE ATT&CK: {'id': 'T1021', 'name': 'Remote Services', 'tactic': 'Lateral Movement'}, {'id': 'T1021.002', 'name': 'SMB/Windows Admin Shares', 'tactic': 'Lateral Movement'}, {'id': 'T1570', 'name': 'Lateral Tool Transfer', 'tactic': 'Lateral Movement'}
• Affected user: asmith_532",2026-04-09 10:29:28.763918+00,2026-04-09 10:37:14.030835+00,465.266917
f3702049-db9b-4675-bf57-a21c48ec978b,user_login,completed,A,benign,0,,2,[],"• Routine activity — no threat detected
• 2 indicator(s) found (ipv4, username)
• LOW RISK (0/100) — no action needed
• Affected user: SYSTEM_533",2026-04-09 10:29:29.284054+00,2026-04-09 10:36:41.130213+00,431.846159
8af4a03f-f732-452c-bdc6-a2f5a8e9b016,windows_update,completed,A,benign,0,,2,[],"• Routine activity — no threat detected
• 2 indicator(s) found (ipv4, username)
• LOW RISK (0/100) — no action needed
• Affected user: asmith_534",2026-04-09 10:29:29.82145+00,2026-04-09 10:40:20.575386+00,650.753936
73432c97-6dea-4380-8e14-c3c19506c452,c2_communication,completed,A,true_positive,100,,8,"[{""id"": ""T1071"", ""name"": ""Application Layer Protocol"", ""tactic"": ""Command and Control""}, {""id"": ""T1573"", ""name"": ""Encrypted Channel"", ""tactic"": ""Command and Control""}, {""id"": ""T1105"", ""name"": ""Ingress Tool Transfer"", ""tactic"": ""Command and Control""}, {""id"": ""T1571"", ""name"": ""Non-Standard Port"", ""tactic"": ""Command and Control""}]","• CONFIRMED ATTACK detected from 10.200.3.28
• Regular beacon interval detected: 30.0s (stddev=0.5)
• 3 indicator(s) found (ipv4, username)
• HIGH RISK (100/100) — immediate action recommended
• MITRE ATT&CK: {'id': 'T1071', 'name': 'Application Layer Protocol', 'tactic': 'Command and Control'}, {'id': 'T1573', 'name': 'Encrypted Channel', 'tactic': 'Command and Control'}, {'id': 'T1105', 'name': 'Ingress Tool Transfer', 'tactic': 'Command and Control'}
• Affected user: data_thief_535",2026-04-09 10:29:30.365833+00,2026-04-09 10:40:37.594432+00,667.228599
e14a1ff0-c009-4cfc-99d4-d760ca0c3fcb,c2_communication,completed,A,true_positive,100,,8,"[{""id"": ""T1071"", ""name"": ""Application Layer Protocol"", ""tactic"": ""Command and Control""}, {""id"": ""T1573"", ""name"": ""Encrypted Channel"", ""tactic"": ""Command and Control""}, {""id"": ""T1105"", ""name"": ""Ingress Tool Transfer"", ""tactic"": ""Command and Control""}, {""id"": ""T1571"", ""name"": ""Non-Standard Port"", ""tactic"": ""Command and Control""}]","• CONFIRMED ATTACK detected from 10.200.3.29
• Regular beacon interval detected: 30.0s (stddev=0.5)
• 3 indicator(s) found (ipv4, username)
• HIGH RISK (100/100) — immediate action recommended
• MITRE ATT&CK: {'id': 'T1071', 'name': 'Application Layer Protocol', 'tactic': 'Command and Control'}, {'id': 'T1573', 'name': 'Encrypted Channel', 'tactic': 'Command and Control'}, {'id': 'T1105', 'name': 'Ingress Tool Transfer', 'tactic': 'Command and Control'}
• Affected user: sql_svc_536",2026-04-09 10:29:30.881881+00,2026-04-09 10:35:37.877115+00,366.995234
d78650a1-be9e-4d9b-8e53-c9fea682e73a,data_exfiltration,completed,A,true_positive,100,,8,"[{""id"": ""T1041"", ""name"": ""Exfiltration Over C2 Channel"", ""tactic"": ""Exfiltration""}, {""id"": ""T1567"", ""name"": ""Exfiltration Over Web Service"", ""tactic"": ""Exfiltration""}, {""id"": ""T1048"", ""name"": ""Exfiltration Over Alternative Protocol"", ""tactic"": ""Exfiltration""}]","• CONFIRMED ATTACK detected from 10.200.3.30
• Large data transfer: 5.2 GB
• 3 indicator(s) found (ipv4, username)
• HIGH RISK (100/100) — immediate action recommended
• MITRE ATT&CK: {'id': 'T1041', 'name': 'Exfiltration Over C2 Channel', 'tactic': 'Exfiltration'}, {'id': 'T1567', 'name': 'Exfiltration Over Web Service', 'tactic': 'Exfiltration'}, {'id': 'T1048', 'name': 'Exfiltration Over Alternative Protocol', 'tactic': 'Exfiltration'}
• Affected user: data_thief_537",2026-04-09 10:29:31.396337+00,2026-04-09 10:33:17.808124+00,226.411787
fda13a9d-7919-4654-98c3-e75ede856ce5,phishing,completed,A,true_positive,70,,10,"[{""id"": ""T1566"", ""name"": ""Phishing"", ""tactic"": ""Initial Access""}, {""id"": ""T1566.001"", ""name"": ""Spearphishing Attachment"", ""tactic"": ""Initial Access""}, {""id"": ""T1566.002"", ""name"": ""Spearphishing Link"", ""tactic"": ""Initial Access""}, {""id"": ""T1204.001"", ""name"": ""Malicious Link"", ""tactic"": ""Execution""}]","• CONFIRMED ATTACK detected from 10.200.3.31
• Credential harvesting indicators detected
• 4 indicator(s) found (domain, email, ipv4, username)
• HIGH RISK (70/100) — immediate action recommended
• MITRE ATT&CK: {'id': 'T1566', 'name': 'Phishing', 'tactic': 'Initial Access'}, {'id': 'T1566.001', 'name': 'Spearphishing Attachment', 'tactic': 'Initial Access'}, {'id': 'T1566.002', 'name': 'Spearphishing Link', 'tactic': 'Initial Access'}
• Affected user: sql_svc_538",2026-04-09 10:29:31.914747+00,2026-04-09 10:39:03.76038+00,571.845633
3a9248b7-306a-4d5f-96f2-450edefdabd2,golden_ticket,completed,A,true_positive,100,,7,"[{""id"": ""T1558.001"", ""name"": ""Golden Ticket"", ""tactic"": ""Credential Access""}]","• CONFIRMED ATTACK detected from 10.200.3.32
• Forged Kerberos ticket detected
• 2 indicator(s) found (ipv4, username)
• HIGH RISK (100/100) — immediate action recommended
• MITRE ATT&CK: {'id': 'T1558.001', 'name': 'Golden Ticket', 'tactic': 'Credential Access'}
• Affected user: backup_svc_539",2026-04-09 10:29:32.430311+00,2026-04-09 10:38:39.677131+00,547.246820
2096ec9d-8961-4bf7-bd9b-3f2b06674a11,password_change,completed,A,benign,0,,2,[],"• Routine activity — no threat detected
• 2 indicator(s) found (ipv4, username)
• LOW RISK (0/100) — no action needed
• Affected user: krbtgt_540",2026-04-09 10:29:32.94958+00,2026-04-09 10:36:00.997393+00,388.047813
0a9872b7-d78a-49e2-a52a-b814c4c0d7f5,lateral_movement,completed,A,true_positive,100,,8,"[{""id"": ""T1021"", ""name"": ""Remote Services"", ""tactic"": ""Lateral Movement""}, {""id"": ""T1021.002"", ""name"": ""SMB/Windows Admin Shares"", ""tactic"": ""Lateral Movement""}, {""id"": ""T1570"", ""name"": ""Lateral Tool Transfer"", ""tactic"": ""Lateral Movement""}, {""id"": ""T1047"", ""name"": ""Windows Management Instrumentation"", ""tactic"": ""Execution""}]","• CONFIRMED ATTACK detected from 10.200.3.34
• Detected ipv4: 10.0.50.225
• 3 indicator(s) found (ipv4, username)
• HIGH RISK (100/100) — immediate action recommended
• MITRE ATT&CK: {'id': 'T1021', 'name': 'Remote Services', 'tactic': 'Lateral Movement'}, {'id': 'T1021.002', 'name': 'SMB/Windows Admin Shares', 'tactic': 'Lateral Movement'}, {'id': 'T1570', 'name': 'Lateral Tool Transfer', 'tactic': 'Lateral Movement'}
• Affected user: attacker_user_541",2026-04-09 10:29:33.467998+00,2026-04-09 10:36:47.036434+00,433.568436
7e3a63c4-7c0d-48f0-9c83-3468dc2a4dba,lolbin_abuse,completed,A,benign,15,,8,"[{""id"": ""T1218"", ""name"": ""System Binary Proxy Execution"", ""tactic"": ""Defense Evasion""}, {""id"": ""T1218.005"", ""name"": ""Mshta"", ""tactic"": ""Defense Evasion""}, {""id"": ""T1218.011"", ""name"": ""Rundll32"", ""tactic"": ""Defense Evasion""}]","• Routine activity — no threat detected
• URL targets suspicious executable: http://bad.host/stage2.ps1
• 3 indicator(s) found (ipv4, url, username)
• LOW RISK (15/100) — no action needed
• MITRE ATT&CK: {'id': 'T1218', 'name': 'System Binary Proxy Execution', 'tactic': 'Defense Evasion'}, {'id': 'T1218.005', 'name': 'Mshta', 'tactic': 'Defense Evasion'}, {'id': 'T1218.011', 'name': 'Rundll32', 'tactic': 'Defense Evasion'}
• Affected user: sql_svc_542",2026-04-09 10:29:34.000366+00,2026-04-09 10:35:10.05183+00,336.051464
ffce5b10-86e4-412d-a4c2-b45135348f35,password_change,completed,A,benign,0,,2,[],"• Routine activity — no threat detected
• 2 indicator(s) found (ipv4, username)
• LOW RISK (0/100) — no action needed
• Affected user: compromised_543",2026-04-09 10:29:34.647339+00,2026-04-09 10:38:47.191268+00,552.543929
7a8b1a7e-14bf-4110-b44a-330f82e40524,password_change,completed,A,benign,0,,2,[],"• Routine activity — no threat detected
• 2 indicator(s) found (ipv4, username)
• LOW RISK (0/100) — no action needed
• Affected user: jdoe_544",2026-04-09 10:29:35.185244+00,2026-04-09 10:41:13.160528+00,697.975284
44c49239-6943-4526-a484-fecd56cfb12e,brute_force,completed,A,true_positive,95,,7,"[{""id"": ""T1110"", ""name"": ""Brute Force"", ""tactic"": ""Credential Access""}, {""id"": ""T1110.001"", ""name"": ""Password Guessing"", ""tactic"": ""Credential Access""}, {""id"": ""T1110.003"", ""name"": ""Password Spraying"", ""tactic"": ""Credential Access""}]","• CONFIRMED ATTACK detected from 10.200.3.38
• Attack Signal: Command injection
• 2 indicator(s) found (ipv4, username)
• HIGH RISK (95/100) — immediate action recommended
• MITRE ATT&CK: {'id': 'T1110', 'name': 'Brute Force', 'tactic': 'Credential Access'}, {'id': 'T1110.001', 'name': 'Password Guessing', 'tactic': 'Credential Access'}, {'id': 'T1110.003', 'name': 'Password Spraying', 'tactic': 'Credential Access'}
• Affected user: backup_svc_545",2026-04-09 10:29:35.717362+00,2026-04-09 10:36:42.083112+00,426.365750
1d585e29-f396-46f5-85d3-7c9eeb3f963f,brute_force,completed,A,true_positive,95,,7,"[{""id"": ""T1110"", ""name"": ""Brute Force"", ""tactic"": ""Credential Access""}, {""id"": ""T1110.001"", ""name"": ""Password Guessing"", ""tactic"": ""Credential Access""}, {""id"": ""T1110.003"", ""name"": ""Password Spraying"", ""tactic"": ""Credential Access""}]","• CONFIRMED ATTACK detected from 10.200.3.39
• Attack Signal: Command injection
• 2 indicator(s) found (ipv4, username)
• HIGH RISK (95/100) — immediate action recommended
• MITRE ATT&CK: {'id': 'T1110', 'name': 'Brute Force', 'tactic': 'Credential Access'}, {'id': 'T1110.001', 'name': 'Password Guessing', 'tactic': 'Credential Access'}, {'id': 'T1110.003', 'name': 'Password Spraying', 'tactic': 'Credential Access'}
• Affected user: root_546",2026-04-09 10:29:36.248013+00,2026-04-09 10:39:51.468223+00,615.220210
d82eee43-f87c-4aae-9237-37443628ab93,golden_ticket,completed,A,true_positive,100,,7,"[{""id"": ""T1558.001"", ""name"": ""Golden Ticket"", ""tactic"": ""Credential Access""}]","• CONFIRMED ATTACK detected from 10.200.3.40
• Forged Kerberos ticket detected
• 2 indicator(s) found (ipv4, username)
• HIGH RISK (100/100) — immediate action recommended
• MITRE ATT&CK: {'id': 'T1558.001', 'name': 'Golden Ticket', 'tactic': 'Credential Access'}
• Affected user: asmith_547",2026-04-09 10:29:36.762484+00,2026-04-09 10:36:19.19381+00,402.431326
7c439fa2-19da-4ffd-8ee1-745dc44826e7,health_check,completed,A,benign,0,,2,[],"• Routine activity — no threat detected
• 2 indicator(s) found (ipv4, username)
• LOW RISK (0/100) — no action needed
• Affected user: asmith_548",2026-04-09 10:29:37.282008+00,2026-04-09 10:41:04.97391+00,687.691902
a3e2abf6-432b-41cd-bb70-cdf2ca2ba221,health_check,completed,A,benign,0,,2,[],"• Routine activity — no threat detected
• 2 indicator(s) found (ipv4, username)
• LOW RISK (0/100) — no action needed
• Affected user: svc_backup_549",2026-04-09 10:29:37.803497+00,2026-04-09 10:40:22.871826+00,645.068329
b1e6c631-f0e7-4570-867a-2b43785c9ca0,password_change,completed,A,benign,0,,2,[],"• Routine activity — no threat detected
• 2 indicator(s) found (ipv4, username)
• LOW RISK (0/100) — no action needed
• Affected user: krbtgt_550",2026-04-09 10:29:38.321256+00,2026-04-09 10:34:35.351161+00,297.029905
3d07e5bf-9c31-48e3-8239-f30a7855fc1f,brute_force,completed,A,true_positive,95,,7,"[{""id"": ""T1110"", ""name"": ""Brute Force"", ""tactic"": ""Credential Access""}, {""id"": ""T1110.001"", ""name"": ""Password Guessing"", ""tactic"": ""Credential Access""}, {""id"": ""T1110.003"", ""name"": ""Password Spraying"", ""tactic"": ""Credential Access""}]","• CONFIRMED ATTACK detected from 10.200.3.44
• Attack Signal: Command injection
• 2 indicator(s) found (ipv4, username)
• HIGH RISK (95/100) — immediate action recommended
• MITRE ATT&CK: {'id': 'T1110', 'name': 'Brute Force', 'tactic': 'Credential Access'}, {'id': 'T1110.001', 'name': 'Password Guessing', 'tactic': 'Credential Access'}, {'id': 'T1110.003', 'name': 'Password Spraying', 'tactic': 'Credential Access'}
• Affected user: jdoe_551",2026-04-09 10:29:38.835961+00,2026-04-09 10:41:20.839101+00,702.003140
dd205750-fd9f-4805-a399-c7f588d23a16,kerberoasting,completed,A,true_positive,100,,7,"[{""id"": ""T1558.003"", ""name"": ""Kerberoasting"", ""tactic"": ""Credential Access""}]","• CONFIRMED ATTACK detected from 10.200.3.45
• SPN enumeration detected — Kerberoasting recon
• 3 indicator(s) found (ipv4, service_name, username)
• HIGH RISK (100/100) — immediate action recommended
• MITRE ATT&CK: {'id': 'T1558.003', 'name': 'Kerberoasting', 'tactic': 'Credential Access'}
• Affected user: sql_svc_552",2026-04-09 10:29:39.364369+00,2026-04-09 10:37:44.065063+00,484.700694
bbe6c49b-90ab-4872-948f-8a6be93607d4,phishing,completed,A,true_positive,85,,10,"[{""id"": ""T1566"", ""name"": ""Phishing"", ""tactic"": ""Initial Access""}, {""id"": ""T1566.001"", ""name"": ""Spearphishing Attachment"", ""tactic"": ""Initial Access""}, {""id"": ""T1566.002"", ""name"": ""Spearphishing Link"", ""tactic"": ""Initial Access""}, {""id"": ""T1204.001"", ""name"": ""Malicious Link"", ""tactic"": ""Execution""}]","• CONFIRMED ATTACK detected from 10.200.3.46
• Urgency/social engineering language detected
• 5 indicator(s) found (domain, email, ipv4, url, username)
• HIGH RISK (85/100) — immediate action recommended
• MITRE ATT&CK: {'id': 'T1566', 'name': 'Phishing', 'tactic': 'Initial Access'}, {'id': 'T1566.001', 'name': 'Spearphishing Attachment', 'tactic': 'Initial Access'}, {'id': 'T1566.002', 'name': 'Spearphishing Link', 'tactic': 'Initial Access'}
• Affected user: sql_svc_553",2026-04-09 10:29:39.876599+00,2026-04-09 10:38:50.53338+00,550.656781
d85cc263-aa92-4bce-b367-fc1bff89e872,data_exfiltration,completed,A,true_positive,100,,8,"[{""id"": ""T1041"", ""name"": ""Exfiltration Over C2 Channel"", ""tactic"": ""Exfiltration""}, {""id"": ""T1567"", ""name"": ""Exfiltration Over Web Service"", ""tactic"": ""Exfiltration""}, {""id"": ""T1048"", ""name"": ""Exfiltration Over Alternative Protocol"", ""tactic"": ""Exfiltration""}]","• CONFIRMED ATTACK detected from 10.200.3.47
• Large data transfer: 5.2 GB
• 3 indicator(s) found (ipv4, username)
• HIGH RISK (100/100) — immediate action recommended
• MITRE ATT&CK: {'id': 'T1041', 'name': 'Exfiltration Over C2 Channel', 'tactic': 'Exfiltration'}, {'id': 'T1567', 'name': 'Exfiltration Over Web Service', 'tactic': 'Exfiltration'}, {'id': 'T1048', 'name': 'Exfiltration Over Alternative Protocol', 'tactic': 'Exfiltration'}
• Affected user: backup_svc_554",2026-04-09 10:29:40.392094+00,2026-04-09 10:39:14.811473+00,574.419379
41bd13a8-346b-4583-8317-481707c767ee,lolbin_abuse,completed,A,true_positive,100,,8,"[{""id"": ""T1218"", ""name"": ""System Binary Proxy Execution"", ""tactic"": ""Defense Evasion""}, {""id"": ""T1218.005"", ""name"": ""Mshta"", ""tactic"": ""Defense Evasion""}, {""id"": ""T1218.011"", ""name"": ""Rundll32"", ""tactic"": ""Defense Evasion""}]","• CONFIRMED ATTACK detected from 10.200.3.48
• LOLBin abuse: certutil download via -urlcache
• 3 indicator(s) found (ipv4, url, username)
• HIGH RISK (100/100) — immediate action recommended
• MITRE ATT&CK: {'id': 'T1218', 'name': 'System Binary Proxy Execution', 'tactic': 'Defense Evasion'}, {'id': 'T1218.005', 'name': 'Mshta', 'tactic': 'Defense Evasion'}, {'id': 'T1218.011', 'name': 'Rundll32', 'tactic': 'Defense Evasion'}
• Affected user: compromised_555",2026-04-09 10:29:40.903643+00,2026-04-09 10:37:48.455133+00,487.551490
c5e37830-f8b7-443a-a990-416a8cacab24,kerberoasting,completed,A,true_positive,100,,7,"[{""id"": ""T1558.003"", ""name"": ""Kerberoasting"", ""tactic"": ""Credential Access""}]","• CONFIRMED ATTACK detected from 10.200.3.49
• SPN enumeration detected — Kerberoasting recon
• 3 indicator(s) found (ipv4, service_name, username)
• HIGH RISK (100/100) — immediate action recommended
• MITRE ATT&CK: {'id': 'T1558.003', 'name': 'Kerberoasting', 'tactic': 'Credential Access'}
• Affected user: Administrator_556",2026-04-09 10:29:41.418022+00,2026-04-09 10:35:30.766045+00,349.348023
e1678e6f-74be-4800-825d-1092394aa7d8,c2_communication,completed,A,true_positive,100,,8,"[{""id"": ""T1071"", ""name"": ""Application Layer Protocol"", ""tactic"": ""Command and Control""}, {""id"": ""T1573"", ""name"": ""Encrypted Channel"", ""tactic"": ""Command and Control""}, {""id"": ""T1105"", ""name"": ""Ingress Tool Transfer"", ""tactic"": ""Command and Control""}, {""id"": ""T1571"", ""name"": ""Non-Standard Port"", ""tactic"": ""Command and Control""}]","• CONFIRMED ATTACK detected from 10.200.3.50
• Regular beacon interval detected: 30.0s (stddev=0.5)
• 3 indicator(s) found (ipv4, username)
• HIGH RISK (100/100) — immediate action recommended
• MITRE ATT&CK: {'id': 'T1071', 'name': 'Application Layer Protocol', 'tactic': 'Command and Control'}, {'id': 'T1573', 'name': 'Encrypted Channel', 'tactic': 'Command and Control'}, {'id': 'T1105', 'name': 'Ingress Tool Transfer', 'tactic': 'Command and Control'}
• Affected user: attacker_user_557",2026-04-09 10:29:41.930776+00,2026-04-09 10:39:02.816686+00,560.885910
caa30402-d30b-4767-a93f-00686aee7566,c2_communication,completed,A,true_positive,100,,8,"[{""id"": ""T1071"", ""name"": ""Application Layer Protocol"", ""tactic"": ""Command and Control""}, {""id"": ""T1573"", ""name"": ""Encrypted Channel"", ""tactic"": ""Command and Control""}, {""id"": ""T1105"", ""name"": ""Ingress Tool Transfer"", ""tactic"": ""Command and Control""}, {""id"": ""T1571"", ""name"": ""Non-Standard Port"", ""tactic"": ""Command and Control""}]","• CONFIRMED ATTACK detected from 10.200.3.51
• Regular beacon interval detected: 30.0s (stddev=0.5)
• 3 indicator(s) found (ipv4, username)
• HIGH RISK (100/100) — immediate action recommended
• MITRE ATT&CK: {'id': 'T1071', 'name': 'Application Layer Protocol', 'tactic': 'Command and Control'}, {'id': 'T1573', 'name': 'Encrypted Channel', 'tactic': 'Command and Control'}, {'id': 'T1105', 'name': 'Ingress Tool Transfer', 'tactic': 'Command and Control'}
• Affected user: krbtgt_558",2026-04-09 10:29:42.464876+00,2026-04-09 10:36:10.706352+00,388.241476
4a068552-9282-4069-a66d-a9e2d47b58c5,scheduled_backup,completed,A,benign,0,,2,[],"• Routine activity — no threat detected
• 2 indicator(s) found (ipv4, username)
• LOW RISK (0/100) — no action needed
• Affected user: jsmith_559",2026-04-09 10:29:42.978959+00,2026-04-09 10:39:42.551095+00,599.572136
28f6e77d-9ca0-498c-baa6-8ca50af9b672,health_check,completed,A,benign,0,,2,[],"• Routine activity — no threat detected
• 2 indicator(s) found (ipv4, username)
• LOW RISK (0/100) — no action needed
• Affected user: compromised_560",2026-04-09 10:29:43.49494+00,2026-04-09 10:39:14.759179+00,571.264239
cf4bb308-4c41-4088-963a-20b54759ef64,brute_force,completed,A,true_positive,95,,7,"[{""id"": ""T1110"", ""name"": ""Brute Force"", ""tactic"": ""Credential Access""}, {""id"": ""T1110.001"", ""name"": ""Password Guessing"", ""tactic"": ""Credential Access""}, {""id"": ""T1110.003"", ""name"": ""Password Spraying"", ""tactic"": ""Credential Access""}]","• CONFIRMED ATTACK detected from 10.200.3.54
• Attack Signal: Command injection
• 2 indicator(s) found (ipv4, username)
• HIGH RISK (95/100) — immediate action recommended
• MITRE ATT&CK: {'id': 'T1110', 'name': 'Brute Force', 'tactic': 'Credential Access'}, {'id': 'T1110.001', 'name': 'Password Guessing', 'tactic': 'Credential Access'}, {'id': 'T1110.003', 'name': 'Password Spraying', 'tactic': 'Credential Access'}
• Affected user: exfil_user_561",2026-04-09 10:29:44.008916+00,2026-04-09 10:40:49.928773+00,665.919857
f32c7d39-4cf2-4251-a649-a5e5c8bd1d07,ransomware,completed,A,true_positive,100,,8,"[{""id"": ""T1486"", ""name"": ""Data Encrypted for Impact"", ""tactic"": ""Impact""}, {""id"": ""T1490"", ""name"": ""Inhibit System Recovery"", ""tactic"": ""Impact""}, {""id"": ""T1059"", ""name"": ""Command and Scripting Interpreter"", ""tactic"": ""Execution""}, {""id"": ""T1547"", ""name"": ""Boot or Logon Autostart Execution"", ""tactic"": ""Persistence""}]","• CONFIRMED ATTACK detected from 10.200.3.55
• Shadow copy deletion detected (vssadmin delete shadows)
• 2 indicator(s) found (ipv4, username)
• HIGH RISK (100/100) — immediate action recommended
• MITRE ATT&CK: {'id': 'T1486', 'name': 'Data Encrypted for Impact', 'tactic': 'Impact'}, {'id': 'T1490', 'name': 'Inhibit System Recovery', 'tactic': 'Impact'}, {'id': 'T1059', 'name': 'Command and Scripting Interpreter', 'tactic': 'Execution'}
• Affected user: SYSTEM_562",2026-04-09 10:29:44.525402+00,2026-04-09 10:37:44.848097+00,480.322695
70171644-b1ba-498d-a31a-869ec342e1fe,scheduled_backup,completed,A,benign,0,,2,[],"• Routine activity — no threat detected
• 2 indicator(s) found (ipv4, username)
• LOW RISK (0/100) — no action needed
• Affected user: compromised_563",2026-04-09 10:29:45.03726+00,2026-04-09 10:34:15.487121+00,270.449861
b99041c5-e70d-44c8-b1c1-0633f7b6e4ba,data_exfiltration,completed,A,true_positive,100,,8,"[{""id"": ""T1041"", ""name"": ""Exfiltration Over C2 Channel"", ""tactic"": ""Exfiltration""}, {""id"": ""T1567"", ""name"": ""Exfiltration Over Web Service"", ""tactic"": ""Exfiltration""}, {""id"": ""T1048"", ""name"": ""Exfiltration Over Alternative Protocol"", ""tactic"": ""Exfiltration""}]","• CONFIRMED ATTACK detected from 10.200.3.57
• Large data transfer: 5.2 GB
• 3 indicator(s) found (ipv4, username)
• HIGH RISK (100/100) — immediate action recommended
• MITRE ATT&CK: {'id': 'T1041', 'name': 'Exfiltration Over C2 Channel', 'tactic': 'Exfiltration'}, {'id': 'T1567', 'name': 'Exfiltration Over Web Service', 'tactic': 'Exfiltration'}, {'id': 'T1048', 'name': 'Exfiltration Over Alternative Protocol', 'tactic': 'Exfiltration'}
• Affected user: jsmith_564",2026-04-09 10:29:45.554466+00,2026-04-09 10:41:54.008107+00,728.453641
1d539183-a1bc-41a3-9d0f-3862c40ca3b9,phishing,completed,A,true_positive,85,,10,"[{""id"": ""T1566"", ""name"": ""Phishing"", ""tactic"": ""Initial Access""}, {""id"": ""T1566.001"", ""name"": ""Spearphishing Attachment"", ""tactic"": ""Initial Access""}, {""id"": ""T1566.002"", ""name"": ""Spearphishing Link"", ""tactic"": ""Initial Access""}, {""id"": ""T1204.001"", ""name"": ""Malicious Link"", ""tactic"": ""Execution""}]","• CONFIRMED ATTACK detected from 10.200.3.58
• Urgency/social engineering language detected
• 5 indicator(s) found (domain, email, ipv4, url, username)
• HIGH RISK (85/100) — immediate action recommended
• MITRE ATT&CK: {'id': 'T1566', 'name': 'Phishing', 'tactic': 'Initial Access'}, {'id': 'T1566.001', 'name': 'Spearphishing Attachment', 'tactic': 'Initial Access'}, {'id': 'T1566.002', 'name': 'Spearphishing Link', 'tactic': 'Initial Access'}
• Affected user: jdoe_565",2026-04-09 10:29:46.069401+00,2026-04-09 10:40:20.723269+00,634.653868
c6bb1eb3-e173-4e9c-a486-c4ce015a1e60,user_login,completed,A,benign,0,,2,[],"• Routine activity — no threat detected
• 2 indicator(s) found (ipv4, username)
• LOW RISK (0/100) — no action needed
• Affected user: sql_svc_566",2026-04-09 10:29:46.586203+00,2026-04-09 10:35:41.916131+00,355.329928
fd752fdc-5d45-4388-8054-d93e499da7d1,phishing,completed,A,true_positive,70,,10,"[{""id"": ""T1566"", ""name"": ""Phishing"", ""tactic"": ""Initial Access""}, {""id"": ""T1566.001"", ""name"": ""Spearphishing Attachment"", ""tactic"": ""Initial Access""}, {""id"": ""T1566.002"", ""name"": ""Spearphishing Link"", ""tactic"": ""Initial Access""}, {""id"": ""T1204.001"", ""name"": ""Malicious Link"", ""tactic"": ""Execution""}]","• CONFIRMED ATTACK detected from 10.200.3.60
• Credential harvesting indicators detected
• 4 indicator(s) found (domain, email, ipv4, username)
• HIGH RISK (70/100) — immediate action recommended
• MITRE ATT&CK: {'id': 'T1566', 'name': 'Phishing', 'tactic': 'Initial Access'}, {'id': 'T1566.001', 'name': 'Spearphishing Attachment', 'tactic': 'Initial Access'}, {'id': 'T1566.002', 'name': 'Spearphishing Link', 'tactic': 'Initial Access'}
• Affected user: sql_svc_567",2026-04-09 10:29:47.103144+00,2026-04-09 10:36:01.476616+00,374.373472
c1a5286d-1942-4fb9-8e2f-98795d5887b2,windows_update,completed,A,benign,0,,2,[],"• Routine activity — no threat detected
• 2 indicator(s) found (ipv4, username)
• LOW RISK (0/100) — no action needed
• Affected user: asmith_568",2026-04-09 10:29:47.630107+00,2026-04-09 10:39:20.187557+00,572.557450
904c4054-c041-4f72-8d4f-20b6412b33ba,lateral_movement,completed,A,true_positive,100,,8,"[{""id"": ""T1021"", ""name"": ""Remote Services"", ""tactic"": ""Lateral Movement""}, {""id"": ""T1021.002"", ""name"": ""SMB/Windows Admin Shares"", ""tactic"": ""Lateral Movement""}, {""id"": ""T1570"", ""name"": ""Lateral Tool Transfer"", ""tactic"": ""Lateral Movement""}, {""id"": ""T1047"", ""name"": ""Windows Management Instrumentation"", ""tactic"": ""Execution""}]","• CONFIRMED ATTACK detected from 10.200.3.62
• Detected ipv4: 192.168.1.164
• 3 indicator(s) found (ipv4, username)
• HIGH RISK (100/100) — immediate action recommended
• MITRE ATT&CK: {'id': 'T1021', 'name': 'Remote Services', 'tactic': 'Lateral Movement'}, {'id': 'T1021.002', 'name': 'SMB/Windows Admin Shares', 'tactic': 'Lateral Movement'}, {'id': 'T1570', 'name': 'Lateral Tool Transfer', 'tactic': 'Lateral Movement'}
• Affected user: asmith_569",2026-04-09 10:29:48.141619+00,2026-04-09 10:41:20.565476+00,692.423857
4aeda9cd-b66f-41ba-af78-0292e5d26a78,ransomware,completed,A,true_positive,100,,8,"[{""id"": ""T1486"", ""name"": ""Data Encrypted for Impact"", ""tactic"": ""Impact""}, {""id"": ""T1490"", ""name"": ""Inhibit System Recovery"", ""tactic"": ""Impact""}, {""id"": ""T1059"", ""name"": ""Command and Scripting Interpreter"", ""tactic"": ""Execution""}, {""id"": ""T1547"", ""name"": ""Boot or Logon Autostart Execution"", ""tactic"": ""Persistence""}]","• CONFIRMED ATTACK detected from 10.200.3.63
• Shadow copy deletion detected (vssadmin delete shadows)
• 2 indicator(s) found (ipv4, username)
• HIGH RISK (100/100) — immediate action recommended
• MITRE ATT&CK: {'id': 'T1486', 'name': 'Data Encrypted for Impact', 'tactic': 'Impact'}, {'id': 'T1490', 'name': 'Inhibit System Recovery', 'tactic': 'Impact'}, {'id': 'T1059', 'name': 'Command and Scripting Interpreter', 'tactic': 'Execution'}
• Affected user: SYSTEM_570",2026-04-09 10:29:48.66096+00,2026-04-09 10:36:38.105415+00,409.444455
615e34bb-260e-4d1a-b692-6f48a7dfc09f,lolbin_abuse,completed,A,true_positive,100,,8,"[{""id"": ""T1218"", ""name"": ""System Binary Proxy Execution"", ""tactic"": ""Defense Evasion""}, {""id"": ""T1218.005"", ""name"": ""Mshta"", ""tactic"": ""Defense Evasion""}, {""id"": ""T1218.011"", ""name"": ""Rundll32"", ""tactic"": ""Defense Evasion""}]","• CONFIRMED ATTACK detected from 10.200.3.64
• LOLBin abuse: certutil download via -urlcache
• 3 indicator(s) found (ipv4, url, username)
• HIGH RISK (100/100) — immediate action recommended
• MITRE ATT&CK: {'id': 'T1218', 'name': 'System Binary Proxy Execution', 'tactic': 'Defense Evasion'}, {'id': 'T1218.005', 'name': 'Mshta', 'tactic': 'Defense Evasion'}, {'id': 'T1218.011', 'name': 'Rundll32', 'tactic': 'Defense Evasion'}
• Affected user: krbtgt_571",2026-04-09 10:29:49.175166+00,2026-04-09 10:39:03.788999+00,554.613833
92f070a1-5c51-4305-b86d-ad808fa3734f,c2_communication,completed,A,true_positive,100,,8,"[{""id"": ""T1071"", ""name"": ""Application Layer Protocol"", ""tactic"": ""Command and Control""}, {""id"": ""T1573"", ""name"": ""Encrypted Channel"", ""tactic"": ""Command and Control""}, {""id"": ""T1105"", ""name"": ""Ingress Tool Transfer"", ""tactic"": ""Command and Control""}, {""id"": ""T1571"", ""name"": ""Non-Standard Port"", ""tactic"": ""Command and Control""}]","• CONFIRMED ATTACK detected from 10.200.3.65
• Regular beacon interval detected: 30.0s (stddev=0.5)
• 3 indicator(s) found (ipv4, username)
• HIGH RISK (100/100) — immediate action recommended
• MITRE ATT&CK: {'id': 'T1071', 'name': 'Application Layer Protocol', 'tactic': 'Command and Control'}, {'id': 'T1573', 'name': 'Encrypted Channel', 'tactic': 'Command and Control'}, {'id': 'T1105', 'name': 'Ingress Tool Transfer', 'tactic': 'Command and Control'}
• Affected user: SYSTEM_572",2026-04-09 10:29:49.687322+00,2026-04-09 10:33:33.726758+00,224.039436
eb61abde-97cb-4946-8995-dd8ba1728d25,health_check,completed,A,benign,0,,2,[],"• Routine activity — no threat detected
• 2 indicator(s) found (ipv4, username)
• LOW RISK (0/100) — no action needed
• Affected user: Administrator_573",2026-04-09 10:29:50.201769+00,2026-04-09 10:38:14.377265+00,504.175496
a85c6316-a17d-49c7-afce-45093255f4d2,kerberoasting,completed,A,true_positive,100,,7,"[{""id"": ""T1558.003"", ""name"": ""Kerberoasting"", ""tactic"": ""Credential Access""}]","• CONFIRMED ATTACK detected from 10.200.3.67
• SPN enumeration detected — Kerberoasting recon
• 3 indicator(s) found (ipv4, service_name, username)
• HIGH RISK (100/100) — immediate action recommended
• MITRE ATT&CK: {'id': 'T1558.003', 'name': 'Kerberoasting', 'tactic': 'Credential Access'}
• Affected user: data_thief_574",2026-04-09 10:29:50.71807+00,2026-04-09 10:42:21.244618+00,750.526548
98d3ab47-2cbc-422f-8e52-097e1abc06ca,brute_force,completed,A,true_positive,95,,7,"[{""id"": ""T1110"", ""name"": ""Brute Force"", ""tactic"": ""Credential Access""}, {""id"": ""T1110.001"", ""name"": ""Password Guessing"", ""tactic"": ""Credential Access""}, {""id"": ""T1110.003"", ""name"": ""Password Spraying"", ""tactic"": ""Credential Access""}]","• CONFIRMED ATTACK detected from 10.200.3.68
• Attack Signal: Command injection
• 2 indicator(s) found (ipv4, username)
• HIGH RISK (95/100) — immediate action recommended
• MITRE ATT&CK: {'id': 'T1110', 'name': 'Brute Force', 'tactic': 'Credential Access'}, {'id': 'T1110.001', 'name': 'Password Guessing', 'tactic': 'Credential Access'}, {'id': 'T1110.003', 'name': 'Password Spraying', 'tactic': 'Credential Access'}
• Affected user: backup_svc_575",2026-04-09 10:29:51.232119+00,2026-04-09 10:40:14.239941+00,623.007822
db657be7-e53c-4390-b5d3-1ccab8362314,phishing,completed,A,true_positive,85,,10,"[{""id"": ""T1566"", ""name"": ""Phishing"", ""tactic"": ""Initial Access""}, {""id"": ""T1566.001"", ""name"": ""Spearphishing Attachment"", ""tactic"": ""Initial Access""}, {""id"": ""T1566.002"", ""name"": ""Spearphishing Link"", ""tactic"": ""Initial Access""}, {""id"": ""T1204.001"", ""name"": ""Malicious Link"", ""tactic"": ""Execution""}]","• CONFIRMED ATTACK detected from 10.200.3.69
• Urgency/social engineering language detected
• 5 indicator(s) found (domain, email, ipv4, url, username)
• HIGH RISK (85/100) — immediate action recommended
• MITRE ATT&CK: {'id': 'T1566', 'name': 'Phishing', 'tactic': 'Initial Access'}, {'id': 'T1566.001', 'name': 'Spearphishing Attachment', 'tactic': 'Initial Access'}, {'id': 'T1566.002', 'name': 'Spearphishing Link', 'tactic': 'Initial Access'}
• Affected user: SYSTEM_576",2026-04-09 10:29:51.748399+00,2026-04-09 10:39:51.351775+00,599.603376
460e0ad6-6b14-483d-b479-2f3f5ca2e99e,ransomware,completed,A,true_positive,100,,8,"[{""id"": ""T1486"", ""name"": ""Data Encrypted for Impact"", ""tactic"": ""Impact""}, {""id"": ""T1490"", ""name"": ""Inhibit System Recovery"", ""tactic"": ""Impact""}, {""id"": ""T1059"", ""name"": ""Command and Scripting Interpreter"", ""tactic"": ""Execution""}, {""id"": ""T1547"", ""name"": ""Boot or Logon Autostart Execution"", ""tactic"": ""Persistence""}]","• CONFIRMED ATTACK detected from 10.200.3.70
• Shadow copy deletion detected (vssadmin delete shadows)
• 2 indicator(s) found (ipv4, username)
• HIGH RISK (100/100) — immediate action recommended
• MITRE ATT&CK: {'id': 'T1486', 'name': 'Data Encrypted for Impact', 'tactic': 'Impact'}, {'id': 'T1490', 'name': 'Inhibit System Recovery', 'tactic': 'Impact'}, {'id': 'T1059', 'name': 'Command and Scripting Interpreter', 'tactic': 'Execution'}
• Affected user: web_admin_577",2026-04-09 10:29:52.261801+00,2026-04-09 10:39:17.303837+00,565.042036
12e3926e-8078-4af1-bb6d-0d8bd02b539e,scheduled_backup,completed,A,benign,0,,2,[],"• Routine activity — no threat detected
• 2 indicator(s) found (ipv4, username)
• LOW RISK (0/100) — no action needed
• Affected user: asmith_578",2026-04-09 10:29:52.779009+00,2026-04-09 10:36:32.916399+00,400.137390
dae83449-68eb-4a6b-aa25-ff1c4d19498c,lateral_movement,completed,A,true_positive,100,,8,"[{""id"": ""T1021"", ""name"": ""Remote Services"", ""tactic"": ""Lateral Movement""}, {""id"": ""T1021.002"", ""name"": ""SMB/Windows Admin Shares"", ""tactic"": ""Lateral Movement""}, {""id"": ""T1570"", ""name"": ""Lateral Tool Transfer"", ""tactic"": ""Lateral Movement""}, {""id"": ""T1047"", ""name"": ""Windows Management Instrumentation"", ""tactic"": ""Execution""}]","• CONFIRMED ATTACK detected from 10.200.3.72
• Detected ipv4: 10.0.30.13
• 3 indicator(s) found (ipv4, username)
• HIGH RISK (100/100) — immediate action recommended
• MITRE ATT&CK: {'id': 'T1021', 'name': 'Remote Services', 'tactic': 'Lateral Movement'}, {'id': 'T1021.002', 'name': 'SMB/Windows Admin Shares', 'tactic': 'Lateral Movement'}, {'id': 'T1570', 'name': 'Lateral Tool Transfer', 'tactic': 'Lateral Movement'}
• Affected user: web_admin_579",2026-04-09 10:29:53.291885+00,2026-04-09 10:38:36.675979+00,523.384094
bf4be063-43d9-4b18-9fe7-2635daa0b70f,lolbin_abuse,completed,A,benign,15,,8,"[{""id"": ""T1218"", ""name"": ""System Binary Proxy Execution"", ""tactic"": ""Defense Evasion""}, {""id"": ""T1218.005"", ""name"": ""Mshta"", ""tactic"": ""Defense Evasion""}, {""id"": ""T1218.011"", ""name"": ""Rundll32"", ""tactic"": ""Defense Evasion""}]","• Routine activity — no threat detected
• URL targets suspicious executable: http://bad.host/stage2.ps1
• 3 indicator(s) found (ipv4, url, username)
• LOW RISK (15/100) — no action needed
• MITRE ATT&CK: {'id': 'T1218', 'name': 'System Binary Proxy Execution', 'tactic': 'Defense Evasion'}, {'id': 'T1218.005', 'name': 'Mshta', 'tactic': 'Defense Evasion'}, {'id': 'T1218.011', 'name': 'Rundll32', 'tactic': 'Defense Evasion'}
• Affected user: exfil_user_580",2026-04-09 10:29:53.808437+00,2026-04-09 10:33:29.383501+00,215.575064
cb027fa8-3a5a-4d69-b657-b2df821b78b1,brute_force,completed,A,true_positive,95,,7,"[{""id"": ""T1110"", ""name"": ""Brute Force"", ""tactic"": ""Credential Access""}, {""id"": ""T1110.001"", ""name"": ""Password Guessing"", ""tactic"": ""Credential Access""}, {""id"": ""T1110.003"", ""name"": ""Password Spraying"", ""tactic"": ""Credential Access""}]","• CONFIRMED ATTACK detected from 10.200.3.74
• Attack Signal: Command injection
• 2 indicator(s) found (ipv4, username)
• HIGH RISK (95/100) — immediate action recommended
• MITRE ATT&CK: {'id': 'T1110', 'name': 'Brute Force', 'tactic': 'Credential Access'}, {'id': 'T1110.001', 'name': 'Password Guessing', 'tactic': 'Credential Access'}, {'id': 'T1110.003', 'name': 'Password Spraying', 'tactic': 'Credential Access'}
• Affected user: compromised_581",2026-04-09 10:29:54.320894+00,2026-04-09 10:35:00.489877+00,306.168983
33f48943-8ca3-4458-aeda-7b1857a40a32,scheduled_backup,completed,A,benign,0,,2,[],"• Routine activity — no threat detected
• 2 indicator(s) found (ipv4, username)
• LOW RISK (0/100) — no action needed
• Affected user: attacker_user_582",2026-04-09 10:29:54.839963+00,2026-04-09 10:35:06.011404+00,311.171441
47324acc-34c6-496f-932f-725b4924efc8,user_login,completed,A,benign,0,,2,[],"• Routine activity — no threat detected
• 2 indicator(s) found (ipv4, username)
• LOW RISK (0/100) — no action needed
• Affected user: user2_583",2026-04-09 10:29:55.354451+00,2026-04-09 10:35:41.655698+00,346.301247
116ba88d-bf2e-4584-899b-1848215d8cab,lateral_movement,completed,A,true_positive,100,,8,"[{""id"": ""T1021"", ""name"": ""Remote Services"", ""tactic"": ""Lateral Movement""}, {""id"": ""T1021.002"", ""name"": ""SMB/Windows Admin Shares"", ""tactic"": ""Lateral Movement""}, {""id"": ""T1570"", ""name"": ""Lateral Tool Transfer"", ""tactic"": ""Lateral Movement""}, {""id"": ""T1047"", ""name"": ""Windows Management Instrumentation"", ""tactic"": ""Execution""}]","• CONFIRMED ATTACK detected from 10.200.3.77
• Detected ipv4: 10.0.60.53
• 3 indicator(s) found (ipv4, username)
• HIGH RISK (100/100) — immediate action recommended
• MITRE ATT&CK: {'id': 'T1021', 'name': 'Remote Services', 'tactic': 'Lateral Movement'}, {'id': 'T1021.002', 'name': 'SMB/Windows Admin Shares', 'tactic': 'Lateral Movement'}, {'id': 'T1570', 'name': 'Lateral Tool Transfer', 'tactic': 'Lateral Movement'}
• Affected user: compromised_584",2026-04-09 10:29:55.871553+00,2026-04-09 10:40:04.29153+00,608.419977
89408f86-27e5-4d67-abc7-c9eb10b423ce,kerberoasting,completed,A,true_positive,100,,7,"[{""id"": ""T1558.003"", ""name"": ""Kerberoasting"", ""tactic"": ""Credential Access""}]","• CONFIRMED ATTACK detected from 10.200.3.78
• SPN enumeration detected — Kerberoasting recon
• 3 indicator(s) found (ipv4, service_name, username)
• HIGH RISK (100/100) — immediate action recommended
• MITRE ATT&CK: {'id': 'T1558.003', 'name': 'Kerberoasting', 'tactic': 'Credential Access'}
• Affected user: golden_attacker_585",2026-04-09 10:29:56.388955+00,2026-04-09 10:38:43.670129+00,527.281174
75eade80-4c70-4895-aed5-f02a32f9a427,health_check,completed,A,benign,0,,2,[],"• Routine activity — no threat detected
• 2 indicator(s) found (ipv4, username)
• LOW RISK (0/100) — no action needed
• Affected user: asmith_586",2026-04-09 10:29:56.906536+00,2026-04-09 10:39:02.761031+00,545.854495
9d9ec120-04c2-4386-86bf-4fb7cb6687b6,lolbin_abuse,completed,A,true_positive,100,,8,"[{""id"": ""T1218"", ""name"": ""System Binary Proxy Execution"", ""tactic"": ""Defense Evasion""}, {""id"": ""T1218.005"", ""name"": ""Mshta"", ""tactic"": ""Defense Evasion""}, {""id"": ""T1218.011"", ""name"": ""Rundll32"", ""tactic"": ""Defense Evasion""}]","• CONFIRMED ATTACK detected from 10.200.3.80
• LOLBin abuse: certutil download via -urlcache
• 3 indicator(s) found (ipv4, url, username)
• HIGH RISK (100/100) — immediate action recommended
• MITRE ATT&CK: {'id': 'T1218', 'name': 'System Binary Proxy Execution', 'tactic': 'Defense Evasion'}, {'id': 'T1218.005', 'name': 'Mshta', 'tactic': 'Defense Evasion'}, {'id': 'T1218.011', 'name': 'Rundll32', 'tactic': 'Defense Evasion'}
• Affected user: web_admin_587",2026-04-09 10:29:57.418869+00,2026-04-09 10:38:13.365354+00,495.946485
af6fa330-1031-432f-a9f7-452e5aab1772,phishing,completed,A,true_positive,70,,10,"[{""id"": ""T1566"", ""name"": ""Phishing"", ""tactic"": ""Initial Access""}, {""id"": ""T1566.001"", ""name"": ""Spearphishing Attachment"", ""tactic"": ""Initial Access""}, {""id"": ""T1566.002"", ""name"": ""Spearphishing Link"", ""tactic"": ""Initial Access""}, {""id"": ""T1204.001"", ""name"": ""Malicious Link"", ""tactic"": ""Execution""}]","• CONFIRMED ATTACK detected from 10.200.3.81
• Credential harvesting indicators detected
• 4 indicator(s) found (domain, email, ipv4, username)
• HIGH RISK (70/100) — immediate action recommended
• MITRE ATT&CK: {'id': 'T1566', 'name': 'Phishing', 'tactic': 'Initial Access'}, {'id': 'T1566.001', 'name': 'Spearphishing Attachment', 'tactic': 'Initial Access'}, {'id': 'T1566.002', 'name': 'Spearphishing Link', 'tactic': 'Initial Access'}
• Affected user: web_admin_588",2026-04-09 10:29:57.935748+00,2026-04-09 10:41:38.276154+00,700.340406
2037f8e2-5240-4b67-b5f3-727e85111d92,health_check,completed,A,benign,0,,2,[],"• Routine activity — no threat detected
• 2 indicator(s) found (ipv4, username)
• LOW RISK (0/100) — no action needed
• Affected user: exfil_user_589",2026-04-09 10:29:58.448903+00,2026-04-09 10:38:01.993633+00,483.544730
88652ce5-9b3a-4d88-872b-44ba3ab794f7,lolbin_abuse,completed,A,true_positive,100,,8,"[{""id"": ""T1218"", ""name"": ""System Binary Proxy Execution"", ""tactic"": ""Defense Evasion""}, {""id"": ""T1218.005"", ""name"": ""Mshta"", ""tactic"": ""Defense Evasion""}, {""id"": ""T1218.011"", ""name"": ""Rundll32"", ""tactic"": ""Defense Evasion""}]","• CONFIRMED ATTACK detected from 10.200.3.83
• LOLBin abuse: certutil download via -urlcache
• 3 indicator(s) found (ipv4, url, username)
• HIGH RISK (100/100) — immediate action recommended
• MITRE ATT&CK: {'id': 'T1218', 'name': 'System Binary Proxy Execution', 'tactic': 'Defense Evasion'}, {'id': 'T1218.005', 'name': 'Mshta', 'tactic': 'Defense Evasion'}, {'id': 'T1218.011', 'name': 'Rundll32', 'tactic': 'Defense Evasion'}
• Affected user: asmith_590",2026-04-09 10:29:58.964355+00,2026-04-09 10:37:47.001566+00,468.037211
22ba5f1d-ee6b-4934-9e38-c4f2a49d98da,phishing,completed,A,true_positive,70,,10,"[{""id"": ""T1566"", ""name"": ""Phishing"", ""tactic"": ""Initial Access""}, {""id"": ""T1566.001"", ""name"": ""Spearphishing Attachment"", ""tactic"": ""Initial Access""}, {""id"": ""T1566.002"", ""name"": ""Spearphishing Link"", ""tactic"": ""Initial Access""}, {""id"": ""T1204.001"", ""name"": ""Malicious Link"", ""tactic"": ""Execution""}]","• CONFIRMED ATTACK detected from 10.200.3.84
• Credential harvesting indicators detected
• 4 indicator(s) found (domain, email, ipv4, username)
• HIGH RISK (70/100) — immediate action recommended
• MITRE ATT&CK: {'id': 'T1566', 'name': 'Phishing', 'tactic': 'Initial Access'}, {'id': 'T1566.001', 'name': 'Spearphishing Attachment', 'tactic': 'Initial Access'}, {'id': 'T1566.002', 'name': 'Spearphishing Link', 'tactic': 'Initial Access'}
• Affected user: Administrator_591",2026-04-09 10:29:59.492972+00,2026-04-09 10:40:49.857973+00,650.365001
6b79294f-2af7-4f54-96eb-8bd1c863202f,phishing,completed,A,true_positive,70,,10,"[{""id"": ""T1566"", ""name"": ""Phishing"", ""tactic"": ""Initial Access""}, {""id"": ""T1566.001"", ""name"": ""Spearphishing Attachment"", ""tactic"": ""Initial Access""}, {""id"": ""T1566.002"", ""name"": ""Spearphishing Link"", ""tactic"": ""Initial Access""}, {""id"": ""T1204.001"", ""name"": ""Malicious Link"", ""tactic"": ""Execution""}]","• CONFIRMED ATTACK detected from 10.200.3.85
• Credential harvesting indicators detected
• 4 indicator(s) found (domain, email, ipv4, username)
• HIGH RISK (70/100) — immediate action recommended
• MITRE ATT&CK: {'id': 'T1566', 'name': 'Phishing', 'tactic': 'Initial Access'}, {'id': 'T1566.001', 'name': 'Spearphishing Attachment', 'tactic': 'Initial Access'}, {'id': 'T1566.002', 'name': 'Spearphishing Link', 'tactic': 'Initial Access'}
• Affected user: golden_attacker_592",2026-04-09 10:30:00.01927+00,2026-04-09 10:37:31.826477+00,451.807207
4a55bee1-1902-4f79-a5f5-0b7aebb9aaf3,user_login,completed,A,benign,0,,2,[],"• Routine activity — no threat detected
• 2 indicator(s) found (ipv4, username)
• LOW RISK (0/100) — no action needed
• Affected user: SYSTEM_593",2026-04-09 10:30:00.54287+00,2026-04-09 10:36:08.010219+00,367.467349
9f07bbd4-9773-4ff9-8ed0-ff7fe0c960a7,scheduled_backup,completed,A,benign,0,,2,[],"• Routine activity — no threat detected
• 2 indicator(s) found (ipv4, username)
• LOW RISK (0/100) — no action needed
• Affected user: Administrator_594",2026-04-09 10:30:01.060581+00,2026-04-09 10:40:48.968751+00,647.908170
a1100769-3559-48d5-904f-056c353495ff,lolbin_abuse,completed,A,benign,15,,8,"[{""id"": ""T1218"", ""name"": ""System Binary Proxy Execution"", ""tactic"": ""Defense Evasion""}, {""id"": ""T1218.005"", ""name"": ""Mshta"", ""tactic"": ""Defense Evasion""}, {""id"": ""T1218.011"", ""name"": ""Rundll32"", ""tactic"": ""Defense Evasion""}]","• Routine activity — no threat detected
• URL targets suspicious executable: http://bad.host/stage2.ps1
• 3 indicator(s) found (ipv4, url, username)
• LOW RISK (15/100) — no action needed
• MITRE ATT&CK: {'id': 'T1218', 'name': 'System Binary Proxy Execution', 'tactic': 'Defense Evasion'}, {'id': 'T1218.005', 'name': 'Mshta', 'tactic': 'Defense Evasion'}, {'id': 'T1218.011', 'name': 'Rundll32', 'tactic': 'Defense Evasion'}
• Affected user: golden_attacker_595",2026-04-09 10:30:01.578529+00,2026-04-09 10:41:53.865913+00,712.287384
183081ce-33aa-4e7f-9e51-b9f4008e9ac4,phishing,completed,A,true_positive,70,,10,"[{""id"": ""T1566"", ""name"": ""Phishing"", ""tactic"": ""Initial Access""}, {""id"": ""T1566.001"", ""name"": ""Spearphishing Attachment"", ""tactic"": ""Initial Access""}, {""id"": ""T1566.002"", ""name"": ""Spearphishing Link"", ""tactic"": ""Initial Access""}, {""id"": ""T1204.001"", ""name"": ""Malicious Link"", ""tactic"": ""Execution""}]","• CONFIRMED ATTACK detected from 10.200.3.89
• Credential harvesting indicators detected
• 4 indicator(s) found (domain, email, ipv4, username)
• HIGH RISK (70/100) — immediate action recommended
• MITRE ATT&CK: {'id': 'T1566', 'name': 'Phishing', 'tactic': 'Initial Access'}, {'id': 'T1566.001', 'name': 'Spearphishing Attachment', 'tactic': 'Initial Access'}, {'id': 'T1566.002', 'name': 'Spearphishing Link', 'tactic': 'Initial Access'}
• Affected user: web_admin_596",2026-04-09 10:30:02.099701+00,2026-04-09 10:39:12.546772+00,550.447071
791c5efd-367d-4f34-962f-a4078a07b73a,password_change,completed,A,benign,0,,2,[],"• Routine activity — no threat detected
• 2 indicator(s) found (ipv4, username)
• LOW RISK (0/100) — no action needed
• Affected user: exfil_user_597",2026-04-09 10:30:02.618293+00,2026-04-09 10:39:18.06706+00,555.448767
4fd75f27-f968-4248-962f-8ce428193c78,ransomware,completed,A,true_positive,100,,8,"[{""id"": ""T1486"", ""name"": ""Data Encrypted for Impact"", ""tactic"": ""Impact""}, {""id"": ""T1490"", ""name"": ""Inhibit System Recovery"", ""tactic"": ""Impact""}, {""id"": ""T1059"", ""name"": ""Command and Scripting Interpreter"", ""tactic"": ""Execution""}, {""id"": ""T1547"", ""name"": ""Boot or Logon Autostart Execution"", ""tactic"": ""Persistence""}]","• CONFIRMED ATTACK detected from 10.200.3.91
• Shadow copy deletion detected (vssadmin delete shadows)
• 2 indicator(s) found (ipv4, username)
• HIGH RISK (100/100) — immediate action recommended
• MITRE ATT&CK: {'id': 'T1486', 'name': 'Data Encrypted for Impact', 'tactic': 'Impact'}, {'id': 'T1490', 'name': 'Inhibit System Recovery', 'tactic': 'Impact'}, {'id': 'T1059', 'name': 'Command and Scripting Interpreter', 'tactic': 'Execution'}
• Affected user: golden_attacker_598",2026-04-09 10:30:03.135157+00,2026-04-09 10:40:48.36613+00,645.230973
84b53461-b8b1-4e49-8ab8-c24382e93eff,lolbin_abuse,completed,A,true_positive,100,,8,"[{""id"": ""T1218"", ""name"": ""System Binary Proxy Execution"", ""tactic"": ""Defense Evasion""}, {""id"": ""T1218.005"", ""name"": ""Mshta"", ""tactic"": ""Defense Evasion""}, {""id"": ""T1218.011"", ""name"": ""Rundll32"", ""tactic"": ""Defense Evasion""}]","• CONFIRMED ATTACK detected from 10.200.3.92
• LOLBin abuse: certutil download via -urlcache
• 3 indicator(s) found (ipv4, url, username)
• HIGH RISK (100/100) — immediate action recommended
• MITRE ATT&CK: {'id': 'T1218', 'name': 'System Binary Proxy Execution', 'tactic': 'Defense Evasion'}, {'id': 'T1218.005', 'name': 'Mshta', 'tactic': 'Defense Evasion'}, {'id': 'T1218.011', 'name': 'Rundll32', 'tactic': 'Defense Evasion'}
• Affected user: sql_svc_599",2026-04-09 10:30:03.646796+00,2026-04-09 10:37:14.180393+00,430.533597
5d4fcdba-68fb-4510-a9ac-4c0a0e4e741d,lateral_movement,completed,A,true_positive,100,,8,"[{""id"": ""T1021"", ""name"": ""Remote Services"", ""tactic"": ""Lateral Movement""}, {""id"": ""T1021.002"", ""name"": ""SMB/Windows Admin Shares"", ""tactic"": ""Lateral Movement""}, {""id"": ""T1570"", ""name"": ""Lateral Tool Transfer"", ""tactic"": ""Lateral Movement""}, {""id"": ""T1047"", ""name"": ""Windows Management Instrumentation"", ""tactic"": ""Execution""}]","• CONFIRMED ATTACK detected from 10.200.3.93
• Detected ipv4: 10.0.40.180
• 3 indicator(s) found (ipv4, username)
• HIGH RISK (100/100) — immediate action recommended
• MITRE ATT&CK: {'id': 'T1021', 'name': 'Remote Services', 'tactic': 'Lateral Movement'}, {'id': 'T1021.002', 'name': 'SMB/Windows Admin Shares', 'tactic': 'Lateral Movement'}, {'id': 'T1570', 'name': 'Lateral Tool Transfer', 'tactic': 'Lateral Movement'}
• Affected user: SYSTEM_600",2026-04-09 10:30:04.163294+00,2026-04-09 10:34:20.258981+00,256.095687
3f309d99-ea34-4fc6-b81f-593961146380,phishing,completed,A,true_positive,70,,10,"[{""id"": ""T1566"", ""name"": ""Phishing"", ""tactic"": ""Initial Access""}, {""id"": ""T1566.001"", ""name"": ""Spearphishing Attachment"", ""tactic"": ""Initial Access""}, {""id"": ""T1566.002"", ""name"": ""Spearphishing Link"", ""tactic"": ""Initial Access""}, {""id"": ""T1204.001"", ""name"": ""Malicious Link"", ""tactic"": ""Execution""}]","• CONFIRMED ATTACK detected from 10.200.3.94
• Credential harvesting indicators detected
• 4 indicator(s) found (domain, email, ipv4, username)
• HIGH RISK (70/100) — immediate action recommended
• MITRE ATT&CK: {'id': 'T1566', 'name': 'Phishing', 'tactic': 'Initial Access'}, {'id': 'T1566.001', 'name': 'Spearphishing Attachment', 'tactic': 'Initial Access'}, {'id': 'T1566.002', 'name': 'Spearphishing Link', 'tactic': 'Initial Access'}
• Affected user: Administrator_601",2026-04-09 10:30:04.679194+00,2026-04-09 10:40:34.623143+00,629.943949
853c18dd-d747-4d83-b72d-0509a32dc590,ransomware,completed,A,true_positive,100,,8,"[{""id"": ""T1486"", ""name"": ""Data Encrypted for Impact"", ""tactic"": ""Impact""}, {""id"": ""T1490"", ""name"": ""Inhibit System Recovery"", ""tactic"": ""Impact""}, {""id"": ""T1059"", ""name"": ""Command and Scripting Interpreter"", ""tactic"": ""Execution""}, {""id"": ""T1547"", ""name"": ""Boot or Logon Autostart Execution"", ""tactic"": ""Persistence""}]","• CONFIRMED ATTACK detected from 10.200.3.95
• Shadow copy deletion detected (vssadmin delete shadows)
• 2 indicator(s) found (ipv4, username)
• HIGH RISK (100/100) — immediate action recommended
• MITRE ATT&CK: {'id': 'T1486', 'name': 'Data Encrypted for Impact', 'tactic': 'Impact'}, {'id': 'T1490', 'name': 'Inhibit System Recovery', 'tactic': 'Impact'}, {'id': 'T1059', 'name': 'Command and Scripting Interpreter', 'tactic': 'Execution'}
• Affected user: data_thief_602",2026-04-09 10:30:05.193075+00,2026-04-09 10:38:23.210249+00,498.017174
d5dfc0aa-801a-4fd5-979b-a21f147cb700,kerberoasting,completed,A,true_positive,100,,7,"[{""id"": ""T1558.003"", ""name"": ""Kerberoasting"", ""tactic"": ""Credential Access""}]","• CONFIRMED ATTACK detected from 10.200.3.96
• SPN enumeration detected — Kerberoasting recon
• 3 indicator(s) found (ipv4, service_name, username)
• HIGH RISK (100/100) — immediate action recommended
• MITRE ATT&CK: {'id': 'T1558.003', 'name': 'Kerberoasting', 'tactic': 'Credential Access'}
• Affected user: exfil_user_603",2026-04-09 10:30:05.706463+00,2026-04-09 10:39:22.321714+00,556.615251
bf13b382-1ed0-4e2f-be3a-b6d501dbd248,data_exfiltration,completed,A,true_positive,100,,8,"[{""id"": ""T1041"", ""name"": ""Exfiltration Over C2 Channel"", ""tactic"": ""Exfiltration""}, {""id"": ""T1567"", ""name"": ""Exfiltration Over Web Service"", ""tactic"": ""Exfiltration""}, {""id"": ""T1048"", ""name"": ""Exfiltration Over Alternative Protocol"", ""tactic"": ""Exfiltration""}]","• CONFIRMED ATTACK detected from 10.200.3.97
• Large data transfer: 5.2 GB
• 3 indicator(s) found (ipv4, username)
• HIGH RISK (100/100) — immediate action recommended
• MITRE ATT&CK: {'id': 'T1041', 'name': 'Exfiltration Over C2 Channel', 'tactic': 'Exfiltration'}, {'id': 'T1567', 'name': 'Exfiltration Over Web Service', 'tactic': 'Exfiltration'}, {'id': 'T1048', 'name': 'Exfiltration Over Alternative Protocol', 'tactic': 'Exfiltration'}
• Affected user: compromised_604",2026-04-09 10:30:06.249004+00,2026-04-09 10:34:17.661107+00,251.412103
adbbe9d3-fb8b-4507-82a4-d557216901ad,kerberoasting,completed,A,true_positive,100,,7,"[{""id"": ""T1558.003"", ""name"": ""Kerberoasting"", ""tactic"": ""Credential Access""}]","• CONFIRMED ATTACK detected from 10.200.3.98
• SPN enumeration detected — Kerberoasting recon
• 3 indicator(s) found (ipv4, service_name, username)
• HIGH RISK (100/100) — immediate action recommended
• MITRE ATT&CK: {'id': 'T1558.003', 'name': 'Kerberoasting', 'tactic': 'Credential Access'}
• Affected user: Administrator_605",2026-04-09 10:30:06.772551+00,2026-04-09 10:40:20.986059+00,614.213508
7e2f48bb-5973-4515-bca8-b3a605642f38,scheduled_backup,completed,A,benign,0,,2,[],"• Routine activity — no threat detected
• 2 indicator(s) found (ipv4, username)
• LOW RISK (0/100) — no action needed
• Affected user: jdoe_606",2026-04-09 10:30:07.334913+00,2026-04-09 10:39:39.998199+00,572.663286
97cfeb4c-7bea-4389-83ec-98251eb769b8,lateral_movement,completed,A,true_positive,100,,8,"[{""id"": ""T1021"", ""name"": ""Remote Services"", ""tactic"": ""Lateral Movement""}, {""id"": ""T1021.002"", ""name"": ""SMB/Windows Admin Shares"", ""tactic"": ""Lateral Movement""}, {""id"": ""T1570"", ""name"": ""Lateral Tool Transfer"", ""tactic"": ""Lateral Movement""}, {""id"": ""T1047"", ""name"": ""Windows Management Instrumentation"", ""tactic"": ""Execution""}]","• CONFIRMED ATTACK detected from 10.200.3.100
• Detected ipv4: 10.0.20.38
• 3 indicator(s) found (ipv4, username)
• HIGH RISK (100/100) — immediate action recommended
• MITRE ATT&CK: {'id': 'T1021', 'name': 'Remote Services', 'tactic': 'Lateral Movement'}, {'id': 'T1021.002', 'name': 'SMB/Windows Admin Shares', 'tactic': 'Lateral Movement'}, {'id': 'T1570', 'name': 'Lateral Tool Transfer', 'tactic': 'Lateral Movement'}
• Affected user: asmith_607",2026-04-09 10:30:07.87453+00,2026-04-09 10:41:54.583365+00,706.708835
17b224bb-92cb-405e-adeb-0aa25efcc041,password_change,completed,A,benign,0,,2,[],"• Routine activity — no threat detected
• 2 indicator(s) found (ipv4, username)
• LOW RISK (0/100) — no action needed
• Affected user: root_608",2026-04-09 10:30:08.450968+00,2026-04-09 10:36:12.400925+00,363.949957
e6be4dcf-7230-4bf5-8710-1c5b96fb0d8b,brute_force,completed,A,true_positive,95,,7,"[{""id"": ""T1110"", ""name"": ""Brute Force"", ""tactic"": ""Credential Access""}, {""id"": ""T1110.001"", ""name"": ""Password Guessing"", ""tactic"": ""Credential Access""}, {""id"": ""T1110.003"", ""name"": ""Password Spraying"", ""tactic"": ""Credential Access""}]","• CONFIRMED ATTACK detected from 10.200.3.102
• Attack Signal: Command injection
• 2 indicator(s) found (ipv4, username)
• HIGH RISK (95/100) — immediate action recommended
• MITRE ATT&CK: {'id': 'T1110', 'name': 'Brute Force', 'tactic': 'Credential Access'}, {'id': 'T1110.001', 'name': 'Password Guessing', 'tactic': 'Credential Access'}, {'id': 'T1110.003', 'name': 'Password Spraying', 'tactic': 'Credential Access'}
• Affected user: sql_svc_609",2026-04-09 10:30:08.963002+00,2026-04-09 10:36:11.721003+00,362.758001
d7644111-8f8f-45c7-9180-36a3e55187df,lolbin_abuse,completed,A,true_positive,100,,8,"[{""id"": ""T1218"", ""name"": ""System Binary Proxy Execution"", ""tactic"": ""Defense Evasion""}, {""id"": ""T1218.005"", ""name"": ""Mshta"", ""tactic"": ""Defense Evasion""}, {""id"": ""T1218.011"", ""name"": ""Rundll32"", ""tactic"": ""Defense Evasion""}]","• CONFIRMED ATTACK detected from 10.200.3.103
• LOLBin abuse: certutil download via -urlcache
• 3 indicator(s) found (ipv4, url, username)
• HIGH RISK (100/100) — immediate action recommended
• MITRE ATT&CK: {'id': 'T1218', 'name': 'System Binary Proxy Execution', 'tactic': 'Defense Evasion'}, {'id': 'T1218.005', 'name': 'Mshta', 'tactic': 'Defense Evasion'}, {'id': 'T1218.011', 'name': 'Rundll32', 'tactic': 'Defense Evasion'}
• Affected user: web_admin_610",2026-04-09 10:30:09.514387+00,2026-04-09 10:42:21.940631+00,732.426244
bcf74b6f-21f4-462c-b5ce-ff36fe37fea3,golden_ticket,completed,A,true_positive,100,,7,"[{""id"": ""T1558.001"", ""name"": ""Golden Ticket"", ""tactic"": ""Credential Access""}]","• CONFIRMED ATTACK detected from 10.200.3.104
• Forged Kerberos ticket detected
• 2 indicator(s) found (ipv4, username)
• HIGH RISK (100/100) — immediate action recommended
• MITRE ATT&CK: {'id': 'T1558.001', 'name': 'Golden Ticket', 'tactic': 'Credential Access'}
• Affected user: user2_611",2026-04-09 10:30:10.05372+00,2026-04-09 10:39:03.571788+00,533.518068
9c0e76ab-aaf7-4c1a-9997-694a7e2216c6,brute_force,completed,A,true_positive,95,,7,"[{""id"": ""T1110"", ""name"": ""Brute Force"", ""tactic"": ""Credential Access""}, {""id"": ""T1110.001"", ""name"": ""Password Guessing"", ""tactic"": ""Credential Access""}, {""id"": ""T1110.003"", ""name"": ""Password Spraying"", ""tactic"": ""Credential Access""}]","• CONFIRMED ATTACK detected from 10.200.3.105
• Attack Signal: Command injection
• 2 indicator(s) found (ipv4, username)
• HIGH RISK (95/100) — immediate action recommended
• MITRE ATT&CK: {'id': 'T1110', 'name': 'Brute Force', 'tactic': 'Credential Access'}, {'id': 'T1110.001', 'name': 'Password Guessing', 'tactic': 'Credential Access'}, {'id': 'T1110.003', 'name': 'Password Spraying', 'tactic': 'Credential Access'}
• Affected user: krbtgt_612",2026-04-09 10:30:10.582439+00,2026-04-09 10:37:38.892148+00,448.309709
a6ee2f4f-e86f-4387-bc4a-d191152a0282,golden_ticket,completed,A,true_positive,100,,7,"[{""id"": ""T1558.001"", ""name"": ""Golden Ticket"", ""tactic"": ""Credential Access""}]","• CONFIRMED ATTACK detected from 10.200.3.106
• Forged Kerberos ticket detected
• 2 indicator(s) found (ipv4, username)
• HIGH RISK (100/100) — immediate action recommended
• MITRE ATT&CK: {'id': 'T1558.001', 'name': 'Golden Ticket', 'tactic': 'Credential Access'}
• Affected user: exfil_user_613",2026-04-09 10:30:11.100141+00,2026-04-09 10:32:44.630551+00,153.530410
006d0ab5-7f80-4a3b-a017-9af40f088871,lateral_movement,completed,A,true_positive,100,,8,"[{""id"": ""T1021"", ""name"": ""Remote Services"", ""tactic"": ""Lateral Movement""}, {""id"": ""T1021.002"", ""name"": ""SMB/Windows Admin Shares"", ""tactic"": ""Lateral Movement""}, {""id"": ""T1570"", ""name"": ""Lateral Tool Transfer"", ""tactic"": ""Lateral Movement""}, {""id"": ""T1047"", ""name"": ""Windows Management Instrumentation"", ""tactic"": ""Execution""}]","• CONFIRMED ATTACK detected from 10.200.3.107
• Detected ipv4: 10.0.20.247
• 3 indicator(s) found (ipv4, username)
• HIGH RISK (100/100) — immediate action recommended
• MITRE ATT&CK: {'id': 'T1021', 'name': 'Remote Services', 'tactic': 'Lateral Movement'}, {'id': 'T1021.002', 'name': 'SMB/Windows Admin Shares', 'tactic': 'Lateral Movement'}, {'id': 'T1570', 'name': 'Lateral Tool Transfer', 'tactic': 'Lateral Movement'}
• Affected user: golden_attacker_614",2026-04-09 10:30:11.618103+00,2026-04-09 10:33:34.697317+00,203.079214
b9bb0c9f-025a-4f82-aa5f-91453edffefc,health_check,completed,A,benign,0,,2,[],"• Routine activity — no threat detected
• 2 indicator(s) found (ipv4, username)
• LOW RISK (0/100) — no action needed
• Affected user: golden_attacker_615",2026-04-09 10:30:12.129613+00,2026-04-09 10:42:24.919234+00,732.789621
d2a72e50-0d20-41ec-93fa-699d2ea81818,scheduled_backup,completed,A,benign,0,,2,[],"• Routine activity — no threat detected
• 2 indicator(s) found (ipv4, username)
• LOW RISK (0/100) — no action needed
• Affected user: user2_616",2026-04-09 10:30:12.647213+00,2026-04-09 10:40:10.267601+00,597.620388
0268502d-5b69-48b2-9ba4-3db4743f550e,phishing,completed,A,true_positive,80,,10,"[{""id"": ""T1566"", ""name"": ""Phishing"", ""tactic"": ""Initial Access""}, {""id"": ""T1566.001"", ""name"": ""Spearphishing Attachment"", ""tactic"": ""Initial Access""}, {""id"": ""T1566.002"", ""name"": ""Spearphishing Link"", ""tactic"": ""Initial Access""}, {""id"": ""T1204.001"", ""name"": ""Malicious Link"", ""tactic"": ""Execution""}]","• CONFIRMED ATTACK detected from 10.200.3.110
• Urgency/social engineering language detected
• 4 indicator(s) found (domain, email, ipv4, username)
• HIGH RISK (80/100) — immediate action recommended
• MITRE ATT&CK: {'id': 'T1566', 'name': 'Phishing', 'tactic': 'Initial Access'}, {'id': 'T1566.001', 'name': 'Spearphishing Attachment', 'tactic': 'Initial Access'}, {'id': 'T1566.002', 'name': 'Spearphishing Link', 'tactic': 'Initial Access'}
• Affected user: SYSTEM_617",2026-04-09 10:30:13.161616+00,2026-04-09 10:42:15.593024+00,722.431408
0dd8a802-b6cb-49d0-a095-6e62bdcec714,lolbin_abuse,completed,A,true_positive,100,,8,"[{""id"": ""T1218"", ""name"": ""System Binary Proxy Execution"", ""tactic"": ""Defense Evasion""}, {""id"": ""T1218.005"", ""name"": ""Mshta"", ""tactic"": ""Defense Evasion""}, {""id"": ""T1218.011"", ""name"": ""Rundll32"", ""tactic"": ""Defense Evasion""}]","• CONFIRMED ATTACK detected from 10.200.3.111
• LOLBin abuse: certutil download via -urlcache
• 3 indicator(s) found (ipv4, url, username)
• HIGH RISK (100/100) — immediate action recommended
• MITRE ATT&CK: {'id': 'T1218', 'name': 'System Binary Proxy Execution', 'tactic': 'Defense Evasion'}, {'id': 'T1218.005', 'name': 'Mshta', 'tactic': 'Defense Evasion'}, {'id': 'T1218.011', 'name': 'Rundll32', 'tactic': 'Defense Evasion'}
• Affected user: user2_618",2026-04-09 10:30:13.67567+00,2026-04-09 10:40:12.646751+00,598.971081
d076312d-7bd9-42cf-b105-61b3ee76a5e6,phishing,completed,A,true_positive,85,,10,"[{""id"": ""T1566"", ""name"": ""Phishing"", ""tactic"": ""Initial Access""}, {""id"": ""T1566.001"", ""name"": ""Spearphishing Attachment"", ""tactic"": ""Initial Access""}, {""id"": ""T1566.002"", ""name"": ""Spearphishing Link"", ""tactic"": ""Initial Access""}, {""id"": ""T1204.001"", ""name"": ""Malicious Link"", ""tactic"": ""Execution""}]","• CONFIRMED ATTACK detected from 10.200.3.112
• Urgency/social engineering language detected
• 5 indicator(s) found (domain, email, ipv4, url, username)
• HIGH RISK (85/100) — immediate action recommended
• MITRE ATT&CK: {'id': 'T1566', 'name': 'Phishing', 'tactic': 'Initial Access'}, {'id': 'T1566.001', 'name': 'Spearphishing Attachment', 'tactic': 'Initial Access'}, {'id': 'T1566.002', 'name': 'Spearphishing Link', 'tactic': 'Initial Access'}
• Affected user: SYSTEM_619",2026-04-09 10:30:14.199478+00,2026-04-09 10:39:51.493634+00,577.294156
8dd76057-50f2-4143-a76a-18115fcb27ff,phishing,completed,A,true_positive,80,,10,"[{""id"": ""T1566"", ""name"": ""Phishing"", ""tactic"": ""Initial Access""}, {""id"": ""T1566.001"", ""name"": ""Spearphishing Attachment"", ""tactic"": ""Initial Access""}, {""id"": ""T1566.002"", ""name"": ""Spearphishing Link"", ""tactic"": ""Initial Access""}, {""id"": ""T1204.001"", ""name"": ""Malicious Link"", ""tactic"": ""Execution""}]","• CONFIRMED ATTACK detected from 10.200.3.113
• Urgency/social engineering language detected
• 4 indicator(s) found (domain, email, ipv4, username)
• HIGH RISK (80/100) — immediate action recommended
• MITRE ATT&CK: {'id': 'T1566', 'name': 'Phishing', 'tactic': 'Initial Access'}, {'id': 'T1566.001', 'name': 'Spearphishing Attachment', 'tactic': 'Initial Access'}, {'id': 'T1566.002', 'name': 'Spearphishing Link', 'tactic': 'Initial Access'}
• Affected user: krbtgt_620",2026-04-09 10:30:14.716782+00,2026-04-09 10:41:53.711394+00,698.994612
4e9d4575-a8f5-42db-8e60-66a4ed98be4a,phishing,completed,A,true_positive,85,,10,"[{""id"": ""T1566"", ""name"": ""Phishing"", ""tactic"": ""Initial Access""}, {""id"": ""T1566.001"", ""name"": ""Spearphishing Attachment"", ""tactic"": ""Initial Access""}, {""id"": ""T1566.002"", ""name"": ""Spearphishing Link"", ""tactic"": ""Initial Access""}, {""id"": ""T1204.001"", ""name"": ""Malicious Link"", ""tactic"": ""Execution""}]","• CONFIRMED ATTACK detected from 10.200.3.114
• Urgency/social engineering language detected
• 5 indicator(s) found (domain, email, ipv4, url, username)
• HIGH RISK (85/100) — immediate action recommended
• MITRE ATT&CK: {'id': 'T1566', 'name': 'Phishing', 'tactic': 'Initial Access'}, {'id': 'T1566.001', 'name': 'Spearphishing Attachment', 'tactic': 'Initial Access'}, {'id': 'T1566.002', 'name': 'Spearphishing Link', 'tactic': 'Initial Access'}
• Affected user: data_thief_621",2026-04-09 10:30:15.22972+00,2026-04-09 10:42:15.827464+00,720.597744
5c848731-45a6-4fe2-bdf5-062f1e3af075,c2_communication,completed,A,true_positive,100,,8,"[{""id"": ""T1071"", ""name"": ""Application Layer Protocol"", ""tactic"": ""Command and Control""}, {""id"": ""T1573"", ""name"": ""Encrypted Channel"", ""tactic"": ""Command and Control""}, {""id"": ""T1105"", ""name"": ""Ingress Tool Transfer"", ""tactic"": ""Command and Control""}, {""id"": ""T1571"", ""name"": ""Non-Standard Port"", ""tactic"": ""Command and Control""}]","• CONFIRMED ATTACK detected from 10.200.3.115
• Regular beacon interval detected: 30.0s (stddev=0.5)
• 3 indicator(s) found (ipv4, username)
• HIGH RISK (100/100) — immediate action recommended
• MITRE ATT&CK: {'id': 'T1071', 'name': 'Application Layer Protocol', 'tactic': 'Command and Control'}, {'id': 'T1573', 'name': 'Encrypted Channel', 'tactic': 'Command and Control'}, {'id': 'T1105', 'name': 'Ingress Tool Transfer', 'tactic': 'Command and Control'}
• Affected user: SYSTEM_622",2026-04-09 10:30:15.744689+00,2026-04-09 10:36:01.075837+00,345.331148
ffac8190-8b48-4b18-94d6-1c5922a6da83,windows_update,completed,A,benign,0,,2,[],"• Routine activity — no threat detected
• 2 indicator(s) found (ipv4, username)
• LOW RISK (0/100) — no action needed
• Affected user: svc_backup_623",2026-04-09 10:30:16.26093+00,2026-04-09 10:40:48.759269+00,632.498339
0ca401d4-1455-4646-bed5-be8d03b91802,c2_communication,pending,,,,,,,,2026-04-09 10:30:16.775352+00,,
f8bd6ee7-a7fe-4113-9600-41b4a174cd56,password_change,completed,A,benign,0,,2,[],"• Routine activity — no threat detected
• 2 indicator(s) found (ipv4, username)
• LOW RISK (0/100) — no action needed
• Affected user: svc_backup_625",2026-04-09 10:30:17.286895+00,2026-04-09 10:39:44.909917+00,567.623022
eacfb330-7b9c-4bf0-8cfe-7d71114c24e0,lolbin_abuse,completed,A,true_positive,100,,8,"[{""id"": ""T1218"", ""name"": ""System Binary Proxy Execution"", ""tactic"": ""Defense Evasion""}, {""id"": ""T1218.005"", ""name"": ""Mshta"", ""tactic"": ""Defense Evasion""}, {""id"": ""T1218.011"", ""name"": ""Rundll32"", ""tactic"": ""Defense Evasion""}]","• CONFIRMED ATTACK detected from 10.200.3.119
• LOLBin abuse: certutil download via -urlcache
• 3 indicator(s) found (ipv4, url, username)
• HIGH RISK (100/100) — immediate action recommended
• MITRE ATT&CK: {'id': 'T1218', 'name': 'System Binary Proxy Execution', 'tactic': 'Defense Evasion'}, {'id': 'T1218.005', 'name': 'Mshta', 'tactic': 'Defense Evasion'}, {'id': 'T1218.011', 'name': 'Rundll32', 'tactic': 'Defense Evasion'}
• Affected user: jsmith_626",2026-04-09 10:30:17.808544+00,2026-04-09 10:42:15.330462+00,717.521918
ccc579e6-791b-4737-83d7-68ff662627cf,c2_communication,completed,A,true_positive,100,,8,"[{""id"": ""T1071"", ""name"": ""Application Layer Protocol"", ""tactic"": ""Command and Control""}, {""id"": ""T1573"", ""name"": ""Encrypted Channel"", ""tactic"": ""Command and Control""}, {""id"": ""T1105"", ""name"": ""Ingress Tool Transfer"", ""tactic"": ""Command and Control""}, {""id"": ""T1571"", ""name"": ""Non-Standard Port"", ""tactic"": ""Command and Control""}]","• CONFIRMED ATTACK detected from 10.200.3.120
• Regular beacon interval detected: 30.0s (stddev=0.5)
• 3 indicator(s) found (ipv4, username)
• HIGH RISK (100/100) — immediate action recommended
• MITRE ATT&CK: {'id': 'T1071', 'name': 'Application Layer Protocol', 'tactic': 'Command and Control'}, {'id': 'T1573', 'name': 'Encrypted Channel', 'tactic': 'Command and Control'}, {'id': 'T1105', 'name': 'Ingress Tool Transfer', 'tactic': 'Command and Control'}
• Affected user: sql_svc_627",2026-04-09 10:30:18.32065+00,2026-04-09 10:41:44.862195+00,686.541545
2184b207-df9f-4bfd-9246-d51a6188c20b,phishing,completed,A,true_positive,70,,10,"[{""id"": ""T1566"", ""name"": ""Phishing"", ""tactic"": ""Initial Access""}, {""id"": ""T1566.001"", ""name"": ""Spearphishing Attachment"", ""tactic"": ""Initial Access""}, {""id"": ""T1566.002"", ""name"": ""Spearphishing Link"", ""tactic"": ""Initial Access""}, {""id"": ""T1204.001"", ""name"": ""Malicious Link"", ""tactic"": ""Execution""}]","• CONFIRMED ATTACK detected from 10.200.3.121
• Credential harvesting indicators detected
• 4 indicator(s) found (domain, email, ipv4, username)
• HIGH RISK (70/100) — immediate action recommended
• MITRE ATT&CK: {'id': 'T1566', 'name': 'Phishing', 'tactic': 'Initial Access'}, {'id': 'T1566.001', 'name': 'Spearphishing Attachment', 'tactic': 'Initial Access'}, {'id': 'T1566.002', 'name': 'Spearphishing Link', 'tactic': 'Initial Access'}
• Affected user: exfil_user_628",2026-04-09 10:30:18.836286+00,2026-04-09 10:41:20.065981+00,661.229695
b27c8a9f-5445-41a4-b8d9-341091a399b4,lateral_movement,completed,A,true_positive,100,,8,"[{""id"": ""T1021"", ""name"": ""Remote Services"", ""tactic"": ""Lateral Movement""}, {""id"": ""T1021.002"", ""name"": ""SMB/Windows Admin Shares"", ""tactic"": ""Lateral Movement""}, {""id"": ""T1570"", ""name"": ""Lateral Tool Transfer"", ""tactic"": ""Lateral Movement""}, {""id"": ""T1047"", ""name"": ""Windows Management Instrumentation"", ""tactic"": ""Execution""}]","• CONFIRMED ATTACK detected from 10.200.3.122
• Detected ipv4: 10.0.50.6
• 3 indicator(s) found (ipv4, username)
• HIGH RISK (100/100) — immediate action recommended
• MITRE ATT&CK: {'id': 'T1021', 'name': 'Remote Services', 'tactic': 'Lateral Movement'}, {'id': 'T1021.002', 'name': 'SMB/Windows Admin Shares', 'tactic': 'Lateral Movement'}, {'id': 'T1570', 'name': 'Lateral Tool Transfer', 'tactic': 'Lateral Movement'}
• Affected user: compromised_629",2026-04-09 10:30:19.34879+00,2026-04-09 10:41:19.130897+00,659.782107
642bf552-bd4a-48cf-9e6f-a79c83c535d9,brute_force,completed,A,true_positive,95,,7,"[{""id"": ""T1110"", ""name"": ""Brute Force"", ""tactic"": ""Credential Access""}, {""id"": ""T1110.001"", ""name"": ""Password Guessing"", ""tactic"": ""Credential Access""}, {""id"": ""T1110.003"", ""name"": ""Password Spraying"", ""tactic"": ""Credential Access""}]","• CONFIRMED ATTACK detected from 10.200.3.123
• Attack Signal: Command injection
• 2 indicator(s) found (ipv4, username)
• HIGH RISK (95/100) — immediate action recommended
• MITRE ATT&CK: {'id': 'T1110', 'name': 'Brute Force', 'tactic': 'Credential Access'}, {'id': 'T1110.001', 'name': 'Password Guessing', 'tactic': 'Credential Access'}, {'id': 'T1110.003', 'name': 'Password Spraying', 'tactic': 'Credential Access'}
• Affected user: admin_630",2026-04-09 10:30:19.865092+00,2026-04-09 10:40:48.558265+00,628.693173
b8f40538-6f90-4b84-920f-e45bfcda7c13,phishing,completed,A,true_positive,80,,10,"[{""id"": ""T1566"", ""name"": ""Phishing"", ""tactic"": ""Initial Access""}, {""id"": ""T1566.001"", ""name"": ""Spearphishing Attachment"", ""tactic"": ""Initial Access""}, {""id"": ""T1566.002"", ""name"": ""Spearphishing Link"", ""tactic"": ""Initial Access""}, {""id"": ""T1204.001"", ""name"": ""Malicious Link"", ""tactic"": ""Execution""}]","• CONFIRMED ATTACK detected from 10.200.3.124
• Urgency/social engineering language detected
• 4 indicator(s) found (domain, email, ipv4, username)
• HIGH RISK (80/100) — immediate action recommended
• MITRE ATT&CK: {'id': 'T1566', 'name': 'Phishing', 'tactic': 'Initial Access'}, {'id': 'T1566.001', 'name': 'Spearphishing Attachment', 'tactic': 'Initial Access'}, {'id': 'T1566.002', 'name': 'Spearphishing Link', 'tactic': 'Initial Access'}
• Affected user: root_631",2026-04-09 10:30:20.378771+00,2026-04-09 10:39:18.029562+00,537.650791
8933a20e-68f2-4706-8a1b-d2b8e8e99725,scheduled_backup,completed,A,benign,0,,2,[],"• Routine activity — no threat detected
• 2 indicator(s) found (ipv4, username)
• LOW RISK (0/100) — no action needed
• Affected user: SYSTEM_632",2026-04-09 10:30:20.892421+00,2026-04-09 10:34:35.29113+00,254.398709
eae76576-8b49-4029-98c9-e718daf7f182,scheduled_backup,completed,A,benign,0,,2,[],"• Routine activity — no threat detected
• 2 indicator(s) found (ipv4, username)
• LOW RISK (0/100) — no action needed
• Affected user: compromised_633",2026-04-09 10:30:21.403218+00,2026-04-09 10:41:20.945287+00,659.542069
ad149885-a33b-4a2c-9088-b94bd31043bf,scheduled_backup,completed,A,benign,0,,2,[],"• Routine activity — no threat detected
• 2 indicator(s) found (ipv4, username)
• LOW RISK (0/100) — no action needed
• Affected user: krbtgt_634",2026-04-09 10:30:21.919554+00,2026-04-09 10:38:20.281447+00,478.361893
0ded17fd-4e46-40c7-82da-af96b235c56e,brute_force,completed,A,true_positive,95,,7,"[{""id"": ""T1110"", ""name"": ""Brute Force"", ""tactic"": ""Credential Access""}, {""id"": ""T1110.001"", ""name"": ""Password Guessing"", ""tactic"": ""Credential Access""}, {""id"": ""T1110.003"", ""name"": ""Password Spraying"", ""tactic"": ""Credential Access""}]","• CONFIRMED ATTACK detected from 10.200.3.128
• Attack Signal: Command injection
• 2 indicator(s) found (ipv4, username)
• HIGH RISK (95/100) — immediate action recommended
• MITRE ATT&CK: {'id': 'T1110', 'name': 'Brute Force', 'tactic': 'Credential Access'}, {'id': 'T1110.001', 'name': 'Password Guessing', 'tactic': 'Credential Access'}, {'id': 'T1110.003', 'name': 'Password Spraying', 'tactic': 'Credential Access'}
• Affected user: golden_attacker_635",2026-04-09 10:30:22.434061+00,2026-04-09 10:35:47.822335+00,325.388274
d19e8d14-82f0-4cad-bb80-b73d6f30dc29,lateral_movement,completed,A,true_positive,100,,8,"[{""id"": ""T1021"", ""name"": ""Remote Services"", ""tactic"": ""Lateral Movement""}, {""id"": ""T1021.002"", ""name"": ""SMB/Windows Admin Shares"", ""tactic"": ""Lateral Movement""}, {""id"": ""T1570"", ""name"": ""Lateral Tool Transfer"", ""tactic"": ""Lateral Movement""}, {""id"": ""T1047"", ""name"": ""Windows Management Instrumentation"", ""tactic"": ""Execution""}]","• CONFIRMED ATTACK detected from 10.200.3.129
• Detected ipv4: 10.0.40.129
• 3 indicator(s) found (ipv4, username)
• HIGH RISK (100/100) — immediate action recommended
• MITRE ATT&CK: {'id': 'T1021', 'name': 'Remote Services', 'tactic': 'Lateral Movement'}, {'id': 'T1021.002', 'name': 'SMB/Windows Admin Shares', 'tactic': 'Lateral Movement'}, {'id': 'T1570', 'name': 'Lateral Tool Transfer', 'tactic': 'Lateral Movement'}
• Affected user: user2_636",2026-04-09 10:30:22.946399+00,2026-04-09 10:38:43.858429+00,500.912030
b3d1f0ff-d3df-4e1b-9a79-dce7bce6144f,data_exfiltration,completed,A,true_positive,100,,8,"[{""id"": ""T1041"", ""name"": ""Exfiltration Over C2 Channel"", ""tactic"": ""Exfiltration""}, {""id"": ""T1567"", ""name"": ""Exfiltration Over Web Service"", ""tactic"": ""Exfiltration""}, {""id"": ""T1048"", ""name"": ""Exfiltration Over Alternative Protocol"", ""tactic"": ""Exfiltration""}]","• CONFIRMED ATTACK detected from 10.200.3.130
• Large data transfer: 5.2 GB
• 3 indicator(s) found (ipv4, username)
• HIGH RISK (100/100) — immediate action recommended
• MITRE ATT&CK: {'id': 'T1041', 'name': 'Exfiltration Over C2 Channel', 'tactic': 'Exfiltration'}, {'id': 'T1567', 'name': 'Exfiltration Over Web Service', 'tactic': 'Exfiltration'}, {'id': 'T1048', 'name': 'Exfiltration Over Alternative Protocol', 'tactic': 'Exfiltration'}
• Affected user: jdoe_637",2026-04-09 10:30:23.459402+00,2026-04-09 10:39:19.807371+00,536.347969
fc849a81-5cab-4313-81b4-f1de3106b11e,password_change,completed,A,benign,0,,2,[],"• Routine activity — no threat detected
• 2 indicator(s) found (ipv4, username)
• LOW RISK (0/100) — no action needed
• Affected user: web_admin_638",2026-04-09 10:30:23.972268+00,2026-04-09 10:41:54.142902+00,690.170634
363babf4-05cc-410c-bce6-517058e4ce0b,lolbin_abuse,completed,A,true_positive,100,,8,"[{""id"": ""T1218"", ""name"": ""System Binary Proxy Execution"", ""tactic"": ""Defense Evasion""}, {""id"": ""T1218.005"", ""name"": ""Mshta"", ""tactic"": ""Defense Evasion""}, {""id"": ""T1218.011"", ""name"": ""Rundll32"", ""tactic"": ""Defense Evasion""}]","• CONFIRMED ATTACK detected from 10.200.3.132
• LOLBin abuse: certutil download via -urlcache
• 3 indicator(s) found (ipv4, url, username)
• HIGH RISK (100/100) — immediate action recommended
• MITRE ATT&CK: {'id': 'T1218', 'name': 'System Binary Proxy Execution', 'tactic': 'Defense Evasion'}, {'id': 'T1218.005', 'name': 'Mshta', 'tactic': 'Defense Evasion'}, {'id': 'T1218.011', 'name': 'Rundll32', 'tactic': 'Defense Evasion'}
• Affected user: compromised_639",2026-04-09 10:30:24.48293+00,2026-04-09 10:42:22.565553+00,718.082623
03283d5e-362b-4810-92a6-cb9c40c334e3,password_change,completed,A,benign,0,,2,[],"• Routine activity — no threat detected
• 2 indicator(s) found (ipv4, username)
• LOW RISK (0/100) — no action needed
• Affected user: backup_svc_640",2026-04-09 10:30:25.006815+00,2026-04-09 10:39:20.777715+00,535.770900
bf637d10-91b9-4e7d-8487-4d3ca97cf890,lolbin_abuse,completed,A,true_positive,100,,8,"[{""id"": ""T1218"", ""name"": ""System Binary Proxy Execution"", ""tactic"": ""Defense Evasion""}, {""id"": ""T1218.005"", ""name"": ""Mshta"", ""tactic"": ""Defense Evasion""}, {""id"": ""T1218.011"", ""name"": ""Rundll32"", ""tactic"": ""Defense Evasion""}]","• CONFIRMED ATTACK detected from 10.200.3.134
• LOLBin abuse: certutil download via -urlcache
• 3 indicator(s) found (ipv4, url, username)
• HIGH RISK (100/100) — immediate action recommended
• MITRE ATT&CK: {'id': 'T1218', 'name': 'System Binary Proxy Execution', 'tactic': 'Defense Evasion'}, {'id': 'T1218.005', 'name': 'Mshta', 'tactic': 'Defense Evasion'}, {'id': 'T1218.011', 'name': 'Rundll32', 'tactic': 'Defense Evasion'}
• Affected user: sql_svc_641",2026-04-09 10:30:25.518943+00,2026-04-09 10:35:11.357026+00,285.838083
5ef761f0-1b14-4591-868b-62f68d0b8076,phishing,completed,A,true_positive,85,,10,"[{""id"": ""T1566"", ""name"": ""Phishing"", ""tactic"": ""Initial Access""}, {""id"": ""T1566.001"", ""name"": ""Spearphishing Attachment"", ""tactic"": ""Initial Access""}, {""id"": ""T1566.002"", ""name"": ""Spearphishing Link"", ""tactic"": ""Initial Access""}, {""id"": ""T1204.001"", ""name"": ""Malicious Link"", ""tactic"": ""Execution""}]","• CONFIRMED ATTACK detected from 10.200.3.135
• Urgency/social engineering language detected
• 5 indicator(s) found (domain, email, ipv4, url, username)
• HIGH RISK (85/100) — immediate action recommended
• MITRE ATT&CK: {'id': 'T1566', 'name': 'Phishing', 'tactic': 'Initial Access'}, {'id': 'T1566.001', 'name': 'Spearphishing Attachment', 'tactic': 'Initial Access'}, {'id': 'T1566.002', 'name': 'Spearphishing Link', 'tactic': 'Initial Access'}
• Affected user: asmith_642",2026-04-09 10:30:26.032435+00,2026-04-09 10:35:21.01887+00,294.986435
919e194d-df4b-46ed-a9a0-bfc2b0620235,scheduled_backup,completed,A,benign,0,,2,[],"• Routine activity — no threat detected
• 2 indicator(s) found (ipv4, username)
• LOW RISK (0/100) — no action needed
• Affected user: krbtgt_643",2026-04-09 10:30:26.546855+00,2026-04-09 10:35:40.199596+00,313.652741
4543ad6e-62d2-4b24-a268-b042dec45fa5,lolbin_abuse,completed,A,benign,15,,8,"[{""id"": ""T1218"", ""name"": ""System Binary Proxy Execution"", ""tactic"": ""Defense Evasion""}, {""id"": ""T1218.005"", ""name"": ""Mshta"", ""tactic"": ""Defense Evasion""}, {""id"": ""T1218.011"", ""name"": ""Rundll32"", ""tactic"": ""Defense Evasion""}]","• Routine activity — no threat detected
• URL targets suspicious executable: http://bad.host/stage2.ps1
• 3 indicator(s) found (ipv4, url, username)
• LOW RISK (15/100) — no action needed
• MITRE ATT&CK: {'id': 'T1218', 'name': 'System Binary Proxy Execution', 'tactic': 'Defense Evasion'}, {'id': 'T1218.005', 'name': 'Mshta', 'tactic': 'Defense Evasion'}, {'id': 'T1218.011', 'name': 'Rundll32', 'tactic': 'Defense Evasion'}
• Affected user: data_thief_644",2026-04-09 10:30:27.062225+00,2026-04-09 10:38:43.51054+00,496.448315
1c1a116e-2fd9-4613-8e40-6f7b09284481,c2_communication,completed,A,true_positive,100,,8,"[{""id"": ""T1071"", ""name"": ""Application Layer Protocol"", ""tactic"": ""Command and Control""}, {""id"": ""T1573"", ""name"": ""Encrypted Channel"", ""tactic"": ""Command and Control""}, {""id"": ""T1105"", ""name"": ""Ingress Tool Transfer"", ""tactic"": ""Command and Control""}, {""id"": ""T1571"", ""name"": ""Non-Standard Port"", ""tactic"": ""Command and Control""}]","• CONFIRMED ATTACK detected from 10.200.3.138
• Regular beacon interval detected: 30.0s (stddev=0.5)
• 3 indicator(s) found (ipv4, username)
• HIGH RISK (100/100) — immediate action recommended
• MITRE ATT&CK: {'id': 'T1071', 'name': 'Application Layer Protocol', 'tactic': 'Command and Control'}, {'id': 'T1573', 'name': 'Encrypted Channel', 'tactic': 'Command and Control'}, {'id': 'T1105', 'name': 'Ingress Tool Transfer', 'tactic': 'Command and Control'}
• Affected user: svc_backup_645",2026-04-09 10:30:27.575874+00,2026-04-09 10:37:17.976819+00,410.400945
546ee903-1560-40fb-856b-51923af344f9,lolbin_abuse,completed,A,benign,15,,8,"[{""id"": ""T1218"", ""name"": ""System Binary Proxy Execution"", ""tactic"": ""Defense Evasion""}, {""id"": ""T1218.005"", ""name"": ""Mshta"", ""tactic"": ""Defense Evasion""}, {""id"": ""T1218.011"", ""name"": ""Rundll32"", ""tactic"": ""Defense Evasion""}]","• Routine activity — no threat detected
• URL targets suspicious executable: http://bad.host/stage2.ps1
• 3 indicator(s) found (ipv4, url, username)
• LOW RISK (15/100) — no action needed
• MITRE ATT&CK: {'id': 'T1218', 'name': 'System Binary Proxy Execution', 'tactic': 'Defense Evasion'}, {'id': 'T1218.005', 'name': 'Mshta', 'tactic': 'Defense Evasion'}, {'id': 'T1218.011', 'name': 'Rundll32', 'tactic': 'Defense Evasion'}
• Affected user: sql_svc_646",2026-04-09 10:30:28.092552+00,2026-04-09 10:40:48.108951+00,620.016399
d81549cc-f113-4b18-859e-dc60f37510d1,golden_ticket,completed,A,true_positive,100,,7,"[{""id"": ""T1558.001"", ""name"": ""Golden Ticket"", ""tactic"": ""Credential Access""}]","• CONFIRMED ATTACK detected from 10.200.3.140
• Forged Kerberos ticket detected
• 2 indicator(s) found (ipv4, username)
• HIGH RISK (100/100) — immediate action recommended
• MITRE ATT&CK: {'id': 'T1558.001', 'name': 'Golden Ticket', 'tactic': 'Credential Access'}
• Affected user: sql_svc_647",2026-04-09 10:30:28.603147+00,2026-04-09 10:39:20.15563+00,531.552483
98029db4-fd97-4bce-8fd0-8bd2f0bd72a3,phishing,completed,A,true_positive,70,,10,"[{""id"": ""T1566"", ""name"": ""Phishing"", ""tactic"": ""Initial Access""}, {""id"": ""T1566.001"", ""name"": ""Spearphishing Attachment"", ""tactic"": ""Initial Access""}, {""id"": ""T1566.002"", ""name"": ""Spearphishing Link"", ""tactic"": ""Initial Access""}, {""id"": ""T1204.001"", ""name"": ""Malicious Link"", ""tactic"": ""Execution""}]","• CONFIRMED ATTACK detected from 10.200.3.141
• Credential harvesting indicators detected
• 4 indicator(s) found (domain, email, ipv4, username)
• HIGH RISK (70/100) — immediate action recommended
• MITRE ATT&CK: {'id': 'T1566', 'name': 'Phishing', 'tactic': 'Initial Access'}, {'id': 'T1566.001', 'name': 'Spearphishing Attachment', 'tactic': 'Initial Access'}, {'id': 'T1566.002', 'name': 'Spearphishing Link', 'tactic': 'Initial Access'}
• Affected user: Administrator_648",2026-04-09 10:30:29.115787+00,2026-04-09 10:41:54.048339+00,684.932552
6d2c211d-bb83-47de-be93-d704df4c77d0,scheduled_backup,completed,A,benign,0,,2,[],"• Routine activity — no threat detected
• 2 indicator(s) found (ipv4, username)
• LOW RISK (0/100) — no action needed
• Affected user: svc_backup_649",2026-04-09 10:30:29.638862+00,2026-04-09 10:36:17.380495+00,347.741633
140dbc87-f192-423f-9d50-235156a96918,kerberoasting,completed,A,true_positive,100,,7,"[{""id"": ""T1558.003"", ""name"": ""Kerberoasting"", ""tactic"": ""Credential Access""}]","• CONFIRMED ATTACK detected from 10.200.3.143
• SPN enumeration detected — Kerberoasting recon
• 3 indicator(s) found (ipv4, service_name, username)
• HIGH RISK (100/100) — immediate action recommended
• MITRE ATT&CK: {'id': 'T1558.003', 'name': 'Kerberoasting', 'tactic': 'Credential Access'}
• Affected user: attacker_user_650",2026-04-09 10:30:30.156135+00,2026-04-09 10:39:02.644753+00,512.488618
1aacddda-63c2-41b9-a46e-76417d7caeb4,password_change,completed,A,benign,0,,2,[],"• Routine activity — no threat detected
• 2 indicator(s) found (ipv4, username)
• LOW RISK (0/100) — no action needed
• Affected user: admin_651",2026-04-09 10:30:30.67032+00,2026-04-09 10:38:43.563909+00,492.893589
eb64eb01-c19b-46c1-b047-7ffad74ac184,ransomware,completed,A,true_positive,100,,8,"[{""id"": ""T1486"", ""name"": ""Data Encrypted for Impact"", ""tactic"": ""Impact""}, {""id"": ""T1490"", ""name"": ""Inhibit System Recovery"", ""tactic"": ""Impact""}, {""id"": ""T1059"", ""name"": ""Command and Scripting Interpreter"", ""tactic"": ""Execution""}, {""id"": ""T1547"", ""name"": ""Boot or Logon Autostart Execution"", ""tactic"": ""Persistence""}]","• CONFIRMED ATTACK detected from 10.200.3.145
• Shadow copy deletion detected (vssadmin delete shadows)
• 2 indicator(s) found (ipv4, username)
• HIGH RISK (100/100) — immediate action recommended
• MITRE ATT&CK: {'id': 'T1486', 'name': 'Data Encrypted for Impact', 'tactic': 'Impact'}, {'id': 'T1490', 'name': 'Inhibit System Recovery', 'tactic': 'Impact'}, {'id': 'T1059', 'name': 'Command and Scripting Interpreter', 'tactic': 'Execution'}
• Affected user: jsmith_652",2026-04-09 10:30:31.18241+00,2026-04-09 10:41:38.159354+00,666.976944
a440d33c-823f-4e62-be1a-7b3613d8c12d,password_change,completed,A,benign,0,,2,[],"• Routine activity — no threat detected
• 2 indicator(s) found (ipv4, username)
• LOW RISK (0/100) — no action needed
• Affected user: user2_653",2026-04-09 10:30:31.700137+00,2026-04-09 10:38:47.454449+00,495.754312
47e09b1a-ffe8-4e2d-aa0b-fb10a56eef43,lolbin_abuse,completed,A,benign,15,,8,"[{""id"": ""T1218"", ""name"": ""System Binary Proxy Execution"", ""tactic"": ""Defense Evasion""}, {""id"": ""T1218.005"", ""name"": ""Mshta"", ""tactic"": ""Defense Evasion""}, {""id"": ""T1218.011"", ""name"": ""Rundll32"", ""tactic"": ""Defense Evasion""}]","• Routine activity — no threat detected
• URL targets suspicious executable: http://bad.host/stage2.ps1
• 3 indicator(s) found (ipv4, url, username)
• LOW RISK (15/100) — no action needed
• MITRE ATT&CK: {'id': 'T1218', 'name': 'System Binary Proxy Execution', 'tactic': 'Defense Evasion'}, {'id': 'T1218.005', 'name': 'Mshta', 'tactic': 'Defense Evasion'}, {'id': 'T1218.011', 'name': 'Rundll32', 'tactic': 'Defense Evasion'}
• Affected user: Administrator_654",2026-04-09 10:30:32.217797+00,2026-04-09 10:40:34.541914+00,602.324117
55c63aaf-8fac-48bd-9997-70e89d0e40fa,brute_force,completed,A,true_positive,95,,7,"[{""id"": ""T1110"", ""name"": ""Brute Force"", ""tactic"": ""Credential Access""}, {""id"": ""T1110.001"", ""name"": ""Password Guessing"", ""tactic"": ""Credential Access""}, {""id"": ""T1110.003"", ""name"": ""Password Spraying"", ""tactic"": ""Credential Access""}]","• CONFIRMED ATTACK detected from 10.200.3.148
• Attack Signal: Command injection
• 2 indicator(s) found (ipv4, username)
• HIGH RISK (95/100) — immediate action recommended
• MITRE ATT&CK: {'id': 'T1110', 'name': 'Brute Force', 'tactic': 'Credential Access'}, {'id': 'T1110.001', 'name': 'Password Guessing', 'tactic': 'Credential Access'}, {'id': 'T1110.003', 'name': 'Password Spraying', 'tactic': 'Credential Access'}
• Affected user: asmith_655",2026-04-09 10:30:32.735174+00,2026-04-09 10:42:23.693178+00,710.958004
186e08a6-e516-4f73-b00a-4a496f616955,lolbin_abuse,completed,A,benign,15,,8,"[{""id"": ""T1218"", ""name"": ""System Binary Proxy Execution"", ""tactic"": ""Defense Evasion""}, {""id"": ""T1218.005"", ""name"": ""Mshta"", ""tactic"": ""Defense Evasion""}, {""id"": ""T1218.011"", ""name"": ""Rundll32"", ""tactic"": ""Defense Evasion""}]","• Routine activity — no threat detected
• URL targets suspicious executable: http://bad.host/stage2.ps1
• 3 indicator(s) found (ipv4, url, username)
• LOW RISK (15/100) — no action needed
• MITRE ATT&CK: {'id': 'T1218', 'name': 'System Binary Proxy Execution', 'tactic': 'Defense Evasion'}, {'id': 'T1218.005', 'name': 'Mshta', 'tactic': 'Defense Evasion'}, {'id': 'T1218.011', 'name': 'Rundll32', 'tactic': 'Defense Evasion'}
• Affected user: Administrator_656",2026-04-09 10:30:33.262092+00,2026-04-09 10:39:46.945147+00,553.683055
8de6ccc0-a73d-4008-8418-e4bdb0c18c4e,lateral_movement,completed,A,true_positive,100,,8,"[{""id"": ""T1021"", ""name"": ""Remote Services"", ""tactic"": ""Lateral Movement""}, {""id"": ""T1021.002"", ""name"": ""SMB/Windows Admin Shares"", ""tactic"": ""Lateral Movement""}, {""id"": ""T1570"", ""name"": ""Lateral Tool Transfer"", ""tactic"": ""Lateral Movement""}, {""id"": ""T1047"", ""name"": ""Windows Management Instrumentation"", ""tactic"": ""Execution""}]","• CONFIRMED ATTACK detected from 10.200.3.150
• Detected ipv4: 10.0.50.105
• 3 indicator(s) found (ipv4, username)
• HIGH RISK (100/100) — immediate action recommended
• MITRE ATT&CK: {'id': 'T1021', 'name': 'Remote Services', 'tactic': 'Lateral Movement'}, {'id': 'T1021.002', 'name': 'SMB/Windows Admin Shares', 'tactic': 'Lateral Movement'}, {'id': 'T1570', 'name': 'Lateral Tool Transfer', 'tactic': 'Lateral Movement'}
• Affected user: SYSTEM_657",2026-04-09 10:30:33.77751+00,2026-04-09 10:40:07.25316+00,573.475650
f46bea40-c575-4d9c-bbbe-ca59d83ef99c,data_exfiltration,completed,A,true_positive,100,,8,"[{""id"": ""T1041"", ""name"": ""Exfiltration Over C2 Channel"", ""tactic"": ""Exfiltration""}, {""id"": ""T1567"", ""name"": ""Exfiltration Over Web Service"", ""tactic"": ""Exfiltration""}, {""id"": ""T1048"", ""name"": ""Exfiltration Over Alternative Protocol"", ""tactic"": ""Exfiltration""}]","• CONFIRMED ATTACK detected from 10.200.3.151
• Large data transfer: 5.2 GB
• 3 indicator(s) found (ipv4, username)
• HIGH RISK (100/100) — immediate action recommended
• MITRE ATT&CK: {'id': 'T1041', 'name': 'Exfiltration Over C2 Channel', 'tactic': 'Exfiltration'}, {'id': 'T1567', 'name': 'Exfiltration Over Web Service', 'tactic': 'Exfiltration'}, {'id': 'T1048', 'name': 'Exfiltration Over Alternative Protocol', 'tactic': 'Exfiltration'}
• Affected user: golden_attacker_658",2026-04-09 10:30:34.300274+00,2026-04-09 10:38:45.416797+00,491.116523
370634a0-366e-47de-a82c-d253c3483d6e,password_change,completed,A,benign,0,,2,[],"• Routine activity — no threat detected
• 2 indicator(s) found (ipv4, username)
• LOW RISK (0/100) — no action needed
• Affected user: root_659",2026-04-09 10:30:34.813259+00,2026-04-09 10:41:38.083714+00,663.270455
573ae861-d29f-4c77-a887-47d809ba91f1,lateral_movement,completed,A,true_positive,100,,8,"[{""id"": ""T1021"", ""name"": ""Remote Services"", ""tactic"": ""Lateral Movement""}, {""id"": ""T1021.002"", ""name"": ""SMB/Windows Admin Shares"", ""tactic"": ""Lateral Movement""}, {""id"": ""T1570"", ""name"": ""Lateral Tool Transfer"", ""tactic"": ""Lateral Movement""}, {""id"": ""T1047"", ""name"": ""Windows Management Instrumentation"", ""tactic"": ""Execution""}]","• CONFIRMED ATTACK detected from 10.200.3.153
• Detected ipv4: 10.0.20.112
• 3 indicator(s) found (ipv4, username)
• HIGH RISK (100/100) — immediate action recommended
• MITRE ATT&CK: {'id': 'T1021', 'name': 'Remote Services', 'tactic': 'Lateral Movement'}, {'id': 'T1021.002', 'name': 'SMB/Windows Admin Shares', 'tactic': 'Lateral Movement'}, {'id': 'T1570', 'name': 'Lateral Tool Transfer', 'tactic': 'Lateral Movement'}
• Affected user: backup_svc_660",2026-04-09 10:30:35.333386+00,2026-04-09 10:41:51.625985+00,676.292599
59ad2d8f-e2a0-49d3-9908-4aea701614ef,kerberoasting,completed,A,true_positive,100,,7,"[{""id"": ""T1558.003"", ""name"": ""Kerberoasting"", ""tactic"": ""Credential Access""}]","• CONFIRMED ATTACK detected from 10.200.3.154
• SPN enumeration detected — Kerberoasting recon
• 3 indicator(s) found (ipv4, service_name, username)
• HIGH RISK (100/100) — immediate action recommended
• MITRE ATT&CK: {'id': 'T1558.003', 'name': 'Kerberoasting', 'tactic': 'Credential Access'}
• Affected user: svc_backup_661",2026-04-09 10:30:35.844953+00,2026-04-09 10:38:13.298278+00,457.453325
ff3c6d41-2523-4d0b-9c84-97381ec2c176,phishing,completed,A,true_positive,70,,10,"[{""id"": ""T1566"", ""name"": ""Phishing"", ""tactic"": ""Initial Access""}, {""id"": ""T1566.001"", ""name"": ""Spearphishing Attachment"", ""tactic"": ""Initial Access""}, {""id"": ""T1566.002"", ""name"": ""Spearphishing Link"", ""tactic"": ""Initial Access""}, {""id"": ""T1204.001"", ""name"": ""Malicious Link"", ""tactic"": ""Execution""}]","• CONFIRMED ATTACK detected from 10.200.3.155
• Credential harvesting indicators detected
• 4 indicator(s) found (domain, email, ipv4, username)
• HIGH RISK (70/100) — immediate action recommended
• MITRE ATT&CK: {'id': 'T1566', 'name': 'Phishing', 'tactic': 'Initial Access'}, {'id': 'T1566.001', 'name': 'Spearphishing Attachment', 'tactic': 'Initial Access'}, {'id': 'T1566.002', 'name': 'Spearphishing Link', 'tactic': 'Initial Access'}
• Affected user: SYSTEM_662",2026-04-09 10:30:36.432163+00,2026-04-09 10:38:47.726131+00,491.293968
4d78dbcd-f092-41c8-93e0-d21ae8bb12be,user_login,completed,A,benign,0,,2,[],"• Routine activity — no threat detected
• 2 indicator(s) found (ipv4, username)
• LOW RISK (0/100) — no action needed
• Affected user: data_thief_663",2026-04-09 10:30:36.948717+00,2026-04-09 10:40:49.462465+00,612.513748
2cb2152e-8148-4b45-b0a0-4faa855baaec,password_change,completed,A,benign,0,,2,[],"• Routine activity — no threat detected
• 2 indicator(s) found (ipv4, username)
• LOW RISK (0/100) — no action needed
• Affected user: jdoe_664",2026-04-09 10:30:37.484417+00,2026-04-09 10:41:54.500523+00,677.016106
32ed4279-d36f-4b2e-a7f4-88a6ea1600e6,phishing,pending,,,,,,,,2026-04-09 10:30:38.003751+00,,
9a6cbbf2-07b6-4f9b-a11e-0928ebaabaff,password_change,pending,,,,,,,,2026-04-09 10:30:38.533446+00,,
9f265af4-d8f8-4052-88ba-9eaf6bc58b3c,data_exfiltration,pending,,,,,,,,2026-04-09 10:30:39.043152+00,,
0521525c-40c2-4c59-9d7e-4c7b9cccec5d,golden_ticket,pending,,,,,,,,2026-04-09 10:30:39.554062+00,,
22cf816d-25c0-46c6-87c9-72a19dab66d0,lolbin_abuse,pending,,,,,,,,2026-04-09 10:30:40.062304+00,,
3201767a-ce52-4d75-b9ce-2cb863440cb2,c2_communication,pending,,,,,,,,2026-04-09 10:30:40.589048+00,,
758c0705-6fb0-4652-bf19-db128bf2d26a,brute_force,pending,,,,,,,,2026-04-09 10:30:41.09914+00,,
d39065ae-9490-47a4-90b7-19ce5b3bca8f,data_exfiltration,pending,,,,,,,,2026-04-09 10:30:41.609108+00,,
9a9b3c30-4613-4c4b-8e62-6c2d3a278fde,ransomware,pending,,,,,,,,2026-04-09 10:30:42.117331+00,,
3e4b58e7-d42a-49fb-af5d-98c897463ea7,windows_update,pending,,,,,,,,2026-04-09 10:30:42.619811+00,,
46dd94cd-d3a9-44f1-b5be-eaf8c55c3613,ransomware,pending,,,,,,,,2026-04-09 10:30:43.127934+00,,
1124a472-e34e-4129-a8b2-f69c7342b883,password_change,pending,,,,,,,,2026-04-09 10:30:43.642431+00,,
dd0ebcc5-a4f3-4b41-9d64-4ec6422f805b,ransomware,pending,,,,,,,,2026-04-09 10:30:44.159787+00,,
4abd17ba-4249-43f8-898c-2164bf1450d0,lateral_movement,pending,,,,,,,,2026-04-09 10:30:44.672932+00,,
b829fd0e-4295-4325-ace6-e95a745e6760,scheduled_backup,pending,,,,,,,,2026-04-09 10:30:45.182925+00,,
347971a5-72ff-4e2a-81f1-628179cf834f,lateral_movement,pending,,,,,,,,2026-04-09 10:30:45.696633+00,,
1c4abc97-140f-4bbf-bcde-9b5d3a77d728,lolbin_abuse,pending,,,,,,,,2026-04-09 10:30:46.206609+00,,
5298af99-bab1-4038-87bd-ec11c56f2a15,lateral_movement,pending,,,,,,,,2026-04-09 10:30:46.72015+00,,
876bd7bb-b1e1-4cb8-87a1-73a0cbf529ad,brute_force,pending,,,,,,,,2026-04-09 10:30:47.233026+00,,
8d64b8e6-4871-46c5-9f80-2ae9e5235a62,health_check,pending,,,,,,,,2026-04-09 10:30:47.750004+00,,
91026960-2576-43f9-88c0-5863c38320cd,password_change,pending,,,,,,,,2026-04-09 10:30:48.257667+00,,
bedda811-2a91-4677-ac48-75ec086acdfd,password_change,pending,,,,,,,,2026-04-09 10:30:48.768821+00,,
91c42053-ca27-4242-8951-5e93ffd7715a,brute_force,pending,,,,,,,,2026-04-09 10:30:49.278702+00,,
da6b6169-9516-4860-b170-ce87f7de8a1f,user_login,pending,,,,,,,,2026-04-09 10:30:49.790177+00,,
982c0bb4-7cea-4582-b659-cc38abd86256,data_exfiltration,pending,,,,,,,,2026-04-09 10:30:50.297948+00,,
db389ee8-3795-4980-bcbd-740f4e5f1307,phishing,pending,,,,,,,,2026-04-09 10:30:50.808995+00,,
1711d98f-96f4-4ae5-9faa-97b0bae72804,windows_update,pending,,,,,,,,2026-04-09 10:30:51.316868+00,,
f67b9321-e720-4722-b5ad-b2b9049a845b,ransomware,pending,,,,,,,,2026-04-09 10:30:51.828596+00,,
bbc6ff09-bfc1-4327-b474-af30d7b5e148,user_login,pending,,,,,,,,2026-04-09 10:30:52.337808+00,,
dd22f51a-163c-4ded-a787-dd58d12cb35e,kerberoasting,pending,,,,,,,,2026-04-09 10:30:52.864963+00,,
355892b2-39db-4587-88ba-a38bf094bb9c,health_check,completed,A,benign,0,,2,[],"• Routine activity — no threat detected
• 2 indicator(s) found (ipv4, username)
• LOW RISK (0/100) — no action needed
• Affected user: exfil_user_695",2026-04-09 10:30:53.374399+00,2026-04-09 10:39:50.890402+00,537.516003
bf595a18-8278-405d-9cc2-fc889ca1ca90,golden_ticket,completed,A,true_positive,100,,7,"[{""id"": ""T1558.001"", ""name"": ""Golden Ticket"", ""tactic"": ""Credential Access""}]","• CONFIRMED ATTACK detected from 10.200.3.189
• Forged Kerberos ticket detected
• 2 indicator(s) found (ipv4, username)
• HIGH RISK (100/100) — immediate action recommended
• MITRE ATT&CK: {'id': 'T1558.001', 'name': 'Golden Ticket', 'tactic': 'Credential Access'}
• Affected user: svc_backup_696",2026-04-09 10:30:53.892396+00,2026-04-09 10:38:49.187129+00,475.294733
2f670b72-2a52-42fd-bce1-7e511457ccb6,password_change,completed,A,benign,0,,2,[],"• Routine activity — no threat detected
• 2 indicator(s) found (ipv4, username)
• LOW RISK (0/100) — no action needed
• Affected user: exfil_user_697",2026-04-09 10:30:54.40733+00,2026-04-09 10:39:18.178978+00,503.771648
b466b9bd-04bd-4775-8649-910315d18d5b,brute_force,completed,A,true_positive,95,,7,"[{""id"": ""T1110"", ""name"": ""Brute Force"", ""tactic"": ""Credential Access""}, {""id"": ""T1110.001"", ""name"": ""Password Guessing"", ""tactic"": ""Credential Access""}, {""id"": ""T1110.003"", ""name"": ""Password Spraying"", ""tactic"": ""Credential Access""}]","• CONFIRMED ATTACK detected from 10.200.3.191
• Attack Signal: Command injection
• 2 indicator(s) found (ipv4, username)
• HIGH RISK (95/100) — immediate action recommended
• MITRE ATT&CK: {'id': 'T1110', 'name': 'Brute Force', 'tactic': 'Credential Access'}, {'id': 'T1110.001', 'name': 'Password Guessing', 'tactic': 'Credential Access'}, {'id': 'T1110.003', 'name': 'Password Spraying', 'tactic': 'Credential Access'}
• Affected user: SYSTEM_698",2026-04-09 10:30:54.920998+00,2026-04-09 10:42:15.646496+00,680.725498
2931f25c-133f-4ee4-b006-977fb8dfebe5,health_check,completed,A,benign,0,,2,[],"• Routine activity — no threat detected
• 2 indicator(s) found (ipv4, username)
• LOW RISK (0/100) — no action needed
• Affected user: svc_backup_699",2026-04-09 10:30:55.431808+00,2026-04-09 10:41:49.212755+00,653.780947
e21a5dc4-17b3-4333-9c37-c224eb14aea5,kerberoasting,completed,A,true_positive,100,,7,"[{""id"": ""T1558.003"", ""name"": ""Kerberoasting"", ""tactic"": ""Credential Access""}]","• CONFIRMED ATTACK detected from 10.200.3.193
• SPN enumeration detected — Kerberoasting recon
• 3 indicator(s) found (ipv4, service_name, username)
• HIGH RISK (100/100) — immediate action recommended
• MITRE ATT&CK: {'id': 'T1558.003', 'name': 'Kerberoasting', 'tactic': 'Credential Access'}
• Affected user: asmith_700",2026-04-09 10:30:55.946491+00,2026-04-09 10:39:51.543548+00,535.597057
46ee6401-56c4-4716-8043-80300a6b7ad9,windows_update,completed,A,benign,0,,2,[],"• Routine activity — no threat detected
• 2 indicator(s) found (ipv4, username)
• LOW RISK (0/100) — no action needed
• Affected user: web_admin_701",2026-04-09 10:30:56.458305+00,2026-04-09 10:40:40.522367+00,584.064062
6731e842-bed9-45d5-b7f6-09b9f02faf0e,lolbin_abuse,completed,A,true_positive,100,,8,"[{""id"": ""T1218"", ""name"": ""System Binary Proxy Execution"", ""tactic"": ""Defense Evasion""}, {""id"": ""T1218.005"", ""name"": ""Mshta"", ""tactic"": ""Defense Evasion""}, {""id"": ""T1218.011"", ""name"": ""Rundll32"", ""tactic"": ""Defense Evasion""}]","• CONFIRMED ATTACK detected from 10.200.3.195
• LOLBin abuse: certutil download via -urlcache
• 3 indicator(s) found (ipv4, url, username)
• HIGH RISK (100/100) — immediate action recommended
• MITRE ATT&CK: {'id': 'T1218', 'name': 'System Binary Proxy Execution', 'tactic': 'Defense Evasion'}, {'id': 'T1218.005', 'name': 'Mshta', 'tactic': 'Defense Evasion'}, {'id': 'T1218.011', 'name': 'Rundll32', 'tactic': 'Defense Evasion'}
• Affected user: user2_702",2026-04-09 10:30:56.976149+00,2026-04-09 10:42:16.109303+00,679.133154
a7d36743-72d3-4b0a-bf27-34970e00de5f,lolbin_abuse,completed,A,true_positive,100,,8,"[{""id"": ""T1218"", ""name"": ""System Binary Proxy Execution"", ""tactic"": ""Defense Evasion""}, {""id"": ""T1218.005"", ""name"": ""Mshta"", ""tactic"": ""Defense Evasion""}, {""id"": ""T1218.011"", ""name"": ""Rundll32"", ""tactic"": ""Defense Evasion""}]","• CONFIRMED ATTACK detected from 10.200.3.196
• LOLBin abuse: certutil download via -urlcache
• 3 indicator(s) found (ipv4, url, username)
• HIGH RISK (100/100) — immediate action recommended
• MITRE ATT&CK: {'id': 'T1218', 'name': 'System Binary Proxy Execution', 'tactic': 'Defense Evasion'}, {'id': 'T1218.005', 'name': 'Mshta', 'tactic': 'Defense Evasion'}, {'id': 'T1218.011', 'name': 'Rundll32', 'tactic': 'Defense Evasion'}
• Affected user: user2_703",2026-04-09 10:30:57.491215+00,2026-04-09 10:42:19.326826+00,681.835611
9ef50c85-551a-4ff5-b238-5d15e0bafdc3,phishing,completed,A,true_positive,85,,10,"[{""id"": ""T1566"", ""name"": ""Phishing"", ""tactic"": ""Initial Access""}, {""id"": ""T1566.001"", ""name"": ""Spearphishing Attachment"", ""tactic"": ""Initial Access""}, {""id"": ""T1566.002"", ""name"": ""Spearphishing Link"", ""tactic"": ""Initial Access""}, {""id"": ""T1204.001"", ""name"": ""Malicious Link"", ""tactic"": ""Execution""}]","• CONFIRMED ATTACK detected from 10.200.3.197
• Urgency/social engineering language detected
• 5 indicator(s) found (domain, email, ipv4, url, username)
• HIGH RISK (85/100) — immediate action recommended
• MITRE ATT&CK: {'id': 'T1566', 'name': 'Phishing', 'tactic': 'Initial Access'}, {'id': 'T1566.001', 'name': 'Spearphishing Attachment', 'tactic': 'Initial Access'}, {'id': 'T1566.002', 'name': 'Spearphishing Link', 'tactic': 'Initial Access'}
• Affected user: svc_backup_704",2026-04-09 10:30:58.005492+00,2026-04-09 10:40:42.949446+00,584.943954
5cb6e20a-b63d-4c97-9a7e-d89d17e216fe,golden_ticket,completed,A,true_positive,100,,7,"[{""id"": ""T1558.001"", ""name"": ""Golden Ticket"", ""tactic"": ""Credential Access""}]","• CONFIRMED ATTACK detected from 10.200.3.198
• Forged Kerberos ticket detected
• 2 indicator(s) found (ipv4, username)
• HIGH RISK (100/100) — immediate action recommended
• MITRE ATT&CK: {'id': 'T1558.001', 'name': 'Golden Ticket', 'tactic': 'Credential Access'}
• Affected user: web_admin_705",2026-04-09 10:30:58.516608+00,2026-04-09 10:39:46.89022+00,528.373612
310fd38a-6ef7-4515-8b52-e3fc22ed071f,brute_force,completed,A,true_positive,95,,7,"[{""id"": ""T1110"", ""name"": ""Brute Force"", ""tactic"": ""Credential Access""}, {""id"": ""T1110.001"", ""name"": ""Password Guessing"", ""tactic"": ""Credential Access""}, {""id"": ""T1110.003"", ""name"": ""Password Spraying"", ""tactic"": ""Credential Access""}]","• CONFIRMED ATTACK detected from 10.200.3.199
• Attack Signal: Command injection
• 2 indicator(s) found (ipv4, username)
• HIGH RISK (95/100) — immediate action recommended
• MITRE ATT&CK: {'id': 'T1110', 'name': 'Brute Force', 'tactic': 'Credential Access'}, {'id': 'T1110.001', 'name': 'Password Guessing', 'tactic': 'Credential Access'}, {'id': 'T1110.003', 'name': 'Password Spraying', 'tactic': 'Credential Access'}
• Affected user: golden_attacker_706",2026-04-09 10:30:59.031288+00,2026-04-09 10:41:53.959594+00,654.928306
ae87e8dd-9648-4195-8d10-2e35e3d94530,lolbin_abuse,completed,A,benign,15,,8,"[{""id"": ""T1218"", ""name"": ""System Binary Proxy Execution"", ""tactic"": ""Defense Evasion""}, {""id"": ""T1218.005"", ""name"": ""Mshta"", ""tactic"": ""Defense Evasion""}, {""id"": ""T1218.011"", ""name"": ""Rundll32"", ""tactic"": ""Defense Evasion""}]","• Routine activity — no threat detected
• URL targets suspicious executable: http://bad.host/stage2.ps1
• 3 indicator(s) found (ipv4, url, username)
• LOW RISK (15/100) — no action needed
• MITRE ATT&CK: {'id': 'T1218', 'name': 'System Binary Proxy Execution', 'tactic': 'Defense Evasion'}, {'id': 'T1218.005', 'name': 'Mshta', 'tactic': 'Defense Evasion'}, {'id': 'T1218.011', 'name': 'Rundll32', 'tactic': 'Defense Evasion'}
• Affected user: jdoe_707",2026-04-09 10:30:59.543009+00,2026-04-09 10:42:11.491215+00,671.948206
fc1dff9a-224e-4c89-bcc8-179e750d50c8,golden_ticket,completed,A,true_positive,100,,7,"[{""id"": ""T1558.001"", ""name"": ""Golden Ticket"", ""tactic"": ""Credential Access""}]","• CONFIRMED ATTACK detected from 10.200.3.201
• Forged Kerberos ticket detected
• 2 indicator(s) found (ipv4, username)
• HIGH RISK (100/100) — immediate action recommended
• MITRE ATT&CK: {'id': 'T1558.001', 'name': 'Golden Ticket', 'tactic': 'Credential Access'}
• Affected user: compromised_708",2026-04-09 10:31:00.059954+00,2026-04-09 10:42:15.181725+00,675.121771
0d7d9727-7db4-4930-9d31-cd92dccf4194,scheduled_backup,completed,A,benign,0,,2,[],"• Routine activity — no threat detected
• 2 indicator(s) found (ipv4, username)
• LOW RISK (0/100) — no action needed
• Affected user: web_admin_709",2026-04-09 10:31:00.576607+00,2026-04-09 10:38:41.838472+00,461.261865
de9806e2-685c-4f3e-ae86-50acebf51233,ransomware,completed,A,true_positive,100,,8,"[{""id"": ""T1486"", ""name"": ""Data Encrypted for Impact"", ""tactic"": ""Impact""}, {""id"": ""T1490"", ""name"": ""Inhibit System Recovery"", ""tactic"": ""Impact""}, {""id"": ""T1059"", ""name"": ""Command and Scripting Interpreter"", ""tactic"": ""Execution""}, {""id"": ""T1547"", ""name"": ""Boot or Logon Autostart Execution"", ""tactic"": ""Persistence""}]","• CONFIRMED ATTACK detected from 10.200.3.203
• Shadow copy deletion detected (vssadmin delete shadows)
• 2 indicator(s) found (ipv4, username)
• HIGH RISK (100/100) — immediate action recommended
• MITRE ATT&CK: {'id': 'T1486', 'name': 'Data Encrypted for Impact', 'tactic': 'Impact'}, {'id': 'T1490', 'name': 'Inhibit System Recovery', 'tactic': 'Impact'}, {'id': 'T1059', 'name': 'Command and Scripting Interpreter', 'tactic': 'Execution'}
• Affected user: jsmith_710",2026-04-09 10:31:01.09279+00,2026-04-09 10:39:53.480695+00,532.387905
c175bd02-0063-40d1-9fa4-1fc8e6d22e94,data_exfiltration,completed,A,true_positive,100,,8,"[{""id"": ""T1041"", ""name"": ""Exfiltration Over C2 Channel"", ""tactic"": ""Exfiltration""}, {""id"": ""T1567"", ""name"": ""Exfiltration Over Web Service"", ""tactic"": ""Exfiltration""}, {""id"": ""T1048"", ""name"": ""Exfiltration Over Alternative Protocol"", ""tactic"": ""Exfiltration""}]","• CONFIRMED ATTACK detected from 10.200.3.204
• Large data transfer: 5.2 GB
• 3 indicator(s) found (ipv4, username)
• HIGH RISK (100/100) — immediate action recommended
• MITRE ATT&CK: {'id': 'T1041', 'name': 'Exfiltration Over C2 Channel', 'tactic': 'Exfiltration'}, {'id': 'T1567', 'name': 'Exfiltration Over Web Service', 'tactic': 'Exfiltration'}, {'id': 'T1048', 'name': 'Exfiltration Over Alternative Protocol', 'tactic': 'Exfiltration'}
• Affected user: sql_svc_711",2026-04-09 10:31:01.605256+00,2026-04-09 10:41:45.100938+00,643.495682
501a5d50-be13-4dd1-a7f8-c381341e38fb,lolbin_abuse,completed,A,true_positive,100,,8,"[{""id"": ""T1218"", ""name"": ""System Binary Proxy Execution"", ""tactic"": ""Defense Evasion""}, {""id"": ""T1218.005"", ""name"": ""Mshta"", ""tactic"": ""Defense Evasion""}, {""id"": ""T1218.011"", ""name"": ""Rundll32"", ""tactic"": ""Defense Evasion""}]","• CONFIRMED ATTACK detected from 10.200.3.205
• LOLBin abuse: certutil download via -urlcache
• 3 indicator(s) found (ipv4, url, username)
• HIGH RISK (100/100) — immediate action recommended
• MITRE ATT&CK: {'id': 'T1218', 'name': 'System Binary Proxy Execution', 'tactic': 'Defense Evasion'}, {'id': 'T1218.005', 'name': 'Mshta', 'tactic': 'Defense Evasion'}, {'id': 'T1218.011', 'name': 'Rundll32', 'tactic': 'Defense Evasion'}
• Affected user: admin_712",2026-04-09 10:31:02.12112+00,2026-04-09 10:40:04.247879+00,542.126759
a389db02-e41c-4ea5-93b2-22430fa871b7,data_exfiltration,completed,A,true_positive,100,,8,"[{""id"": ""T1041"", ""name"": ""Exfiltration Over C2 Channel"", ""tactic"": ""Exfiltration""}, {""id"": ""T1567"", ""name"": ""Exfiltration Over Web Service"", ""tactic"": ""Exfiltration""}, {""id"": ""T1048"", ""name"": ""Exfiltration Over Alternative Protocol"", ""tactic"": ""Exfiltration""}]","• CONFIRMED ATTACK detected from 10.200.3.206
• Large data transfer: 5.2 GB
• 3 indicator(s) found (ipv4, username)
• HIGH RISK (100/100) — immediate action recommended
• MITRE ATT&CK: {'id': 'T1041', 'name': 'Exfiltration Over C2 Channel', 'tactic': 'Exfiltration'}, {'id': 'T1567', 'name': 'Exfiltration Over Web Service', 'tactic': 'Exfiltration'}, {'id': 'T1048', 'name': 'Exfiltration Over Alternative Protocol', 'tactic': 'Exfiltration'}
• Affected user: admin_713",2026-04-09 10:31:02.632885+00,2026-04-09 10:41:44.909523+00,642.276638
6b9763c9-a038-4f7f-bdbf-e42fa813ccb3,phishing,completed,A,true_positive,85,,10,"[{""id"": ""T1566"", ""name"": ""Phishing"", ""tactic"": ""Initial Access""}, {""id"": ""T1566.001"", ""name"": ""Spearphishing Attachment"", ""tactic"": ""Initial Access""}, {""id"": ""T1566.002"", ""name"": ""Spearphishing Link"", ""tactic"": ""Initial Access""}, {""id"": ""T1204.001"", ""name"": ""Malicious Link"", ""tactic"": ""Execution""}]","• CONFIRMED ATTACK detected from 10.200.3.207
• Urgency/social engineering language detected
• 5 indicator(s) found (domain, email, ipv4, url, username)
• HIGH RISK (85/100) — immediate action recommended
• MITRE ATT&CK: {'id': 'T1566', 'name': 'Phishing', 'tactic': 'Initial Access'}, {'id': 'T1566.001', 'name': 'Spearphishing Attachment', 'tactic': 'Initial Access'}, {'id': 'T1566.002', 'name': 'Spearphishing Link', 'tactic': 'Initial Access'}
• Affected user: user2_714",2026-04-09 10:31:03.1523+00,2026-04-09 10:40:12.866626+00,549.714326
d10871d4-7081-4672-879f-df2edbeea0de,lateral_movement,completed,A,true_positive,100,,8,"[{""id"": ""T1021"", ""name"": ""Remote Services"", ""tactic"": ""Lateral Movement""}, {""id"": ""T1021.002"", ""name"": ""SMB/Windows Admin Shares"", ""tactic"": ""Lateral Movement""}, {""id"": ""T1570"", ""name"": ""Lateral Tool Transfer"", ""tactic"": ""Lateral Movement""}, {""id"": ""T1047"", ""name"": ""Windows Management Instrumentation"", ""tactic"": ""Execution""}]","• CONFIRMED ATTACK detected from 10.200.3.208
• Detected ipv4: 192.168.1.223
• 3 indicator(s) found (ipv4, username)
• HIGH RISK (100/100) — immediate action recommended
• MITRE ATT&CK: {'id': 'T1021', 'name': 'Remote Services', 'tactic': 'Lateral Movement'}, {'id': 'T1021.002', 'name': 'SMB/Windows Admin Shares', 'tactic': 'Lateral Movement'}, {'id': 'T1570', 'name': 'Lateral Tool Transfer', 'tactic': 'Lateral Movement'}
• Affected user: jdoe_715",2026-04-09 10:31:03.664402+00,2026-04-09 10:41:51.346772+00,647.682370
6014d158-969a-4494-a964-61c49ff56658,brute_force,completed,A,true_positive,95,,7,"[{""id"": ""T1110"", ""name"": ""Brute Force"", ""tactic"": ""Credential Access""}, {""id"": ""T1110.001"", ""name"": ""Password Guessing"", ""tactic"": ""Credential Access""}, {""id"": ""T1110.003"", ""name"": ""Password Spraying"", ""tactic"": ""Credential Access""}]","• CONFIRMED ATTACK detected from 10.200.3.209
• Attack Signal: Command injection
• 2 indicator(s) found (ipv4, username)
• HIGH RISK (95/100) — immediate action recommended
• MITRE ATT&CK: {'id': 'T1110', 'name': 'Brute Force', 'tactic': 'Credential Access'}, {'id': 'T1110.001', 'name': 'Password Guessing', 'tactic': 'Credential Access'}, {'id': 'T1110.003', 'name': 'Password Spraying', 'tactic': 'Credential Access'}
• Affected user: krbtgt_716",2026-04-09 10:31:04.181179+00,2026-04-09 10:41:45.439083+00,641.257904
e7a85cea-8a04-4e12-a81f-33ebf06eb77c,scheduled_backup,completed,A,benign,0,,2,[],"• Routine activity — no threat detected
• 2 indicator(s) found (ipv4, username)
• LOW RISK (0/100) — no action needed
• Affected user: krbtgt_717",2026-04-09 10:31:04.694681+00,2026-04-09 10:41:23.216738+00,618.522057
4cb21f24-d905-43b4-8ccd-98a25e54ae5e,brute_force,completed,A,true_positive,95,,7,"[{""id"": ""T1110"", ""name"": ""Brute Force"", ""tactic"": ""Credential Access""}, {""id"": ""T1110.001"", ""name"": ""Password Guessing"", ""tactic"": ""Credential Access""}, {""id"": ""T1110.003"", ""name"": ""Password Spraying"", ""tactic"": ""Credential Access""}]","• CONFIRMED ATTACK detected from 10.200.3.211
• Attack Signal: Command injection
• 2 indicator(s) found (ipv4, username)
• HIGH RISK (95/100) — immediate action recommended
• MITRE ATT&CK: {'id': 'T1110', 'name': 'Brute Force', 'tactic': 'Credential Access'}, {'id': 'T1110.001', 'name': 'Password Guessing', 'tactic': 'Credential Access'}, {'id': 'T1110.003', 'name': 'Password Spraying', 'tactic': 'Credential Access'}
• Affected user: web_admin_718",2026-04-09 10:31:05.233535+00,2026-04-09 10:41:45.462485+00,640.228950
35666d39-d140-476c-8558-a080a06459d3,scheduled_backup,completed,A,benign,0,,2,[],"• Routine activity — no threat detected
• 2 indicator(s) found (ipv4, username)
• LOW RISK (0/100) — no action needed
• Affected user: admin_719",2026-04-09 10:31:05.754907+00,2026-04-09 10:42:22.350432+00,676.595525
98e08529-2e27-4f47-a540-6d1a6ce3f053,data_exfiltration,completed,A,true_positive,100,,8,"[{""id"": ""T1041"", ""name"": ""Exfiltration Over C2 Channel"", ""tactic"": ""Exfiltration""}, {""id"": ""T1567"", ""name"": ""Exfiltration Over Web Service"", ""tactic"": ""Exfiltration""}, {""id"": ""T1048"", ""name"": ""Exfiltration Over Alternative Protocol"", ""tactic"": ""Exfiltration""}]","• CONFIRMED ATTACK detected from 10.200.3.213
• Large data transfer: 5.2 GB
• 3 indicator(s) found (ipv4, username)
• HIGH RISK (100/100) — immediate action recommended
• MITRE ATT&CK: {'id': 'T1041', 'name': 'Exfiltration Over C2 Channel', 'tactic': 'Exfiltration'}, {'id': 'T1567', 'name': 'Exfiltration Over Web Service', 'tactic': 'Exfiltration'}, {'id': 'T1048', 'name': 'Exfiltration Over Alternative Protocol', 'tactic': 'Exfiltration'}
• Affected user: web_admin_720",2026-04-09 10:31:06.269918+00,2026-04-09 10:38:50.565206+00,464.295288
8eebca77-1c53-4896-b006-4e56fef689f7,golden_ticket,pending,,,,,,,,2026-04-09 10:31:06.782418+00,,
c501d3aa-6112-4cc4-8b0b-c2fa74de3d63,phishing,completed,A,true_positive,70,,10,"[{""id"": ""T1566"", ""name"": ""Phishing"", ""tactic"": ""Initial Access""}, {""id"": ""T1566.001"", ""name"": ""Spearphishing Attachment"", ""tactic"": ""Initial Access""}, {""id"": ""T1566.002"", ""name"": ""Spearphishing Link"", ""tactic"": ""Initial Access""}, {""id"": ""T1204.001"", ""name"": ""Malicious Link"", ""tactic"": ""Execution""}]","• CONFIRMED ATTACK detected from 10.200.3.215
• Credential harvesting indicators detected
• 4 indicator(s) found (domain, email, ipv4, username)
• HIGH RISK (70/100) — immediate action recommended
• MITRE ATT&CK: {'id': 'T1566', 'name': 'Phishing', 'tactic': 'Initial Access'}, {'id': 'T1566.001', 'name': 'Spearphishing Attachment', 'tactic': 'Initial Access'}, {'id': 'T1566.002', 'name': 'Spearphishing Link', 'tactic': 'Initial Access'}
• Affected user: root_722",2026-04-09 10:31:07.305234+00,2026-04-09 10:37:38.650818+00,391.345584
bf900efd-dc49-478f-ad14-9bbe886ce809,user_login,completed,A,benign,0,,2,[],"• Routine activity — no threat detected
• 2 indicator(s) found (ipv4, username)
• LOW RISK (0/100) — no action needed
• Affected user: root_723",2026-04-09 10:31:07.823045+00,2026-04-09 10:40:49.165562+00,581.342517
38f05c13-744c-4843-95f3-90b32236276d,lolbin_abuse,completed,A,true_positive,100,,8,"[{""id"": ""T1218"", ""name"": ""System Binary Proxy Execution"", ""tactic"": ""Defense Evasion""}, {""id"": ""T1218.005"", ""name"": ""Mshta"", ""tactic"": ""Defense Evasion""}, {""id"": ""T1218.011"", ""name"": ""Rundll32"", ""tactic"": ""Defense Evasion""}]","• CONFIRMED ATTACK detected from 10.200.3.217
• LOLBin abuse: certutil download via -urlcache
• 3 indicator(s) found (ipv4, url, username)
• HIGH RISK (100/100) — immediate action recommended
• MITRE ATT&CK: {'id': 'T1218', 'name': 'System Binary Proxy Execution', 'tactic': 'Defense Evasion'}, {'id': 'T1218.005', 'name': 'Mshta', 'tactic': 'Defense Evasion'}, {'id': 'T1218.011', 'name': 'Rundll32', 'tactic': 'Defense Evasion'}
• Affected user: svc_backup_724",2026-04-09 10:31:08.34069+00,2026-04-09 10:41:54.265851+00,645.925161
3c6f58a9-0c9a-4abc-9f26-4ebfa56676cb,user_login,completed,A,benign,0,,2,[],"• Routine activity — no threat detected
• 2 indicator(s) found (ipv4, username)
• LOW RISK (0/100) — no action needed
• Affected user: attacker_user_725",2026-04-09 10:31:08.869415+00,2026-04-09 10:36:46.666465+00,337.797050
a5bfb347-fb0c-42d9-87f5-2acf4105f6a7,user_login,completed,A,benign,0,,2,[],"• Routine activity — no threat detected
• 2 indicator(s) found (ipv4, username)
• LOW RISK (0/100) — no action needed
• Affected user: attacker_user_726",2026-04-09 10:31:09.38967+00,2026-04-09 10:40:10.358193+00,540.968523
544b370d-9a91-4d74-9083-febd4efe6e77,phishing,completed,A,true_positive,70,,10,"[{""id"": ""T1566"", ""name"": ""Phishing"", ""tactic"": ""Initial Access""}, {""id"": ""T1566.001"", ""name"": ""Spearphishing Attachment"", ""tactic"": ""Initial Access""}, {""id"": ""T1566.002"", ""name"": ""Spearphishing Link"", ""tactic"": ""Initial Access""}, {""id"": ""T1204.001"", ""name"": ""Malicious Link"", ""tactic"": ""Execution""}]","• CONFIRMED ATTACK detected from 10.200.3.220
• Credential harvesting indicators detected
• 4 indicator(s) found (domain, email, ipv4, username)
• HIGH RISK (70/100) — immediate action recommended
• MITRE ATT&CK: {'id': 'T1566', 'name': 'Phishing', 'tactic': 'Initial Access'}, {'id': 'T1566.001', 'name': 'Spearphishing Attachment', 'tactic': 'Initial Access'}, {'id': 'T1566.002', 'name': 'Spearphishing Link', 'tactic': 'Initial Access'}
• Affected user: Administrator_727",2026-04-09 10:31:09.923064+00,2026-04-09 10:39:40.105923+00,510.182859
7e6dc130-d342-4ca6-9bec-d83a44d059d4,lateral_movement,completed,A,true_positive,100,,8,"[{""id"": ""T1021"", ""name"": ""Remote Services"", ""tactic"": ""Lateral Movement""}, {""id"": ""T1021.002"", ""name"": ""SMB/Windows Admin Shares"", ""tactic"": ""Lateral Movement""}, {""id"": ""T1570"", ""name"": ""Lateral Tool Transfer"", ""tactic"": ""Lateral Movement""}, {""id"": ""T1047"", ""name"": ""Windows Management Instrumentation"", ""tactic"": ""Execution""}]","• CONFIRMED ATTACK detected from 10.200.3.221
• Detected ipv4: 10.0.40.251
• 3 indicator(s) found (ipv4, username)
• HIGH RISK (100/100) — immediate action recommended
• MITRE ATT&CK: {'id': 'T1021', 'name': 'Remote Services', 'tactic': 'Lateral Movement'}, {'id': 'T1021.002', 'name': 'SMB/Windows Admin Shares', 'tactic': 'Lateral Movement'}, {'id': 'T1570', 'name': 'Lateral Tool Transfer', 'tactic': 'Lateral Movement'}
• Affected user: Administrator_728",2026-04-09 10:31:10.440207+00,2026-04-09 10:41:49.268157+00,638.827950
05e5150b-2a22-4136-b8bc-5e06378c43a6,lolbin_abuse,completed,A,benign,15,,8,"[{""id"": ""T1218"", ""name"": ""System Binary Proxy Execution"", ""tactic"": ""Defense Evasion""}, {""id"": ""T1218.005"", ""name"": ""Mshta"", ""tactic"": ""Defense Evasion""}, {""id"": ""T1218.011"", ""name"": ""Rundll32"", ""tactic"": ""Defense Evasion""}]","• Routine activity — no threat detected
• URL targets suspicious executable: http://bad.host/stage2.ps1
• 3 indicator(s) found (ipv4, url, username)
• LOW RISK (15/100) — no action needed
• MITRE ATT&CK: {'id': 'T1218', 'name': 'System Binary Proxy Execution', 'tactic': 'Defense Evasion'}, {'id': 'T1218.005', 'name': 'Mshta', 'tactic': 'Defense Evasion'}, {'id': 'T1218.011', 'name': 'Rundll32', 'tactic': 'Defense Evasion'}
• Affected user: jdoe_729",2026-04-09 10:31:10.95238+00,2026-04-09 10:41:53.558371+00,642.605991
87905e73-8b17-4c40-a0c9-140a6310a319,brute_force,completed,A,true_positive,95,,7,"[{""id"": ""T1110"", ""name"": ""Brute Force"", ""tactic"": ""Credential Access""}, {""id"": ""T1110.001"", ""name"": ""Password Guessing"", ""tactic"": ""Credential Access""}, {""id"": ""T1110.003"", ""name"": ""Password Spraying"", ""tactic"": ""Credential Access""}]","• CONFIRMED ATTACK detected from 10.200.3.223
• Attack Signal: Command injection
• 2 indicator(s) found (ipv4, username)
• HIGH RISK (95/100) — immediate action recommended
• MITRE ATT&CK: {'id': 'T1110', 'name': 'Brute Force', 'tactic': 'Credential Access'}, {'id': 'T1110.001', 'name': 'Password Guessing', 'tactic': 'Credential Access'}, {'id': 'T1110.003', 'name': 'Password Spraying', 'tactic': 'Credential Access'}
• Affected user: data_thief_730",2026-04-09 10:31:11.471691+00,2026-04-09 10:41:33.461738+00,621.990047
d0add594-1e17-49b0-af9e-3e10dde0ebaf,kerberoasting,completed,A,true_positive,100,,7,"[{""id"": ""T1558.003"", ""name"": ""Kerberoasting"", ""tactic"": ""Credential Access""}]","• CONFIRMED ATTACK detected from 10.200.3.224
• SPN enumeration detected — Kerberoasting recon
• 3 indicator(s) found (ipv4, service_name, username)
• HIGH RISK (100/100) — immediate action recommended
• MITRE ATT&CK: {'id': 'T1558.003', 'name': 'Kerberoasting', 'tactic': 'Credential Access'}
• Affected user: root_731",2026-04-09 10:31:11.987396+00,2026-04-09 10:37:08.353548+00,356.366152
13084005-c844-4108-8f16-00db221cb0ea,user_login,completed,A,benign,0,,2,[],"• Routine activity — no threat detected
• 2 indicator(s) found (ipv4, username)
• LOW RISK (0/100) — no action needed
• Affected user: jdoe_732",2026-04-09 10:31:12.493211+00,2026-04-09 10:42:22.526498+00,670.033287
34f9a5cf-9ce2-4292-8f35-610b10d6212a,lateral_movement,completed,A,true_positive,100,,8,"[{""id"": ""T1021"", ""name"": ""Remote Services"", ""tactic"": ""Lateral Movement""}, {""id"": ""T1021.002"", ""name"": ""SMB/Windows Admin Shares"", ""tactic"": ""Lateral Movement""}, {""id"": ""T1570"", ""name"": ""Lateral Tool Transfer"", ""tactic"": ""Lateral Movement""}, {""id"": ""T1047"", ""name"": ""Windows Management Instrumentation"", ""tactic"": ""Execution""}]","• CONFIRMED ATTACK detected from 10.200.3.226
• Detected ipv4: 192.168.1.44
• 3 indicator(s) found (ipv4, username)
• HIGH RISK (100/100) — immediate action recommended
• MITRE ATT&CK: {'id': 'T1021', 'name': 'Remote Services', 'tactic': 'Lateral Movement'}, {'id': 'T1021.002', 'name': 'SMB/Windows Admin Shares', 'tactic': 'Lateral Movement'}, {'id': 'T1570', 'name': 'Lateral Tool Transfer', 'tactic': 'Lateral Movement'}
• Affected user: web_admin_733",2026-04-09 10:31:13.00682+00,2026-04-09 10:42:22.226509+00,669.219689
49cec394-53fe-4993-9dc6-0a260601dbdf,lolbin_abuse,completed,A,benign,15,,8,"[{""id"": ""T1218"", ""name"": ""System Binary Proxy Execution"", ""tactic"": ""Defense Evasion""}, {""id"": ""T1218.005"", ""name"": ""Mshta"", ""tactic"": ""Defense Evasion""}, {""id"": ""T1218.011"", ""name"": ""Rundll32"", ""tactic"": ""Defense Evasion""}]","• Routine activity — no threat detected
• URL targets suspicious executable: http://bad.host/stage2.ps1
• 3 indicator(s) found (ipv4, url, username)
• LOW RISK (15/100) — no action needed
• MITRE ATT&CK: {'id': 'T1218', 'name': 'System Binary Proxy Execution', 'tactic': 'Defense Evasion'}, {'id': 'T1218.005', 'name': 'Mshta', 'tactic': 'Defense Evasion'}, {'id': 'T1218.011', 'name': 'Rundll32', 'tactic': 'Defense Evasion'}
• Affected user: user2_734",2026-04-09 10:31:13.520588+00,2026-04-09 10:41:53.643622+00,640.123034
3dd34295-a30f-4b4c-a931-600c7b1afcb2,lolbin_abuse,completed,A,true_positive,100,,8,"[{""id"": ""T1218"", ""name"": ""System Binary Proxy Execution"", ""tactic"": ""Defense Evasion""}, {""id"": ""T1218.005"", ""name"": ""Mshta"", ""tactic"": ""Defense Evasion""}, {""id"": ""T1218.011"", ""name"": ""Rundll32"", ""tactic"": ""Defense Evasion""}]","• CONFIRMED ATTACK detected from 10.200.3.228
• LOLBin abuse: certutil download via -urlcache
• 3 indicator(s) found (ipv4, url, username)
• HIGH RISK (100/100) — immediate action recommended
• MITRE ATT&CK: {'id': 'T1218', 'name': 'System Binary Proxy Execution', 'tactic': 'Defense Evasion'}, {'id': 'T1218.005', 'name': 'Mshta', 'tactic': 'Defense Evasion'}, {'id': 'T1218.011', 'name': 'Rundll32', 'tactic': 'Defense Evasion'}
• Affected user: backup_svc_735",2026-04-09 10:31:14.032489+00,2026-04-09 10:38:12.84036+00,418.807871
558dc6b2-ca95-4bb2-9e2d-91a25639b0a5,user_login,completed,A,benign,0,,2,[],"• Routine activity — no threat detected
• 2 indicator(s) found (ipv4, username)
• LOW RISK (0/100) — no action needed
• Affected user: jdoe_736",2026-04-09 10:31:14.562341+00,2026-04-09 10:42:24.954291+00,670.391950
18fc18c2-442e-471d-987f-065f0943808f,c2_communication,completed,A,true_positive,100,,8,"[{""id"": ""T1071"", ""name"": ""Application Layer Protocol"", ""tactic"": ""Command and Control""}, {""id"": ""T1573"", ""name"": ""Encrypted Channel"", ""tactic"": ""Command and Control""}, {""id"": ""T1105"", ""name"": ""Ingress Tool Transfer"", ""tactic"": ""Command and Control""}, {""id"": ""T1571"", ""name"": ""Non-Standard Port"", ""tactic"": ""Command and Control""}]","• CONFIRMED ATTACK detected from 10.200.3.230
• Regular beacon interval detected: 30.0s (stddev=0.5)
• 3 indicator(s) found (ipv4, username)
• HIGH RISK (100/100) — immediate action recommended
• MITRE ATT&CK: {'id': 'T1071', 'name': 'Application Layer Protocol', 'tactic': 'Command and Control'}, {'id': 'T1573', 'name': 'Encrypted Channel', 'tactic': 'Command and Control'}, {'id': 'T1105', 'name': 'Ingress Tool Transfer', 'tactic': 'Command and Control'}
• Affected user: web_admin_737",2026-04-09 10:31:15.081237+00,2026-04-09 10:42:27.313572+00,672.232335
b1b57142-ac51-4400-b171-ed7b3bf45dec,lateral_movement,completed,A,true_positive,100,,8,"[{""id"": ""T1021"", ""name"": ""Remote Services"", ""tactic"": ""Lateral Movement""}, {""id"": ""T1021.002"", ""name"": ""SMB/Windows Admin Shares"", ""tactic"": ""Lateral Movement""}, {""id"": ""T1570"", ""name"": ""Lateral Tool Transfer"", ""tactic"": ""Lateral Movement""}, {""id"": ""T1047"", ""name"": ""Windows Management Instrumentation"", ""tactic"": ""Execution""}]","• CONFIRMED ATTACK detected from 10.200.3.231
• Detected ipv4: 10.0.60.193
• 3 indicator(s) found (ipv4, username)
• HIGH RISK (100/100) — immediate action recommended
• MITRE ATT&CK: {'id': 'T1021', 'name': 'Remote Services', 'tactic': 'Lateral Movement'}, {'id': 'T1021.002', 'name': 'SMB/Windows Admin Shares', 'tactic': 'Lateral Movement'}, {'id': 'T1570', 'name': 'Lateral Tool Transfer', 'tactic': 'Lateral Movement'}
• Affected user: user2_738",2026-04-09 10:31:15.620946+00,2026-04-09 10:40:20.913067+00,545.292121
6446a5af-214e-4455-898d-0fbdbec6190e,lateral_movement,completed,A,true_positive,100,,8,"[{""id"": ""T1021"", ""name"": ""Remote Services"", ""tactic"": ""Lateral Movement""}, {""id"": ""T1021.002"", ""name"": ""SMB/Windows Admin Shares"", ""tactic"": ""Lateral Movement""}, {""id"": ""T1570"", ""name"": ""Lateral Tool Transfer"", ""tactic"": ""Lateral Movement""}, {""id"": ""T1047"", ""name"": ""Windows Management Instrumentation"", ""tactic"": ""Execution""}]","• CONFIRMED ATTACK detected from 10.200.3.232
• Detected ipv4: 172.16.0.217
• 3 indicator(s) found (ipv4, username)
• HIGH RISK (100/100) — immediate action recommended
• MITRE ATT&CK: {'id': 'T1021', 'name': 'Remote Services', 'tactic': 'Lateral Movement'}, {'id': 'T1021.002', 'name': 'SMB/Windows Admin Shares', 'tactic': 'Lateral Movement'}, {'id': 'T1570', 'name': 'Lateral Tool Transfer', 'tactic': 'Lateral Movement'}
• Affected user: jdoe_739",2026-04-09 10:31:16.140998+00,2026-04-09 10:41:24.069816+00,607.928818
e4445a14-e125-4de0-8092-978d902b3b80,ransomware,completed,A,true_positive,100,,8,"[{""id"": ""T1486"", ""name"": ""Data Encrypted for Impact"", ""tactic"": ""Impact""}, {""id"": ""T1490"", ""name"": ""Inhibit System Recovery"", ""tactic"": ""Impact""}, {""id"": ""T1059"", ""name"": ""Command and Scripting Interpreter"", ""tactic"": ""Execution""}, {""id"": ""T1547"", ""name"": ""Boot or Logon Autostart Execution"", ""tactic"": ""Persistence""}]","• CONFIRMED ATTACK detected from 10.200.3.233
• Shadow copy deletion detected (vssadmin delete shadows)
• 2 indicator(s) found (ipv4, username)
• HIGH RISK (100/100) — immediate action recommended
• MITRE ATT&CK: {'id': 'T1486', 'name': 'Data Encrypted for Impact', 'tactic': 'Impact'}, {'id': 'T1490', 'name': 'Inhibit System Recovery', 'tactic': 'Impact'}, {'id': 'T1059', 'name': 'Command and Scripting Interpreter', 'tactic': 'Execution'}
• Affected user: backup_svc_740",2026-04-09 10:31:16.6614+00,2026-04-09 10:41:37.808912+00,621.147512
c9f1f512-fb63-4661-b34b-1d9682971a2d,scheduled_backup,completed,A,benign,0,,2,[],"• Routine activity — no threat detected
• 2 indicator(s) found (ipv4, username)
• LOW RISK (0/100) — no action needed
• Affected user: jsmith_741",2026-04-09 10:31:17.175844+00,2026-04-09 10:35:02.068616+00,224.892772
2ee6c0ad-d175-4149-8acb-13d912fbf2a8,windows_update,completed,A,benign,0,,2,[],"• Routine activity — no threat detected
• 2 indicator(s) found (ipv4, username)
• LOW RISK (0/100) — no action needed
• Affected user: jsmith_742",2026-04-09 10:31:17.692525+00,2026-04-09 10:41:54.375601+00,636.683076
8eda0c9d-a383-4e4c-8dd3-94e56d39a262,data_exfiltration,completed,A,true_positive,100,,8,"[{""id"": ""T1041"", ""name"": ""Exfiltration Over C2 Channel"", ""tactic"": ""Exfiltration""}, {""id"": ""T1567"", ""name"": ""Exfiltration Over Web Service"", ""tactic"": ""Exfiltration""}, {""id"": ""T1048"", ""name"": ""Exfiltration Over Alternative Protocol"", ""tactic"": ""Exfiltration""}]","• CONFIRMED ATTACK detected from 10.200.3.236
• Large data transfer: 5.2 GB
• 3 indicator(s) found (ipv4, username)
• HIGH RISK (100/100) — immediate action recommended
• MITRE ATT&CK: {'id': 'T1041', 'name': 'Exfiltration Over C2 Channel', 'tactic': 'Exfiltration'}, {'id': 'T1567', 'name': 'Exfiltration Over Web Service', 'tactic': 'Exfiltration'}, {'id': 'T1048', 'name': 'Exfiltration Over Alternative Protocol', 'tactic': 'Exfiltration'}
• Affected user: user2_743",2026-04-09 10:31:18.208635+00,2026-04-09 10:40:53.312814+00,575.104179
d56d4bc5-2786-4a1c-938b-045606ce06a2,phishing,completed,A,true_positive,80,,10,"[{""id"": ""T1566"", ""name"": ""Phishing"", ""tactic"": ""Initial Access""}, {""id"": ""T1566.001"", ""name"": ""Spearphishing Attachment"", ""tactic"": ""Initial Access""}, {""id"": ""T1566.002"", ""name"": ""Spearphishing Link"", ""tactic"": ""Initial Access""}, {""id"": ""T1204.001"", ""name"": ""Malicious Link"", ""tactic"": ""Execution""}]","• CONFIRMED ATTACK detected from 10.200.3.237
• Urgency/social engineering language detected
• 4 indicator(s) found (domain, email, ipv4, username)
• HIGH RISK (80/100) — immediate action recommended
• MITRE ATT&CK: {'id': 'T1566', 'name': 'Phishing', 'tactic': 'Initial Access'}, {'id': 'T1566.001', 'name': 'Spearphishing Attachment', 'tactic': 'Initial Access'}, {'id': 'T1566.002', 'name': 'Spearphishing Link', 'tactic': 'Initial Access'}
• Affected user: exfil_user_744",2026-04-09 10:31:18.730925+00,2026-04-09 10:41:35.142661+00,616.411736
eb5468f6-37a7-4d68-9320-372ed0013ebe,c2_communication,completed,A,true_positive,100,,8,"[{""id"": ""T1071"", ""name"": ""Application Layer Protocol"", ""tactic"": ""Command and Control""}, {""id"": ""T1573"", ""name"": ""Encrypted Channel"", ""tactic"": ""Command and Control""}, {""id"": ""T1105"", ""name"": ""Ingress Tool Transfer"", ""tactic"": ""Command and Control""}, {""id"": ""T1571"", ""name"": ""Non-Standard Port"", ""tactic"": ""Command and Control""}]","• CONFIRMED ATTACK detected from 10.200.3.238
• Regular beacon interval detected: 30.0s (stddev=0.5)
• 3 indicator(s) found (ipv4, username)
• HIGH RISK (100/100) — immediate action recommended
• MITRE ATT&CK: {'id': 'T1071', 'name': 'Application Layer Protocol', 'tactic': 'Command and Control'}, {'id': 'T1573', 'name': 'Encrypted Channel', 'tactic': 'Command and Control'}, {'id': 'T1105', 'name': 'Ingress Tool Transfer', 'tactic': 'Command and Control'}
• Affected user: web_admin_745",2026-04-09 10:31:19.246818+00,2026-04-09 10:39:46.586971+00,507.340153
bc632590-afb3-45b5-9a8a-5eb4e93eec29,ransomware,completed,A,true_positive,100,,8,"[{""id"": ""T1486"", ""name"": ""Data Encrypted for Impact"", ""tactic"": ""Impact""}, {""id"": ""T1490"", ""name"": ""Inhibit System Recovery"", ""tactic"": ""Impact""}, {""id"": ""T1059"", ""name"": ""Command and Scripting Interpreter"", ""tactic"": ""Execution""}, {""id"": ""T1547"", ""name"": ""Boot or Logon Autostart Execution"", ""tactic"": ""Persistence""}]","• CONFIRMED ATTACK detected from 10.200.3.239
• Shadow copy deletion detected (vssadmin delete shadows)
• 2 indicator(s) found (ipv4, username)
• HIGH RISK (100/100) — immediate action recommended
• MITRE ATT&CK: {'id': 'T1486', 'name': 'Data Encrypted for Impact', 'tactic': 'Impact'}, {'id': 'T1490', 'name': 'Inhibit System Recovery', 'tactic': 'Impact'}, {'id': 'T1059', 'name': 'Command and Scripting Interpreter', 'tactic': 'Execution'}
• Affected user: admin_746",2026-04-09 10:31:19.762166+00,2026-04-09 10:35:21.094145+00,241.331979
e8e81fbf-b62f-4646-8840-7de59d597a03,user_login,completed,A,benign,0,,2,[],"• Routine activity — no threat detected
• 2 indicator(s) found (ipv4, username)
• LOW RISK (0/100) — no action needed
• Affected user: compromised_747",2026-04-09 10:31:20.276592+00,2026-04-09 10:36:51.879705+00,331.603113
9a45246b-62ad-4548-957c-1afb238419a8,c2_communication,completed,A,true_positive,100,,8,"[{""id"": ""T1071"", ""name"": ""Application Layer Protocol"", ""tactic"": ""Command and Control""}, {""id"": ""T1573"", ""name"": ""Encrypted Channel"", ""tactic"": ""Command and Control""}, {""id"": ""T1105"", ""name"": ""Ingress Tool Transfer"", ""tactic"": ""Command and Control""}, {""id"": ""T1571"", ""name"": ""Non-Standard Port"", ""tactic"": ""Command and Control""}]","• CONFIRMED ATTACK detected from 10.200.3.241
• Regular beacon interval detected: 30.0s (stddev=0.5)
• 3 indicator(s) found (ipv4, username)
• HIGH RISK (100/100) — immediate action recommended
• MITRE ATT&CK: {'id': 'T1071', 'name': 'Application Layer Protocol', 'tactic': 'Command and Control'}, {'id': 'T1573', 'name': 'Encrypted Channel', 'tactic': 'Command and Control'}, {'id': 'T1105', 'name': 'Ingress Tool Transfer', 'tactic': 'Command and Control'}
• Affected user: admin_748",2026-04-09 10:31:20.789473+00,2026-04-09 10:40:37.558526+00,556.769053
25fc0dfd-6372-404f-9048-d207c8b38621,kerberoasting,completed,A,true_positive,100,,7,"[{""id"": ""T1558.003"", ""name"": ""Kerberoasting"", ""tactic"": ""Credential Access""}]","• CONFIRMED ATTACK detected from 10.200.3.242
• SPN enumeration detected — Kerberoasting recon
• 3 indicator(s) found (ipv4, service_name, username)
• HIGH RISK (100/100) — immediate action recommended
• MITRE ATT&CK: {'id': 'T1558.003', 'name': 'Kerberoasting', 'tactic': 'Credential Access'}
• Affected user: SYSTEM_749",2026-04-09 10:31:21.302108+00,2026-04-09 10:41:54.338331+00,633.036223
34474df6-ffab-425d-bac4-6cf31f19f180,lateral_movement,completed,A,true_positive,100,,8,"[{""id"": ""T1021"", ""name"": ""Remote Services"", ""tactic"": ""Lateral Movement""}, {""id"": ""T1021.002"", ""name"": ""SMB/Windows Admin Shares"", ""tactic"": ""Lateral Movement""}, {""id"": ""T1570"", ""name"": ""Lateral Tool Transfer"", ""tactic"": ""Lateral Movement""}, {""id"": ""T1047"", ""name"": ""Windows Management Instrumentation"", ""tactic"": ""Execution""}]","• CONFIRMED ATTACK detected from 10.200.3.243
• Detected ipv4: 10.0.60.166
• 3 indicator(s) found (ipv4, username)
• HIGH RISK (100/100) — immediate action recommended
• MITRE ATT&CK: {'id': 'T1021', 'name': 'Remote Services', 'tactic': 'Lateral Movement'}, {'id': 'T1021.002', 'name': 'SMB/Windows Admin Shares', 'tactic': 'Lateral Movement'}, {'id': 'T1570', 'name': 'Lateral Tool Transfer', 'tactic': 'Lateral Movement'}
• Affected user: SYSTEM_750",2026-04-09 10:31:21.815635+00,2026-04-09 10:41:53.735564+00,631.919929
8344512d-c2ba-4c78-b386-ce35dbf52393,lateral_movement,completed,A,true_positive,100,,8,"[{""id"": ""T1021"", ""name"": ""Remote Services"", ""tactic"": ""Lateral Movement""}, {""id"": ""T1021.002"", ""name"": ""SMB/Windows Admin Shares"", ""tactic"": ""Lateral Movement""}, {""id"": ""T1570"", ""name"": ""Lateral Tool Transfer"", ""tactic"": ""Lateral Movement""}, {""id"": ""T1047"", ""name"": ""Windows Management Instrumentation"", ""tactic"": ""Execution""}]","• CONFIRMED ATTACK detected from 10.200.3.244
• Detected ipv4: 10.0.50.150
• 3 indicator(s) found (ipv4, username)
• HIGH RISK (100/100) — immediate action recommended
• MITRE ATT&CK: {'id': 'T1021', 'name': 'Remote Services', 'tactic': 'Lateral Movement'}, {'id': 'T1021.002', 'name': 'SMB/Windows Admin Shares', 'tactic': 'Lateral Movement'}, {'id': 'T1570', 'name': 'Lateral Tool Transfer', 'tactic': 'Lateral Movement'}
• Affected user: root_751",2026-04-09 10:31:22.327695+00,2026-04-09 10:42:10.814591+00,648.486896
090bf7cd-2b7f-4b3d-80d7-a533c1ee8e0b,lateral_movement,completed,A,true_positive,100,,8,"[{""id"": ""T1021"", ""name"": ""Remote Services"", ""tactic"": ""Lateral Movement""}, {""id"": ""T1021.002"", ""name"": ""SMB/Windows Admin Shares"", ""tactic"": ""Lateral Movement""}, {""id"": ""T1570"", ""name"": ""Lateral Tool Transfer"", ""tactic"": ""Lateral Movement""}, {""id"": ""T1047"", ""name"": ""Windows Management Instrumentation"", ""tactic"": ""Execution""}]","• CONFIRMED ATTACK detected from 10.200.3.245
• Detected ipv4: 172.16.0.180
• 3 indicator(s) found (ipv4, username)
• HIGH RISK (100/100) — immediate action recommended
• MITRE ATT&CK: {'id': 'T1021', 'name': 'Remote Services', 'tactic': 'Lateral Movement'}, {'id': 'T1021.002', 'name': 'SMB/Windows Admin Shares', 'tactic': 'Lateral Movement'}, {'id': 'T1570', 'name': 'Lateral Tool Transfer', 'tactic': 'Lateral Movement'}
• Affected user: compromised_752",2026-04-09 10:31:22.845739+00,2026-04-09 10:39:33.007073+00,490.161334
75495e1c-a98b-4231-bcc4-9503c7a5b5c9,ransomware,completed,A,true_positive,100,,8,"[{""id"": ""T1486"", ""name"": ""Data Encrypted for Impact"", ""tactic"": ""Impact""}, {""id"": ""T1490"", ""name"": ""Inhibit System Recovery"", ""tactic"": ""Impact""}, {""id"": ""T1059"", ""name"": ""Command and Scripting Interpreter"", ""tactic"": ""Execution""}, {""id"": ""T1547"", ""name"": ""Boot or Logon Autostart Execution"", ""tactic"": ""Persistence""}]","• CONFIRMED ATTACK detected from 10.200.3.246
• Shadow copy deletion detected (vssadmin delete shadows)
• 2 indicator(s) found (ipv4, username)
• HIGH RISK (100/100) — immediate action recommended
• MITRE ATT&CK: {'id': 'T1486', 'name': 'Data Encrypted for Impact', 'tactic': 'Impact'}, {'id': 'T1490', 'name': 'Inhibit System Recovery', 'tactic': 'Impact'}, {'id': 'T1059', 'name': 'Command and Scripting Interpreter', 'tactic': 'Execution'}
• Affected user: attacker_user_753",2026-04-09 10:31:23.360659+00,2026-04-09 10:39:44.433506+00,501.072847
6ae2c681-002b-4e77-818d-208156e40fd9,data_exfiltration,completed,A,true_positive,100,,8,"[{""id"": ""T1041"", ""name"": ""Exfiltration Over C2 Channel"", ""tactic"": ""Exfiltration""}, {""id"": ""T1567"", ""name"": ""Exfiltration Over Web Service"", ""tactic"": ""Exfiltration""}, {""id"": ""T1048"", ""name"": ""Exfiltration Over Alternative Protocol"", ""tactic"": ""Exfiltration""}]","• CONFIRMED ATTACK detected from 10.200.3.247
• Large data transfer: 5.2 GB
• 3 indicator(s) found (ipv4, username)
• HIGH RISK (100/100) — immediate action recommended
• MITRE ATT&CK: {'id': 'T1041', 'name': 'Exfiltration Over C2 Channel', 'tactic': 'Exfiltration'}, {'id': 'T1567', 'name': 'Exfiltration Over Web Service', 'tactic': 'Exfiltration'}, {'id': 'T1048', 'name': 'Exfiltration Over Alternative Protocol', 'tactic': 'Exfiltration'}
• Affected user: compromised_754",2026-04-09 10:31:23.87338+00,2026-04-09 10:36:40.584717+00,316.711337
051cd456-dc9a-4f78-8c85-fc68a574d75c,brute_force,completed,A,true_positive,95,,7,"[{""id"": ""T1110"", ""name"": ""Brute Force"", ""tactic"": ""Credential Access""}, {""id"": ""T1110.001"", ""name"": ""Password Guessing"", ""tactic"": ""Credential Access""}, {""id"": ""T1110.003"", ""name"": ""Password Spraying"", ""tactic"": ""Credential Access""}]","• CONFIRMED ATTACK detected from 10.200.3.248
• Attack Signal: Command injection
• 2 indicator(s) found (ipv4, username)
• HIGH RISK (95/100) — immediate action recommended
• MITRE ATT&CK: {'id': 'T1110', 'name': 'Brute Force', 'tactic': 'Credential Access'}, {'id': 'T1110.001', 'name': 'Password Guessing', 'tactic': 'Credential Access'}, {'id': 'T1110.003', 'name': 'Password Spraying', 'tactic': 'Credential Access'}
• Affected user: exfil_user_755",2026-04-09 10:31:24.386014+00,2026-04-09 10:38:47.644955+00,443.258941
87495735-277b-40a5-9ce3-f19c26e1ffaf,lolbin_abuse,completed,A,benign,15,,8,"[{""id"": ""T1218"", ""name"": ""System Binary Proxy Execution"", ""tactic"": ""Defense Evasion""}, {""id"": ""T1218.005"", ""name"": ""Mshta"", ""tactic"": ""Defense Evasion""}, {""id"": ""T1218.011"", ""name"": ""Rundll32"", ""tactic"": ""Defense Evasion""}]","• Routine activity — no threat detected
• URL targets suspicious executable: http://bad.host/stage2.ps1
• 3 indicator(s) found (ipv4, url, username)
• LOW RISK (15/100) — no action needed
• MITRE ATT&CK: {'id': 'T1218', 'name': 'System Binary Proxy Execution', 'tactic': 'Defense Evasion'}, {'id': 'T1218.005', 'name': 'Mshta', 'tactic': 'Defense Evasion'}, {'id': 'T1218.011', 'name': 'Rundll32', 'tactic': 'Defense Evasion'}
• Affected user: user2_756",2026-04-09 10:31:24.900341+00,2026-04-09 10:39:18.254949+00,473.354608
8a6f3e52-5d09-4642-9541-ea6c3849fcf7,windows_update,completed,A,benign,0,,2,[],"• Routine activity — no threat detected
• 2 indicator(s) found (ipv4, username)
• LOW RISK (0/100) — no action needed
• Affected user: root_757",2026-04-09 10:31:25.41221+00,2026-04-09 10:41:53.488737+00,628.076527
d3d27e96-e04f-4b88-8c7f-c59b76be8600,password_change,completed,A,benign,0,,2,[],"• Routine activity — no threat detected
• 2 indicator(s) found (ipv4, username)
• LOW RISK (0/100) — no action needed
• Affected user: data_thief_758",2026-04-09 10:31:25.927045+00,2026-04-09 10:42:27.367257+00,661.440212
df5277ed-8146-4758-9e5a-4d3e87e74fe8,brute_force,completed,A,true_positive,95,,7,"[{""id"": ""T1110"", ""name"": ""Brute Force"", ""tactic"": ""Credential Access""}, {""id"": ""T1110.001"", ""name"": ""Password Guessing"", ""tactic"": ""Credential Access""}, {""id"": ""T1110.003"", ""name"": ""Password Spraying"", ""tactic"": ""Credential Access""}]","• CONFIRMED ATTACK detected from 10.200.3.252
• Attack Signal: Command injection
• 2 indicator(s) found (ipv4, username)
• HIGH RISK (95/100) — immediate action recommended
• MITRE ATT&CK: {'id': 'T1110', 'name': 'Brute Force', 'tactic': 'Credential Access'}, {'id': 'T1110.001', 'name': 'Password Guessing', 'tactic': 'Credential Access'}, {'id': 'T1110.003', 'name': 'Password Spraying', 'tactic': 'Credential Access'}
• Affected user: user2_759",2026-04-09 10:31:26.438773+00,2026-04-09 10:42:22.03837+00,655.599597
451ddcbe-1a3e-4286-86de-db909f5b583c,lolbin_abuse,completed,A,benign,15,,8,"[{""id"": ""T1218"", ""name"": ""System Binary Proxy Execution"", ""tactic"": ""Defense Evasion""}, {""id"": ""T1218.005"", ""name"": ""Mshta"", ""tactic"": ""Defense Evasion""}, {""id"": ""T1218.011"", ""name"": ""Rundll32"", ""tactic"": ""Defense Evasion""}]","• Routine activity — no threat detected
• URL targets suspicious executable: http://bad.host/stage2.ps1
• 3 indicator(s) found (ipv4, url, username)
• LOW RISK (15/100) — no action needed
• MITRE ATT&CK: {'id': 'T1218', 'name': 'System Binary Proxy Execution', 'tactic': 'Defense Evasion'}, {'id': 'T1218.005', 'name': 'Mshta', 'tactic': 'Defense Evasion'}, {'id': 'T1218.011', 'name': 'Rundll32', 'tactic': 'Defense Evasion'}
• Affected user: golden_attacker_760",2026-04-09 10:31:26.961638+00,2026-04-09 10:41:24.031785+00,597.070147
8378d50d-6418-45c6-9766-19d455061c76,lateral_movement,completed,A,true_positive,100,,8,"[{""id"": ""T1021"", ""name"": ""Remote Services"", ""tactic"": ""Lateral Movement""}, {""id"": ""T1021.002"", ""name"": ""SMB/Windows Admin Shares"", ""tactic"": ""Lateral Movement""}, {""id"": ""T1570"", ""name"": ""Lateral Tool Transfer"", ""tactic"": ""Lateral Movement""}, {""id"": ""T1047"", ""name"": ""Windows Management Instrumentation"", ""tactic"": ""Execution""}]","• CONFIRMED ATTACK detected from 10.200.3.254
• Detected ipv4: 10.0.20.63
• 3 indicator(s) found (ipv4, username)
• HIGH RISK (100/100) — immediate action recommended
• MITRE ATT&CK: {'id': 'T1021', 'name': 'Remote Services', 'tactic': 'Lateral Movement'}, {'id': 'T1021.002', 'name': 'SMB/Windows Admin Shares', 'tactic': 'Lateral Movement'}, {'id': 'T1570', 'name': 'Lateral Tool Transfer', 'tactic': 'Lateral Movement'}
• Affected user: Administrator_761",2026-04-09 10:31:27.500002+00,2026-04-09 10:40:14.159959+00,526.659957
1cd10f16-99ed-432b-a7e9-96d3a9db597f,lateral_movement,completed,A,true_positive,100,,8,"[{""id"": ""T1021"", ""name"": ""Remote Services"", ""tactic"": ""Lateral Movement""}, {""id"": ""T1021.002"", ""name"": ""SMB/Windows Admin Shares"", ""tactic"": ""Lateral Movement""}, {""id"": ""T1570"", ""name"": ""Lateral Tool Transfer"", ""tactic"": ""Lateral Movement""}, {""id"": ""T1047"", ""name"": ""Windows Management Instrumentation"", ""tactic"": ""Execution""}]","• CONFIRMED ATTACK detected from 10.200.4.1
• Detected ipv4: 10.0.30.193
• 3 indicator(s) found (ipv4, username)
• HIGH RISK (100/100) — immediate action recommended
• MITRE ATT&CK: {'id': 'T1021', 'name': 'Remote Services', 'tactic': 'Lateral Movement'}, {'id': 'T1021.002', 'name': 'SMB/Windows Admin Shares', 'tactic': 'Lateral Movement'}, {'id': 'T1570', 'name': 'Lateral Tool Transfer', 'tactic': 'Lateral Movement'}
• Affected user: jdoe_762",2026-04-09 10:31:28.030087+00,2026-04-09 10:41:51.404059+00,623.373972
8f29ea08-0fe3-430c-9aa6-7156b2d70bc1,kerberoasting,completed,A,true_positive,100,,7,"[{""id"": ""T1558.003"", ""name"": ""Kerberoasting"", ""tactic"": ""Credential Access""}]","• CONFIRMED ATTACK detected from 10.200.4.2
• SPN enumeration detected — Kerberoasting recon
• 3 indicator(s) found (ipv4, service_name, username)
• HIGH RISK (100/100) — immediate action recommended
• MITRE ATT&CK: {'id': 'T1558.003', 'name': 'Kerberoasting', 'tactic': 'Credential Access'}
• Affected user: golden_attacker_763",2026-04-09 10:31:28.542729+00,2026-04-09 10:39:36.958869+00,488.416140
9d9d062b-e8cd-4aac-8265-e96e946290fd,kerberoasting,completed,A,true_positive,100,,7,"[{""id"": ""T1558.003"", ""name"": ""Kerberoasting"", ""tactic"": ""Credential Access""}]","• CONFIRMED ATTACK detected from 10.200.4.3
• SPN enumeration detected — Kerberoasting recon
• 3 indicator(s) found (ipv4, service_name, username)
• HIGH RISK (100/100) — immediate action recommended
• MITRE ATT&CK: {'id': 'T1558.003', 'name': 'Kerberoasting', 'tactic': 'Credential Access'}
• Affected user: golden_attacker_764",2026-04-09 10:31:29.057145+00,2026-04-09 10:40:50.061612+00,561.004467
48858cfb-464d-410f-b8d8-5ef36491f460,kerberoasting,completed,A,true_positive,100,,7,"[{""id"": ""T1558.003"", ""name"": ""Kerberoasting"", ""tactic"": ""Credential Access""}]","• CONFIRMED ATTACK detected from 10.200.4.4
• SPN enumeration detected — Kerberoasting recon
• 3 indicator(s) found (ipv4, service_name, username)
• HIGH RISK (100/100) — immediate action recommended
• MITRE ATT&CK: {'id': 'T1558.003', 'name': 'Kerberoasting', 'tactic': 'Credential Access'}
• Affected user: SYSTEM_765",2026-04-09 10:31:29.571978+00,2026-04-09 10:40:34.599546+00,545.027568
bb3405b2-f264-4e99-9686-dd1ba3701453,lolbin_abuse,completed,A,true_positive,100,,8,"[{""id"": ""T1218"", ""name"": ""System Binary Proxy Execution"", ""tactic"": ""Defense Evasion""}, {""id"": ""T1218.005"", ""name"": ""Mshta"", ""tactic"": ""Defense Evasion""}, {""id"": ""T1218.011"", ""name"": ""Rundll32"", ""tactic"": ""Defense Evasion""}]","• CONFIRMED ATTACK detected from 10.200.4.5
• LOLBin abuse: certutil download via -urlcache
• 3 indicator(s) found (ipv4, url, username)
• HIGH RISK (100/100) — immediate action recommended
• MITRE ATT&CK: {'id': 'T1218', 'name': 'System Binary Proxy Execution', 'tactic': 'Defense Evasion'}, {'id': 'T1218.005', 'name': 'Mshta', 'tactic': 'Defense Evasion'}, {'id': 'T1218.011', 'name': 'Rundll32', 'tactic': 'Defense Evasion'}
• Affected user: jdoe_766",2026-04-09 10:31:30.097561+00,2026-04-09 10:40:49.505716+00,559.408155
cf8886d3-ed52-4b69-8b9f-d1a8c406ff92,ransomware,completed,A,true_positive,100,,8,"[{""id"": ""T1486"", ""name"": ""Data Encrypted for Impact"", ""tactic"": ""Impact""}, {""id"": ""T1490"", ""name"": ""Inhibit System Recovery"", ""tactic"": ""Impact""}, {""id"": ""T1059"", ""name"": ""Command and Scripting Interpreter"", ""tactic"": ""Execution""}, {""id"": ""T1547"", ""name"": ""Boot or Logon Autostart Execution"", ""tactic"": ""Persistence""}]","• CONFIRMED ATTACK detected from 10.200.4.6
• Shadow copy deletion detected (vssadmin delete shadows)
• 2 indicator(s) found (ipv4, username)
• HIGH RISK (100/100) — immediate action recommended
• MITRE ATT&CK: {'id': 'T1486', 'name': 'Data Encrypted for Impact', 'tactic': 'Impact'}, {'id': 'T1490', 'name': 'Inhibit System Recovery', 'tactic': 'Impact'}, {'id': 'T1059', 'name': 'Command and Scripting Interpreter', 'tactic': 'Execution'}
• Affected user: golden_attacker_767",2026-04-09 10:31:30.612585+00,2026-04-09 10:40:53.792074+00,563.179489
441395d0-dcfa-49bb-af66-a582b33fa960,kerberoasting,completed,A,true_positive,100,,7,"[{""id"": ""T1558.003"", ""name"": ""Kerberoasting"", ""tactic"": ""Credential Access""}]","• CONFIRMED ATTACK detected from 10.200.4.7
• SPN enumeration detected — Kerberoasting recon
• 3 indicator(s) found (ipv4, service_name, username)
• HIGH RISK (100/100) — immediate action recommended
• MITRE ATT&CK: {'id': 'T1558.003', 'name': 'Kerberoasting', 'tactic': 'Credential Access'}
• Affected user: golden_attacker_768",2026-04-09 10:31:31.128259+00,2026-04-09 10:41:54.292168+00,623.163909
739fa61d-6f9b-4831-a814-10301679b1f7,phishing,completed,A,true_positive,85,,10,"[{""id"": ""T1566"", ""name"": ""Phishing"", ""tactic"": ""Initial Access""}, {""id"": ""T1566.001"", ""name"": ""Spearphishing Attachment"", ""tactic"": ""Initial Access""}, {""id"": ""T1566.002"", ""name"": ""Spearphishing Link"", ""tactic"": ""Initial Access""}, {""id"": ""T1204.001"", ""name"": ""Malicious Link"", ""tactic"": ""Execution""}]","• CONFIRMED ATTACK detected from 10.200.4.8
• Urgency/social engineering language detected
• 5 indicator(s) found (domain, email, ipv4, url, username)
• HIGH RISK (85/100) — immediate action recommended
• MITRE ATT&CK: {'id': 'T1566', 'name': 'Phishing', 'tactic': 'Initial Access'}, {'id': 'T1566.001', 'name': 'Spearphishing Attachment', 'tactic': 'Initial Access'}, {'id': 'T1566.002', 'name': 'Spearphishing Link', 'tactic': 'Initial Access'}
• Affected user: sql_svc_769",2026-04-09 10:31:31.639728+00,2026-04-09 10:42:21.440837+00,649.801109
e2a7d0d9-3938-4213-9f35-a12c0daa96be,lateral_movement,completed,A,true_positive,100,,8,"[{""id"": ""T1021"", ""name"": ""Remote Services"", ""tactic"": ""Lateral Movement""}, {""id"": ""T1021.002"", ""name"": ""SMB/Windows Admin Shares"", ""tactic"": ""Lateral Movement""}, {""id"": ""T1570"", ""name"": ""Lateral Tool Transfer"", ""tactic"": ""Lateral Movement""}, {""id"": ""T1047"", ""name"": ""Windows Management Instrumentation"", ""tactic"": ""Execution""}]","• CONFIRMED ATTACK detected from 10.200.4.9
• Detected ipv4: 10.0.40.156
• 3 indicator(s) found (ipv4, username)
• HIGH RISK (100/100) — immediate action recommended
• MITRE ATT&CK: {'id': 'T1021', 'name': 'Remote Services', 'tactic': 'Lateral Movement'}, {'id': 'T1021.002', 'name': 'SMB/Windows Admin Shares', 'tactic': 'Lateral Movement'}, {'id': 'T1570', 'name': 'Lateral Tool Transfer', 'tactic': 'Lateral Movement'}
• Affected user: attacker_user_770",2026-04-09 10:31:32.155798+00,2026-04-09 10:42:22.547122+00,650.391324
dec55396-a763-4306-921e-bee35ee5446a,phishing,completed,A,true_positive,85,,10,"[{""id"": ""T1566"", ""name"": ""Phishing"", ""tactic"": ""Initial Access""}, {""id"": ""T1566.001"", ""name"": ""Spearphishing Attachment"", ""tactic"": ""Initial Access""}, {""id"": ""T1566.002"", ""name"": ""Spearphishing Link"", ""tactic"": ""Initial Access""}, {""id"": ""T1204.001"", ""name"": ""Malicious Link"", ""tactic"": ""Execution""}]","• CONFIRMED ATTACK detected from 10.200.4.10
• Urgency/social engineering language detected
• 5 indicator(s) found (domain, email, ipv4, url, username)
• HIGH RISK (85/100) — immediate action recommended
• MITRE ATT&CK: {'id': 'T1566', 'name': 'Phishing', 'tactic': 'Initial Access'}, {'id': 'T1566.001', 'name': 'Spearphishing Attachment', 'tactic': 'Initial Access'}, {'id': 'T1566.002', 'name': 'Spearphishing Link', 'tactic': 'Initial Access'}
• Affected user: backup_svc_771",2026-04-09 10:31:32.666957+00,2026-04-09 10:41:03.285636+00,570.618679
e4ea0c6a-230f-4036-b7db-b2d339fedd35,lolbin_abuse,completed,A,true_positive,100,,8,"[{""id"": ""T1218"", ""name"": ""System Binary Proxy Execution"", ""tactic"": ""Defense Evasion""}, {""id"": ""T1218.005"", ""name"": ""Mshta"", ""tactic"": ""Defense Evasion""}, {""id"": ""T1218.011"", ""name"": ""Rundll32"", ""tactic"": ""Defense Evasion""}]","• CONFIRMED ATTACK detected from 10.200.4.11
• LOLBin abuse: certutil download via -urlcache
• 3 indicator(s) found (ipv4, url, username)
• HIGH RISK (100/100) — immediate action recommended
• MITRE ATT&CK: {'id': 'T1218', 'name': 'System Binary Proxy Execution', 'tactic': 'Defense Evasion'}, {'id': 'T1218.005', 'name': 'Mshta', 'tactic': 'Defense Evasion'}, {'id': 'T1218.011', 'name': 'Rundll32', 'tactic': 'Defense Evasion'}
• Affected user: admin_772",2026-04-09 10:31:33.180738+00,2026-04-09 10:42:15.933144+00,642.752406
5fd1a2ab-5d0c-4e14-9f58-f0b8e5544655,brute_force,completed,A,true_positive,95,,7,"[{""id"": ""T1110"", ""name"": ""Brute Force"", ""tactic"": ""Credential Access""}, {""id"": ""T1110.001"", ""name"": ""Password Guessing"", ""tactic"": ""Credential Access""}, {""id"": ""T1110.003"", ""name"": ""Password Spraying"", ""tactic"": ""Credential Access""}]","• CONFIRMED ATTACK detected from 10.200.4.12
• Attack Signal: Command injection
• 2 indicator(s) found (ipv4, username)
• HIGH RISK (95/100) — immediate action recommended
• MITRE ATT&CK: {'id': 'T1110', 'name': 'Brute Force', 'tactic': 'Credential Access'}, {'id': 'T1110.001', 'name': 'Password Guessing', 'tactic': 'Credential Access'}, {'id': 'T1110.003', 'name': 'Password Spraying', 'tactic': 'Credential Access'}
• Affected user: jsmith_773",2026-04-09 10:31:33.697013+00,2026-04-09 10:39:14.704653+00,461.007640
d063f22c-509e-44d0-8d40-4712d519a66d,ransomware,completed,A,true_positive,100,,8,"[{""id"": ""T1486"", ""name"": ""Data Encrypted for Impact"", ""tactic"": ""Impact""}, {""id"": ""T1490"", ""name"": ""Inhibit System Recovery"", ""tactic"": ""Impact""}, {""id"": ""T1059"", ""name"": ""Command and Scripting Interpreter"", ""tactic"": ""Execution""}, {""id"": ""T1547"", ""name"": ""Boot or Logon Autostart Execution"", ""tactic"": ""Persistence""}]","• CONFIRMED ATTACK detected from 10.200.4.13
• Shadow copy deletion detected (vssadmin delete shadows)
• 2 indicator(s) found (ipv4, username)
• HIGH RISK (100/100) — immediate action recommended
• MITRE ATT&CK: {'id': 'T1486', 'name': 'Data Encrypted for Impact', 'tactic': 'Impact'}, {'id': 'T1490', 'name': 'Inhibit System Recovery', 'tactic': 'Impact'}, {'id': 'T1059', 'name': 'Command and Scripting Interpreter', 'tactic': 'Execution'}
• Affected user: sql_svc_774",2026-04-09 10:31:34.21277+00,2026-04-09 10:42:22.253202+00,648.040432
3df2f250-4078-4336-9482-82e6adcbd50c,golden_ticket,completed,A,true_positive,100,,7,"[{""id"": ""T1558.001"", ""name"": ""Golden Ticket"", ""tactic"": ""Credential Access""}]","• CONFIRMED ATTACK detected from 10.200.4.14
• Forged Kerberos ticket detected
• 2 indicator(s) found (ipv4, username)
• HIGH RISK (100/100) — immediate action recommended
• MITRE ATT&CK: {'id': 'T1558.001', 'name': 'Golden Ticket', 'tactic': 'Credential Access'}
• Affected user: jsmith_775",2026-04-09 10:31:34.727202+00,2026-04-09 10:41:20.749488+00,586.022286
8b8a726d-cbd6-4237-81ff-f002c096615b,kerberoasting,completed,A,true_positive,100,,7,"[{""id"": ""T1558.003"", ""name"": ""Kerberoasting"", ""tactic"": ""Credential Access""}]","• CONFIRMED ATTACK detected from 10.200.4.15
• SPN enumeration detected — Kerberoasting recon
• 3 indicator(s) found (ipv4, service_name, username)
• HIGH RISK (100/100) — immediate action recommended
• MITRE ATT&CK: {'id': 'T1558.003', 'name': 'Kerberoasting', 'tactic': 'Credential Access'}
• Affected user: asmith_776",2026-04-09 10:31:35.252935+00,2026-04-09 10:41:04.882268+00,569.629333
0dd1e391-e4f4-49ca-9ca2-5de3f821b9ce,password_change,completed,A,benign,0,,2,[],"• Routine activity — no threat detected
• 2 indicator(s) found (ipv4, username)
• LOW RISK (0/100) — no action needed
• Affected user: data_thief_777",2026-04-09 10:31:35.774216+00,2026-04-09 10:41:44.974613+00,609.200397
9dcbcfa3-20d8-4c9e-a72f-a51493008749,password_change,completed,A,benign,0,,2,[],"• Routine activity — no threat detected
• 2 indicator(s) found (ipv4, username)
• LOW RISK (0/100) — no action needed
• Affected user: user2_778",2026-04-09 10:31:36.321448+00,2026-04-09 10:41:04.717473+00,568.396025
af6780bf-a029-41f3-94c9-2dbeff2faf93,c2_communication,completed,A,true_positive,100,,8,"[{""id"": ""T1071"", ""name"": ""Application Layer Protocol"", ""tactic"": ""Command and Control""}, {""id"": ""T1573"", ""name"": ""Encrypted Channel"", ""tactic"": ""Command and Control""}, {""id"": ""T1105"", ""name"": ""Ingress Tool Transfer"", ""tactic"": ""Command and Control""}, {""id"": ""T1571"", ""name"": ""Non-Standard Port"", ""tactic"": ""Command and Control""}]","• CONFIRMED ATTACK detected from 10.200.4.18
• Regular beacon interval detected: 30.0s (stddev=0.5)
• 3 indicator(s) found (ipv4, username)
• HIGH RISK (100/100) — immediate action recommended
• MITRE ATT&CK: {'id': 'T1071', 'name': 'Application Layer Protocol', 'tactic': 'Command and Control'}, {'id': 'T1573', 'name': 'Encrypted Channel', 'tactic': 'Command and Control'}, {'id': 'T1105', 'name': 'Ingress Tool Transfer', 'tactic': 'Command and Control'}
• Affected user: data_thief_779",2026-04-09 10:31:36.836352+00,2026-04-09 10:42:23.742362+00,646.906010
971949b9-f103-4c71-b541-4a95b3e13b08,phishing,completed,A,true_positive,85,,10,"[{""id"": ""T1566"", ""name"": ""Phishing"", ""tactic"": ""Initial Access""}, {""id"": ""T1566.001"", ""name"": ""Spearphishing Attachment"", ""tactic"": ""Initial Access""}, {""id"": ""T1566.002"", ""name"": ""Spearphishing Link"", ""tactic"": ""Initial Access""}, {""id"": ""T1204.001"", ""name"": ""Malicious Link"", ""tactic"": ""Execution""}]","• CONFIRMED ATTACK detected from 10.200.4.19
• Urgency/social engineering language detected
• 5 indicator(s) found (domain, email, ipv4, url, username)
• HIGH RISK (85/100) — immediate action recommended
• MITRE ATT&CK: {'id': 'T1566', 'name': 'Phishing', 'tactic': 'Initial Access'}, {'id': 'T1566.001', 'name': 'Spearphishing Attachment', 'tactic': 'Initial Access'}, {'id': 'T1566.002', 'name': 'Spearphishing Link', 'tactic': 'Initial Access'}
• Affected user: krbtgt_780",2026-04-09 10:31:37.366037+00,2026-04-09 10:41:44.829371+00,607.463334
1b67d3f3-7a27-40e9-b218-260266004ba9,windows_update,completed,A,benign,0,,2,[],"• Routine activity — no threat detected
• 2 indicator(s) found (ipv4, username)
• LOW RISK (0/100) — no action needed
• Affected user: sql_svc_781",2026-04-09 10:31:37.891467+00,2026-04-09 10:39:14.04541+00,456.153943
c91f2676-a36f-4711-88d3-ce9050fb7bc3,data_exfiltration,completed,A,true_positive,100,,8,"[{""id"": ""T1041"", ""name"": ""Exfiltration Over C2 Channel"", ""tactic"": ""Exfiltration""}, {""id"": ""T1567"", ""name"": ""Exfiltration Over Web Service"", ""tactic"": ""Exfiltration""}, {""id"": ""T1048"", ""name"": ""Exfiltration Over Alternative Protocol"", ""tactic"": ""Exfiltration""}]","• CONFIRMED ATTACK detected from 10.200.4.21
• Large data transfer: 5.2 GB
• 3 indicator(s) found (ipv4, username)
• HIGH RISK (100/100) — immediate action recommended
• MITRE ATT&CK: {'id': 'T1041', 'name': 'Exfiltration Over C2 Channel', 'tactic': 'Exfiltration'}, {'id': 'T1567', 'name': 'Exfiltration Over Web Service', 'tactic': 'Exfiltration'}, {'id': 'T1048', 'name': 'Exfiltration Over Alternative Protocol', 'tactic': 'Exfiltration'}
• Affected user: data_thief_782",2026-04-09 10:31:38.410345+00,2026-04-09 10:41:21.010153+00,582.599808
bff3db5c-6626-4eee-94a4-410fb6a4dcfd,windows_update,completed,A,benign,0,,2,[],"• Routine activity — no threat detected
• 2 indicator(s) found (ipv4, username)
• LOW RISK (0/100) — no action needed
• Affected user: exfil_user_783",2026-04-09 10:31:38.928702+00,2026-04-09 10:42:22.423167+00,643.494465
d47f6416-d287-4d3e-9cde-be507d4b5f5b,phishing,completed,A,true_positive,70,,10,"[{""id"": ""T1566"", ""name"": ""Phishing"", ""tactic"": ""Initial Access""}, {""id"": ""T1566.001"", ""name"": ""Spearphishing Attachment"", ""tactic"": ""Initial Access""}, {""id"": ""T1566.002"", ""name"": ""Spearphishing Link"", ""tactic"": ""Initial Access""}, {""id"": ""T1204.001"", ""name"": ""Malicious Link"", ""tactic"": ""Execution""}]","• CONFIRMED ATTACK detected from 10.200.4.23
• Credential harvesting indicators detected
• 4 indicator(s) found (domain, email, ipv4, username)
• HIGH RISK (70/100) — immediate action recommended
• MITRE ATT&CK: {'id': 'T1566', 'name': 'Phishing', 'tactic': 'Initial Access'}, {'id': 'T1566.001', 'name': 'Spearphishing Attachment', 'tactic': 'Initial Access'}, {'id': 'T1566.002', 'name': 'Spearphishing Link', 'tactic': 'Initial Access'}
• Affected user: jsmith_784",2026-04-09 10:31:39.465134+00,2026-04-09 10:38:47.224795+00,427.759661
461f43b6-127b-44b2-a701-7fd366689e65,data_exfiltration,completed,A,true_positive,100,,8,"[{""id"": ""T1041"", ""name"": ""Exfiltration Over C2 Channel"", ""tactic"": ""Exfiltration""}, {""id"": ""T1567"", ""name"": ""Exfiltration Over Web Service"", ""tactic"": ""Exfiltration""}, {""id"": ""T1048"", ""name"": ""Exfiltration Over Alternative Protocol"", ""tactic"": ""Exfiltration""}]","• CONFIRMED ATTACK detected from 10.200.4.24
• Large data transfer: 5.2 GB
• 3 indicator(s) found (ipv4, username)
• HIGH RISK (100/100) — immediate action recommended
• MITRE ATT&CK: {'id': 'T1041', 'name': 'Exfiltration Over C2 Channel', 'tactic': 'Exfiltration'}, {'id': 'T1567', 'name': 'Exfiltration Over Web Service', 'tactic': 'Exfiltration'}, {'id': 'T1048', 'name': 'Exfiltration Over Alternative Protocol', 'tactic': 'Exfiltration'}
• Affected user: exfil_user_785",2026-04-09 10:31:40.001766+00,2026-04-09 10:41:54.313686+00,614.311920
16e77a8e-47ef-4d5a-8ba7-ae33392c6812,user_login,completed,A,benign,0,,2,[],"• Routine activity — no threat detected
• 2 indicator(s) found (ipv4, username)
• LOW RISK (0/100) — no action needed
• Affected user: attacker_user_786",2026-04-09 10:31:40.52663+00,2026-04-09 10:42:24.74271+00,644.216080
98aa4598-9b63-42d5-b5fc-38c8753289b0,lateral_movement,completed,A,true_positive,100,,8,"[{""id"": ""T1021"", ""name"": ""Remote Services"", ""tactic"": ""Lateral Movement""}, {""id"": ""T1021.002"", ""name"": ""SMB/Windows Admin Shares"", ""tactic"": ""Lateral Movement""}, {""id"": ""T1570"", ""name"": ""Lateral Tool Transfer"", ""tactic"": ""Lateral Movement""}, {""id"": ""T1047"", ""name"": ""Windows Management Instrumentation"", ""tactic"": ""Execution""}]","• CONFIRMED ATTACK detected from 10.200.4.26
• Detected ipv4: 10.0.50.129
• 3 indicator(s) found (ipv4, username)
• HIGH RISK (100/100) — immediate action recommended
• MITRE ATT&CK: {'id': 'T1021', 'name': 'Remote Services', 'tactic': 'Lateral Movement'}, {'id': 'T1021.002', 'name': 'SMB/Windows Admin Shares', 'tactic': 'Lateral Movement'}, {'id': 'T1570', 'name': 'Lateral Tool Transfer', 'tactic': 'Lateral Movement'}
• Affected user: jsmith_787",2026-04-09 10:31:41.040419+00,2026-04-09 10:41:21.968287+00,580.927868
8bbf26e2-fa82-45e1-8780-d525968b69f2,phishing,completed,A,true_positive,70,,10,"[{""id"": ""T1566"", ""name"": ""Phishing"", ""tactic"": ""Initial Access""}, {""id"": ""T1566.001"", ""name"": ""Spearphishing Attachment"", ""tactic"": ""Initial Access""}, {""id"": ""T1566.002"", ""name"": ""Spearphishing Link"", ""tactic"": ""Initial Access""}, {""id"": ""T1204.001"", ""name"": ""Malicious Link"", ""tactic"": ""Execution""}]","• CONFIRMED ATTACK detected from 10.200.4.27
• Credential harvesting indicators detected
• 4 indicator(s) found (domain, email, ipv4, username)
• HIGH RISK (70/100) — immediate action recommended
• MITRE ATT&CK: {'id': 'T1566', 'name': 'Phishing', 'tactic': 'Initial Access'}, {'id': 'T1566.001', 'name': 'Spearphishing Attachment', 'tactic': 'Initial Access'}, {'id': 'T1566.002', 'name': 'Spearphishing Link', 'tactic': 'Initial Access'}
• Affected user: krbtgt_788",2026-04-09 10:31:41.555687+00,2026-04-09 10:34:50.455563+00,188.899876
68fd4d9d-8442-4562-9e65-bc9e084f5064,ransomware,completed,A,true_positive,100,,8,"[{""id"": ""T1486"", ""name"": ""Data Encrypted for Impact"", ""tactic"": ""Impact""}, {""id"": ""T1490"", ""name"": ""Inhibit System Recovery"", ""tactic"": ""Impact""}, {""id"": ""T1059"", ""name"": ""Command and Scripting Interpreter"", ""tactic"": ""Execution""}, {""id"": ""T1547"", ""name"": ""Boot or Logon Autostart Execution"", ""tactic"": ""Persistence""}]","• CONFIRMED ATTACK detected from 10.200.4.28
• Shadow copy deletion detected (vssadmin delete shadows)
• 2 indicator(s) found (ipv4, username)
• HIGH RISK (100/100) — immediate action recommended
• MITRE ATT&CK: {'id': 'T1486', 'name': 'Data Encrypted for Impact', 'tactic': 'Impact'}, {'id': 'T1490', 'name': 'Inhibit System Recovery', 'tactic': 'Impact'}, {'id': 'T1059', 'name': 'Command and Scripting Interpreter', 'tactic': 'Execution'}
• Affected user: web_admin_789",2026-04-09 10:31:42.070638+00,2026-04-09 10:42:22.436122+00,640.365484
33d1a3ac-908c-44f7-8446-adcc59e40d38,windows_update,completed,A,benign,0,,2,[],"• Routine activity — no threat detected
• 2 indicator(s) found (ipv4, username)
• LOW RISK (0/100) — no action needed
• Affected user: SYSTEM_790",2026-04-09 10:31:42.575649+00,2026-04-09 10:42:23.320529+00,640.744880
5cb6a425-24cd-444c-bdb5-475b7bdadc60,phishing,completed,A,true_positive,85,,10,"[{""id"": ""T1566"", ""name"": ""Phishing"", ""tactic"": ""Initial Access""}, {""id"": ""T1566.001"", ""name"": ""Spearphishing Attachment"", ""tactic"": ""Initial Access""}, {""id"": ""T1566.002"", ""name"": ""Spearphishing Link"", ""tactic"": ""Initial Access""}, {""id"": ""T1204.001"", ""name"": ""Malicious Link"", ""tactic"": ""Execution""}]","• CONFIRMED ATTACK detected from 10.200.4.30
• Urgency/social engineering language detected
• 5 indicator(s) found (domain, email, ipv4, url, username)
• HIGH RISK (85/100) — immediate action recommended
• MITRE ATT&CK: {'id': 'T1566', 'name': 'Phishing', 'tactic': 'Initial Access'}, {'id': 'T1566.001', 'name': 'Spearphishing Attachment', 'tactic': 'Initial Access'}, {'id': 'T1566.002', 'name': 'Spearphishing Link', 'tactic': 'Initial Access'}
• Affected user: jsmith_791",2026-04-09 10:31:43.087263+00,2026-04-09 10:42:22.652051+00,639.564788
7d1535ab-9104-4cf0-b217-4e202f50a421,c2_communication,completed,A,true_positive,100,,8,"[{""id"": ""T1071"", ""name"": ""Application Layer Protocol"", ""tactic"": ""Command and Control""}, {""id"": ""T1573"", ""name"": ""Encrypted Channel"", ""tactic"": ""Command and Control""}, {""id"": ""T1105"", ""name"": ""Ingress Tool Transfer"", ""tactic"": ""Command and Control""}, {""id"": ""T1571"", ""name"": ""Non-Standard Port"", ""tactic"": ""Command and Control""}]","• CONFIRMED ATTACK detected from 10.200.4.31
• Regular beacon interval detected: 30.0s (stddev=0.5)
• 3 indicator(s) found (ipv4, username)
• HIGH RISK (100/100) — immediate action recommended
• MITRE ATT&CK: {'id': 'T1071', 'name': 'Application Layer Protocol', 'tactic': 'Command and Control'}, {'id': 'T1573', 'name': 'Encrypted Channel', 'tactic': 'Command and Control'}, {'id': 'T1105', 'name': 'Ingress Tool Transfer', 'tactic': 'Command and Control'}
• Affected user: golden_attacker_792",2026-04-09 10:31:43.600908+00,2026-04-09 10:40:49.52732+00,545.926412
adc7af76-f5ea-4c18-864b-1bd4bc21e51c,golden_ticket,completed,A,true_positive,100,,7,"[{""id"": ""T1558.001"", ""name"": ""Golden Ticket"", ""tactic"": ""Credential Access""}]","• CONFIRMED ATTACK detected from 10.200.4.32
• Forged Kerberos ticket detected
• 2 indicator(s) found (ipv4, username)
• HIGH RISK (100/100) — immediate action recommended
• MITRE ATT&CK: {'id': 'T1558.001', 'name': 'Golden Ticket', 'tactic': 'Credential Access'}
• Affected user: SYSTEM_793",2026-04-09 10:31:44.112494+00,2026-04-09 10:42:44.950552+00,660.838058
c7ba15aa-99d0-494f-98f5-73b1ba18e069,lolbin_abuse,completed,A,true_positive,100,,8,"[{""id"": ""T1218"", ""name"": ""System Binary Proxy Execution"", ""tactic"": ""Defense Evasion""}, {""id"": ""T1218.005"", ""name"": ""Mshta"", ""tactic"": ""Defense Evasion""}, {""id"": ""T1218.011"", ""name"": ""Rundll32"", ""tactic"": ""Defense Evasion""}]","• CONFIRMED ATTACK detected from 10.200.4.33
• LOLBin abuse: certutil download via -urlcache
• 3 indicator(s) found (ipv4, url, username)
• HIGH RISK (100/100) — immediate action recommended
• MITRE ATT&CK: {'id': 'T1218', 'name': 'System Binary Proxy Execution', 'tactic': 'Defense Evasion'}, {'id': 'T1218.005', 'name': 'Mshta', 'tactic': 'Defense Evasion'}, {'id': 'T1218.011', 'name': 'Rundll32', 'tactic': 'Defense Evasion'}
• Affected user: root_794",2026-04-09 10:31:44.625835+00,2026-04-09 10:39:51.442506+00,486.816671
20960504-9f61-4730-a9f4-e70c26582f2a,lolbin_abuse,completed,A,benign,15,,8,"[{""id"": ""T1218"", ""name"": ""System Binary Proxy Execution"", ""tactic"": ""Defense Evasion""}, {""id"": ""T1218.005"", ""name"": ""Mshta"", ""tactic"": ""Defense Evasion""}, {""id"": ""T1218.011"", ""name"": ""Rundll32"", ""tactic"": ""Defense Evasion""}]","• Routine activity — no threat detected
• URL targets suspicious executable: http://bad.host/stage2.ps1
• 3 indicator(s) found (ipv4, url, username)
• LOW RISK (15/100) — no action needed
• MITRE ATT&CK: {'id': 'T1218', 'name': 'System Binary Proxy Execution', 'tactic': 'Defense Evasion'}, {'id': 'T1218.005', 'name': 'Mshta', 'tactic': 'Defense Evasion'}, {'id': 'T1218.011', 'name': 'Rundll32', 'tactic': 'Defense Evasion'}
• Affected user: compromised_795",2026-04-09 10:31:45.141481+00,2026-04-09 10:41:53.761337+00,608.619856
6b9612f3-aa4d-400a-9e25-74f1743d05ae,lateral_movement,completed,A,true_positive,100,,8,"[{""id"": ""T1021"", ""name"": ""Remote Services"", ""tactic"": ""Lateral Movement""}, {""id"": ""T1021.002"", ""name"": ""SMB/Windows Admin Shares"", ""tactic"": ""Lateral Movement""}, {""id"": ""T1570"", ""name"": ""Lateral Tool Transfer"", ""tactic"": ""Lateral Movement""}, {""id"": ""T1047"", ""name"": ""Windows Management Instrumentation"", ""tactic"": ""Execution""}]","• CONFIRMED ATTACK detected from 10.200.4.35
• Detected ipv4: 192.168.1.183
• 3 indicator(s) found (ipv4, username)
• HIGH RISK (100/100) — immediate action recommended
• MITRE ATT&CK: {'id': 'T1021', 'name': 'Remote Services', 'tactic': 'Lateral Movement'}, {'id': 'T1021.002', 'name': 'SMB/Windows Admin Shares', 'tactic': 'Lateral Movement'}, {'id': 'T1570', 'name': 'Lateral Tool Transfer', 'tactic': 'Lateral Movement'}
• Affected user: compromised_796",2026-04-09 10:31:45.65553+00,2026-04-09 10:41:20.657021+00,575.001491
df738884-8fd8-4ae1-a4a8-a16a96c78c28,c2_communication,completed,A,true_positive,100,,8,"[{""id"": ""T1071"", ""name"": ""Application Layer Protocol"", ""tactic"": ""Command and Control""}, {""id"": ""T1573"", ""name"": ""Encrypted Channel"", ""tactic"": ""Command and Control""}, {""id"": ""T1105"", ""name"": ""Ingress Tool Transfer"", ""tactic"": ""Command and Control""}, {""id"": ""T1571"", ""name"": ""Non-Standard Port"", ""tactic"": ""Command and Control""}]","• CONFIRMED ATTACK detected from 10.200.4.36
• Regular beacon interval detected: 30.0s (stddev=0.5)
• 3 indicator(s) found (ipv4, username)
• HIGH RISK (100/100) — immediate action recommended
• MITRE ATT&CK: {'id': 'T1071', 'name': 'Application Layer Protocol', 'tactic': 'Command and Control'}, {'id': 'T1573', 'name': 'Encrypted Channel', 'tactic': 'Command and Control'}, {'id': 'T1105', 'name': 'Ingress Tool Transfer', 'tactic': 'Command and Control'}
• Affected user: jdoe_797",2026-04-09 10:31:46.166348+00,2026-04-09 10:42:27.474876+00,641.308528
b81a8c6a-45f2-4f95-b740-cc2bd5f18671,phishing,completed,A,true_positive,70,,10,"[{""id"": ""T1566"", ""name"": ""Phishing"", ""tactic"": ""Initial Access""}, {""id"": ""T1566.001"", ""name"": ""Spearphishing Attachment"", ""tactic"": ""Initial Access""}, {""id"": ""T1566.002"", ""name"": ""Spearphishing Link"", ""tactic"": ""Initial Access""}, {""id"": ""T1204.001"", ""name"": ""Malicious Link"", ""tactic"": ""Execution""}]","• CONFIRMED ATTACK detected from 10.200.4.37
• Credential harvesting indicators detected
• 4 indicator(s) found (domain, email, ipv4, username)
• HIGH RISK (70/100) — immediate action recommended
• MITRE ATT&CK: {'id': 'T1566', 'name': 'Phishing', 'tactic': 'Initial Access'}, {'id': 'T1566.001', 'name': 'Spearphishing Attachment', 'tactic': 'Initial Access'}, {'id': 'T1566.002', 'name': 'Spearphishing Link', 'tactic': 'Initial Access'}
• Affected user: sql_svc_798",2026-04-09 10:31:46.680863+00,2026-04-09 10:42:22.392961+00,635.712098
b0a237ec-7e90-4173-80bc-99485401dd76,password_change,completed,A,benign,0,,2,[],"• Routine activity — no threat detected
• 2 indicator(s) found (ipv4, username)
• LOW RISK (0/100) — no action needed
• Affected user: Administrator_799",2026-04-09 10:31:47.194881+00,2026-04-09 10:40:45.110973+00,537.916092
1f1c48e8-295c-48aa-8fb0-f3b2d28acb5c,kerberoasting,completed,A,true_positive,100,,7,"[{""id"": ""T1558.003"", ""name"": ""Kerberoasting"", ""tactic"": ""Credential Access""}]","• CONFIRMED ATTACK detected from 10.200.4.39
• SPN enumeration detected — Kerberoasting recon
• 3 indicator(s) found (ipv4, service_name, username)
• HIGH RISK (100/100) — immediate action recommended
• MITRE ATT&CK: {'id': 'T1558.003', 'name': 'Kerberoasting', 'tactic': 'Credential Access'}
• Affected user: sql_svc_800",2026-04-09 10:31:47.710136+00,2026-04-09 10:40:48.073902+00,540.363766
0e419af8-da7b-41fc-b9ce-15dfe12e5402,lateral_movement,completed,A,true_positive,100,,8,"[{""id"": ""T1021"", ""name"": ""Remote Services"", ""tactic"": ""Lateral Movement""}, {""id"": ""T1021.002"", ""name"": ""SMB/Windows Admin Shares"", ""tactic"": ""Lateral Movement""}, {""id"": ""T1570"", ""name"": ""Lateral Tool Transfer"", ""tactic"": ""Lateral Movement""}, {""id"": ""T1047"", ""name"": ""Windows Management Instrumentation"", ""tactic"": ""Execution""}]","• CONFIRMED ATTACK detected from 10.200.4.40
• Detected ipv4: 172.16.0.109
• 3 indicator(s) found (ipv4, username)
• HIGH RISK (100/100) — immediate action recommended
• MITRE ATT&CK: {'id': 'T1021', 'name': 'Remote Services', 'tactic': 'Lateral Movement'}, {'id': 'T1021.002', 'name': 'SMB/Windows Admin Shares', 'tactic': 'Lateral Movement'}, {'id': 'T1570', 'name': 'Lateral Tool Transfer', 'tactic': 'Lateral Movement'}
• Affected user: attacker_user_801",2026-04-09 10:31:48.222259+00,2026-04-09 10:42:23.537307+00,635.315048
17bc07ee-f876-4cfd-8281-11a8727a7fb4,brute_force,completed,A,true_positive,95,,7,"[{""id"": ""T1110"", ""name"": ""Brute Force"", ""tactic"": ""Credential Access""}, {""id"": ""T1110.001"", ""name"": ""Password Guessing"", ""tactic"": ""Credential Access""}, {""id"": ""T1110.003"", ""name"": ""Password Spraying"", ""tactic"": ""Credential Access""}]","• CONFIRMED ATTACK detected from 10.200.4.41
• Attack Signal: Command injection
• 2 indicator(s) found (ipv4, username)
• HIGH RISK (95/100) — immediate action recommended
• MITRE ATT&CK: {'id': 'T1110', 'name': 'Brute Force', 'tactic': 'Credential Access'}, {'id': 'T1110.001', 'name': 'Password Guessing', 'tactic': 'Credential Access'}, {'id': 'T1110.003', 'name': 'Password Spraying', 'tactic': 'Credential Access'}
• Affected user: data_thief_802",2026-04-09 10:31:48.735715+00,2026-04-09 10:42:23.452293+00,634.716578
902991eb-6b96-47b1-8a45-58919275d782,phishing,completed,A,true_positive,70,,10,"[{""id"": ""T1566"", ""name"": ""Phishing"", ""tactic"": ""Initial Access""}, {""id"": ""T1566.001"", ""name"": ""Spearphishing Attachment"", ""tactic"": ""Initial Access""}, {""id"": ""T1566.002"", ""name"": ""Spearphishing Link"", ""tactic"": ""Initial Access""}, {""id"": ""T1204.001"", ""name"": ""Malicious Link"", ""tactic"": ""Execution""}]","• CONFIRMED ATTACK detected from 10.200.4.42
• Credential harvesting indicators detected
• 4 indicator(s) found (domain, email, ipv4, username)
• HIGH RISK (70/100) — immediate action recommended
• MITRE ATT&CK: {'id': 'T1566', 'name': 'Phishing', 'tactic': 'Initial Access'}, {'id': 'T1566.001', 'name': 'Spearphishing Attachment', 'tactic': 'Initial Access'}, {'id': 'T1566.002', 'name': 'Spearphishing Link', 'tactic': 'Initial Access'}
• Affected user: backup_svc_803",2026-04-09 10:31:49.24899+00,2026-04-09 10:39:50.858607+00,481.609617
30c9c445-9147-4a3e-9d35-c8679e92658e,lolbin_abuse,completed,A,benign,15,,8,"[{""id"": ""T1218"", ""name"": ""System Binary Proxy Execution"", ""tactic"": ""Defense Evasion""}, {""id"": ""T1218.005"", ""name"": ""Mshta"", ""tactic"": ""Defense Evasion""}, {""id"": ""T1218.011"", ""name"": ""Rundll32"", ""tactic"": ""Defense Evasion""}]","• Routine activity — no threat detected
• URL targets suspicious executable: http://bad.host/stage2.ps1
• 3 indicator(s) found (ipv4, url, username)
• LOW RISK (15/100) — no action needed
• MITRE ATT&CK: {'id': 'T1218', 'name': 'System Binary Proxy Execution', 'tactic': 'Defense Evasion'}, {'id': 'T1218.005', 'name': 'Mshta', 'tactic': 'Defense Evasion'}, {'id': 'T1218.011', 'name': 'Rundll32', 'tactic': 'Defense Evasion'}
• Affected user: attacker_user_804",2026-04-09 10:31:49.762638+00,2026-04-09 10:42:15.206909+00,625.444271
88b30947-331d-4a98-82ba-02b892d2b019,user_login,completed,A,benign,0,,2,[],"• Routine activity — no threat detected
• 2 indicator(s) found (ipv4, username)
• LOW RISK (0/100) — no action needed
• Affected user: asmith_805",2026-04-09 10:31:50.273932+00,2026-04-09 10:42:22.693443+00,632.419511
d6a51153-163f-409d-bc67-f122750d8fe2,phishing,completed,A,true_positive,85,,10,"[{""id"": ""T1566"", ""name"": ""Phishing"", ""tactic"": ""Initial Access""}, {""id"": ""T1566.001"", ""name"": ""Spearphishing Attachment"", ""tactic"": ""Initial Access""}, {""id"": ""T1566.002"", ""name"": ""Spearphishing Link"", ""tactic"": ""Initial Access""}, {""id"": ""T1204.001"", ""name"": ""Malicious Link"", ""tactic"": ""Execution""}]","• CONFIRMED ATTACK detected from 10.200.4.45
• Urgency/social engineering language detected
• 5 indicator(s) found (domain, email, ipv4, url, username)
• HIGH RISK (85/100) — immediate action recommended
• MITRE ATT&CK: {'id': 'T1566', 'name': 'Phishing', 'tactic': 'Initial Access'}, {'id': 'T1566.001', 'name': 'Spearphishing Attachment', 'tactic': 'Initial Access'}, {'id': 'T1566.002', 'name': 'Spearphishing Link', 'tactic': 'Initial Access'}
• Affected user: SYSTEM_806",2026-04-09 10:31:50.787696+00,2026-04-09 10:42:24.801018+00,634.013322
a4fd7c6f-ec26-49a8-9fcb-b637a9c227ac,password_change,completed,A,benign,0,,2,[],"• Routine activity — no threat detected
• 2 indicator(s) found (ipv4, username)
• LOW RISK (0/100) — no action needed
• Affected user: krbtgt_807",2026-04-09 10:31:51.304527+00,2026-04-09 10:41:13.031185+00,561.726658
397c82c4-40b6-4653-be7d-7ab722a074fa,lolbin_abuse,completed,A,true_positive,100,,8,"[{""id"": ""T1218"", ""name"": ""System Binary Proxy Execution"", ""tactic"": ""Defense Evasion""}, {""id"": ""T1218.005"", ""name"": ""Mshta"", ""tactic"": ""Defense Evasion""}, {""id"": ""T1218.011"", ""name"": ""Rundll32"", ""tactic"": ""Defense Evasion""}]","• CONFIRMED ATTACK detected from 10.200.4.47
• LOLBin abuse: certutil download via -urlcache
• 3 indicator(s) found (ipv4, url, username)
• HIGH RISK (100/100) — immediate action recommended
• MITRE ATT&CK: {'id': 'T1218', 'name': 'System Binary Proxy Execution', 'tactic': 'Defense Evasion'}, {'id': 'T1218.005', 'name': 'Mshta', 'tactic': 'Defense Evasion'}, {'id': 'T1218.011', 'name': 'Rundll32', 'tactic': 'Defense Evasion'}
• Affected user: krbtgt_808",2026-04-09 10:31:51.822896+00,2026-04-09 10:39:53.512522+00,481.689626
020bef9a-8ed2-42bf-996a-552109a4928d,scheduled_backup,completed,A,benign,0,,2,[],"• Routine activity — no threat detected
• 2 indicator(s) found (ipv4, username)
• LOW RISK (0/100) — no action needed
• Affected user: krbtgt_809",2026-04-09 10:31:52.337556+00,2026-04-09 10:42:11.545148+00,619.207592
f26da2ad-4951-4a76-ac94-254f5b823a7e,password_change,completed,A,benign,0,,2,[],"• Routine activity — no threat detected
• 2 indicator(s) found (ipv4, username)
• LOW RISK (0/100) — no action needed
• Affected user: asmith_810",2026-04-09 10:31:52.851831+00,2026-04-09 10:40:49.960883+00,537.109052
9edd9bf7-63e3-46b8-af82-69fca8a54619,phishing,completed,A,true_positive,85,,10,"[{""id"": ""T1566"", ""name"": ""Phishing"", ""tactic"": ""Initial Access""}, {""id"": ""T1566.001"", ""name"": ""Spearphishing Attachment"", ""tactic"": ""Initial Access""}, {""id"": ""T1566.002"", ""name"": ""Spearphishing Link"", ""tactic"": ""Initial Access""}, {""id"": ""T1204.001"", ""name"": ""Malicious Link"", ""tactic"": ""Execution""}]","• CONFIRMED ATTACK detected from 10.200.4.50
• Urgency/social engineering language detected
• 5 indicator(s) found (domain, email, ipv4, url, username)
• HIGH RISK (85/100) — immediate action recommended
• MITRE ATT&CK: {'id': 'T1566', 'name': 'Phishing', 'tactic': 'Initial Access'}, {'id': 'T1566.001', 'name': 'Spearphishing Attachment', 'tactic': 'Initial Access'}, {'id': 'T1566.002', 'name': 'Spearphishing Link', 'tactic': 'Initial Access'}
• Affected user: user2_811",2026-04-09 10:31:53.365625+00,2026-04-09 10:41:37.852637+00,584.487012
acbf785c-99d3-4af4-821e-3276f66ff7c4,windows_update,completed,A,benign,0,,2,[],"• Routine activity — no threat detected
• 2 indicator(s) found (ipv4, username)
• LOW RISK (0/100) — no action needed
• Affected user: compromised_812",2026-04-09 10:31:53.880865+00,2026-04-09 10:42:23.395007+00,629.514142
323a45d6-cd8e-4100-97e9-71200ddb52e3,user_login,completed,A,benign,0,,2,[],"• Routine activity — no threat detected
• 2 indicator(s) found (ipv4, username)
• LOW RISK (0/100) — no action needed
• Affected user: backup_svc_813",2026-04-09 10:31:54.393248+00,2026-04-09 10:42:27.458818+00,633.065570
6277345f-4722-4156-b37f-b1593dc57a7c,c2_communication,completed,A,true_positive,100,,8,"[{""id"": ""T1071"", ""name"": ""Application Layer Protocol"", ""tactic"": ""Command and Control""}, {""id"": ""T1573"", ""name"": ""Encrypted Channel"", ""tactic"": ""Command and Control""}, {""id"": ""T1105"", ""name"": ""Ingress Tool Transfer"", ""tactic"": ""Command and Control""}, {""id"": ""T1571"", ""name"": ""Non-Standard Port"", ""tactic"": ""Command and Control""}]","• CONFIRMED ATTACK detected from 10.200.4.53
• Regular beacon interval detected: 30.0s (stddev=0.5)
• 3 indicator(s) found (ipv4, username)
• HIGH RISK (100/100) — immediate action recommended
• MITRE ATT&CK: {'id': 'T1071', 'name': 'Application Layer Protocol', 'tactic': 'Command and Control'}, {'id': 'T1573', 'name': 'Encrypted Channel', 'tactic': 'Command and Control'}, {'id': 'T1105', 'name': 'Ingress Tool Transfer', 'tactic': 'Command and Control'}
• Affected user: Administrator_814",2026-04-09 10:31:54.907726+00,2026-04-09 10:40:20.75545+00,505.847724
e6d0bf4d-0e3f-49b9-864a-c06e7b4c6dbd,ransomware,completed,A,true_positive,100,,8,"[{""id"": ""T1486"", ""name"": ""Data Encrypted for Impact"", ""tactic"": ""Impact""}, {""id"": ""T1490"", ""name"": ""Inhibit System Recovery"", ""tactic"": ""Impact""}, {""id"": ""T1059"", ""name"": ""Command and Scripting Interpreter"", ""tactic"": ""Execution""}, {""id"": ""T1547"", ""name"": ""Boot or Logon Autostart Execution"", ""tactic"": ""Persistence""}]","• CONFIRMED ATTACK detected from 10.200.4.54
• Shadow copy deletion detected (vssadmin delete shadows)
• 2 indicator(s) found (ipv4, username)
• HIGH RISK (100/100) — immediate action recommended
• MITRE ATT&CK: {'id': 'T1486', 'name': 'Data Encrypted for Impact', 'tactic': 'Impact'}, {'id': 'T1490', 'name': 'Inhibit System Recovery', 'tactic': 'Impact'}, {'id': 'T1059', 'name': 'Command and Scripting Interpreter', 'tactic': 'Execution'}
• Affected user: attacker_user_815",2026-04-09 10:31:55.421991+00,2026-04-09 10:41:53.836398+00,598.414407
7898dcbd-e4bb-4477-8c87-22b68125e840,phishing,completed,A,true_positive,85,,10,"[{""id"": ""T1566"", ""name"": ""Phishing"", ""tactic"": ""Initial Access""}, {""id"": ""T1566.001"", ""name"": ""Spearphishing Attachment"", ""tactic"": ""Initial Access""}, {""id"": ""T1566.002"", ""name"": ""Spearphishing Link"", ""tactic"": ""Initial Access""}, {""id"": ""T1204.001"", ""name"": ""Malicious Link"", ""tactic"": ""Execution""}]","• CONFIRMED ATTACK detected from 10.200.4.55
• Urgency/social engineering language detected
• 5 indicator(s) found (domain, email, ipv4, url, username)
• HIGH RISK (85/100) — immediate action recommended
• MITRE ATT&CK: {'id': 'T1566', 'name': 'Phishing', 'tactic': 'Initial Access'}, {'id': 'T1566.001', 'name': 'Spearphishing Attachment', 'tactic': 'Initial Access'}, {'id': 'T1566.002', 'name': 'Spearphishing Link', 'tactic': 'Initial Access'}
• Affected user: admin_816",2026-04-09 10:31:55.939843+00,2026-04-09 10:42:38.475406+00,642.535563
d140d35e-4365-45b4-91ba-2d70a90585f3,password_change,completed,A,benign,0,,2,[],"• Routine activity — no threat detected
• 2 indicator(s) found (ipv4, username)
• LOW RISK (0/100) — no action needed
• Affected user: attacker_user_817",2026-04-09 10:31:56.454665+00,2026-04-09 10:42:27.331084+00,630.876419
7375fe51-75ff-4c0f-9080-1cd2c5f3220c,golden_ticket,completed,A,true_positive,100,,7,"[{""id"": ""T1558.001"", ""name"": ""Golden Ticket"", ""tactic"": ""Credential Access""}]","• CONFIRMED ATTACK detected from 10.200.4.57
• Forged Kerberos ticket detected
• 2 indicator(s) found (ipv4, username)
• HIGH RISK (100/100) — immediate action recommended
• MITRE ATT&CK: {'id': 'T1558.001', 'name': 'Golden Ticket', 'tactic': 'Credential Access'}
• Affected user: svc_backup_818",2026-04-09 10:31:56.967841+00,2026-04-09 10:37:16.817846+00,319.850005
b68ab7fd-b6aa-4a51-b63a-6c1897c31303,lolbin_abuse,completed,A,benign,15,,8,"[{""id"": ""T1218"", ""name"": ""System Binary Proxy Execution"", ""tactic"": ""Defense Evasion""}, {""id"": ""T1218.005"", ""name"": ""Mshta"", ""tactic"": ""Defense Evasion""}, {""id"": ""T1218.011"", ""name"": ""Rundll32"", ""tactic"": ""Defense Evasion""}]","• Routine activity — no threat detected
• URL targets suspicious executable: http://bad.host/stage2.ps1
• 3 indicator(s) found (ipv4, url, username)
• LOW RISK (15/100) — no action needed
• MITRE ATT&CK: {'id': 'T1218', 'name': 'System Binary Proxy Execution', 'tactic': 'Defense Evasion'}, {'id': 'T1218.005', 'name': 'Mshta', 'tactic': 'Defense Evasion'}, {'id': 'T1218.011', 'name': 'Rundll32', 'tactic': 'Defense Evasion'}
• Affected user: exfil_user_819",2026-04-09 10:31:57.483784+00,2026-04-09 10:41:44.750581+00,587.266797
136e3739-461c-4039-8871-dd7fffe6ff6e,windows_update,completed,A,benign,0,,2,[],"• Routine activity — no threat detected
• 2 indicator(s) found (ipv4, username)
• LOW RISK (0/100) — no action needed
• Affected user: SYSTEM_820",2026-04-09 10:31:58.010912+00,2026-04-09 10:40:04.192299+00,486.181387
bd20bba2-e6fd-4f3b-8ace-89242bb2ba99,password_change,completed,A,benign,0,,2,[],"• Routine activity — no threat detected
• 2 indicator(s) found (ipv4, username)
• LOW RISK (0/100) — no action needed
• Affected user: SYSTEM_821",2026-04-09 10:31:58.523872+00,2026-04-09 10:40:44.90749+00,526.383618
f3584935-ca29-44da-b84d-73fc2c280d8f,health_check,completed,A,benign,0,,2,[],"• Routine activity — no threat detected
• 2 indicator(s) found (ipv4, username)
• LOW RISK (0/100) — no action needed
• Affected user: jdoe_822",2026-04-09 10:31:59.039489+00,2026-04-09 10:41:21.153744+00,562.114255
15399a52-1f71-41fc-b38d-4955a3ab231b,brute_force,completed,A,true_positive,95,,7,"[{""id"": ""T1110"", ""name"": ""Brute Force"", ""tactic"": ""Credential Access""}, {""id"": ""T1110.001"", ""name"": ""Password Guessing"", ""tactic"": ""Credential Access""}, {""id"": ""T1110.003"", ""name"": ""Password Spraying"", ""tactic"": ""Credential Access""}]","• CONFIRMED ATTACK detected from 10.200.4.62
• Attack Signal: Command injection
• 2 indicator(s) found (ipv4, username)
• HIGH RISK (95/100) — immediate action recommended
• MITRE ATT&CK: {'id': 'T1110', 'name': 'Brute Force', 'tactic': 'Credential Access'}, {'id': 'T1110.001', 'name': 'Password Guessing', 'tactic': 'Credential Access'}, {'id': 'T1110.003', 'name': 'Password Spraying', 'tactic': 'Credential Access'}
• Affected user: asmith_823",2026-04-09 10:31:59.553732+00,2026-04-09 10:42:23.021451+00,623.467719
cc0c7d2e-4a6a-49cd-b454-01338ae8940d,user_login,completed,A,benign,0,,2,[],"• Routine activity — no threat detected
• 2 indicator(s) found (ipv4, username)
• LOW RISK (0/100) — no action needed
• Affected user: sql_svc_824",2026-04-09 10:32:00.069911+00,2026-04-09 10:40:17.774241+00,497.704330
df42dd45-f9b4-40e6-b255-d4d12dae8ac1,password_change,completed,A,benign,0,,2,[],"• Routine activity — no threat detected
• 2 indicator(s) found (ipv4, username)
• LOW RISK (0/100) — no action needed
• Affected user: compromised_825",2026-04-09 10:32:00.598837+00,2026-04-09 10:41:21.054493+00,560.455656
5490a0ec-e7a4-44f4-b64b-522fea73e875,c2_communication,completed,A,true_positive,100,,8,"[{""id"": ""T1071"", ""name"": ""Application Layer Protocol"", ""tactic"": ""Command and Control""}, {""id"": ""T1573"", ""name"": ""Encrypted Channel"", ""tactic"": ""Command and Control""}, {""id"": ""T1105"", ""name"": ""Ingress Tool Transfer"", ""tactic"": ""Command and Control""}, {""id"": ""T1571"", ""name"": ""Non-Standard Port"", ""tactic"": ""Command and Control""}]","• CONFIRMED ATTACK detected from 10.200.4.65
• Regular beacon interval detected: 30.0s (stddev=0.5)
• 3 indicator(s) found (ipv4, username)
• HIGH RISK (100/100) — immediate action recommended
• MITRE ATT&CK: {'id': 'T1071', 'name': 'Application Layer Protocol', 'tactic': 'Command and Control'}, {'id': 'T1573', 'name': 'Encrypted Channel', 'tactic': 'Command and Control'}, {'id': 'T1105', 'name': 'Ingress Tool Transfer', 'tactic': 'Command and Control'}
• Affected user: attacker_user_826",2026-04-09 10:32:01.147322+00,2026-04-09 10:42:24.937536+00,623.790214
16fb52f1-597c-4ae6-a916-bf421532fc0f,phishing,completed,A,true_positive,85,,10,"[{""id"": ""T1566"", ""name"": ""Phishing"", ""tactic"": ""Initial Access""}, {""id"": ""T1566.001"", ""name"": ""Spearphishing Attachment"", ""tactic"": ""Initial Access""}, {""id"": ""T1566.002"", ""name"": ""Spearphishing Link"", ""tactic"": ""Initial Access""}, {""id"": ""T1204.001"", ""name"": ""Malicious Link"", ""tactic"": ""Execution""}]","• CONFIRMED ATTACK detected from 10.200.4.66
• Urgency/social engineering language detected
• 5 indicator(s) found (domain, email, ipv4, url, username)
• HIGH RISK (85/100) — immediate action recommended
• MITRE ATT&CK: {'id': 'T1566', 'name': 'Phishing', 'tactic': 'Initial Access'}, {'id': 'T1566.001', 'name': 'Spearphishing Attachment', 'tactic': 'Initial Access'}, {'id': 'T1566.002', 'name': 'Spearphishing Link', 'tactic': 'Initial Access'}
• Affected user: root_827",2026-04-09 10:32:01.664298+00,2026-04-09 10:40:44.97488+00,523.310582
fb85f7f0-cbe6-4194-acf2-ca6345e7cfe4,scheduled_backup,completed,A,benign,0,,2,[],"• Routine activity — no threat detected
• 2 indicator(s) found (ipv4, username)
• LOW RISK (0/100) — no action needed
• Affected user: svc_backup_828",2026-04-09 10:32:02.206394+00,2026-04-09 10:42:24.567183+00,622.360789
05b90df4-96be-4355-b9d3-25c6d899e232,health_check,completed,A,benign,0,,2,[],"• Routine activity — no threat detected
• 2 indicator(s) found (ipv4, username)
• LOW RISK (0/100) — no action needed
• Affected user: Administrator_829",2026-04-09 10:32:02.721344+00,2026-04-09 10:42:23.164847+00,620.443503
133b9331-7f48-4759-a7ef-ed4344d4fd01,password_change,completed,A,benign,0,,2,[],"• Routine activity — no threat detected
• 2 indicator(s) found (ipv4, username)
• LOW RISK (0/100) — no action needed
• Affected user: data_thief_830",2026-04-09 10:32:03.235794+00,2026-04-09 10:41:05.035928+00,541.800134
4d7482f9-3344-44c0-ad1a-4c902f428f17,windows_update,completed,A,benign,0,,2,[],"• Routine activity — no threat detected
• 2 indicator(s) found (ipv4, username)
• LOW RISK (0/100) — no action needed
• Affected user: jdoe_831",2026-04-09 10:32:03.747786+00,2026-04-09 10:42:22.828629+00,619.080843
a53043c8-7d7e-411e-b514-de613327cef6,windows_update,completed,A,benign,0,,2,[],"• Routine activity — no threat detected
• 2 indicator(s) found (ipv4, username)
• LOW RISK (0/100) — no action needed
• Affected user: golden_attacker_832",2026-04-09 10:32:04.263981+00,2026-04-09 10:40:37.411961+00,513.147980
3560b234-ef46-4661-94c2-975b24e80cc0,windows_update,completed,A,benign,0,,2,[],"• Routine activity — no threat detected
• 2 indicator(s) found (ipv4, username)
• LOW RISK (0/100) — no action needed
• Affected user: svc_backup_833",2026-04-09 10:32:04.77665+00,2026-04-09 10:42:27.531392+00,622.754742
b8c9692f-f396-4857-b6a4-159c371ba6ab,ransomware,completed,A,true_positive,100,,8,"[{""id"": ""T1486"", ""name"": ""Data Encrypted for Impact"", ""tactic"": ""Impact""}, {""id"": ""T1490"", ""name"": ""Inhibit System Recovery"", ""tactic"": ""Impact""}, {""id"": ""T1059"", ""name"": ""Command and Scripting Interpreter"", ""tactic"": ""Execution""}, {""id"": ""T1547"", ""name"": ""Boot or Logon Autostart Execution"", ""tactic"": ""Persistence""}]","• CONFIRMED ATTACK detected from 10.200.4.73
• Shadow copy deletion detected (vssadmin delete shadows)
• 2 indicator(s) found (ipv4, username)
• HIGH RISK (100/100) — immediate action recommended
• MITRE ATT&CK: {'id': 'T1486', 'name': 'Data Encrypted for Impact', 'tactic': 'Impact'}, {'id': 'T1490', 'name': 'Inhibit System Recovery', 'tactic': 'Impact'}, {'id': 'T1059', 'name': 'Command and Scripting Interpreter', 'tactic': 'Execution'}
• Affected user: jdoe_834",2026-04-09 10:32:05.292857+00,2026-04-09 10:41:23.327217+00,558.034360
6f9bfd34-bb91-485b-8212-6405f944d5c0,phishing,completed,A,true_positive,70,,10,"[{""id"": ""T1566"", ""name"": ""Phishing"", ""tactic"": ""Initial Access""}, {""id"": ""T1566.001"", ""name"": ""Spearphishing Attachment"", ""tactic"": ""Initial Access""}, {""id"": ""T1566.002"", ""name"": ""Spearphishing Link"", ""tactic"": ""Initial Access""}, {""id"": ""T1204.001"", ""name"": ""Malicious Link"", ""tactic"": ""Execution""}]","• CONFIRMED ATTACK detected from 10.200.4.74
• Credential harvesting indicators detected
• 4 indicator(s) found (domain, email, ipv4, username)
• HIGH RISK (70/100) — immediate action recommended
• MITRE ATT&CK: {'id': 'T1566', 'name': 'Phishing', 'tactic': 'Initial Access'}, {'id': 'T1566.001', 'name': 'Spearphishing Attachment', 'tactic': 'Initial Access'}, {'id': 'T1566.002', 'name': 'Spearphishing Link', 'tactic': 'Initial Access'}
• Affected user: Administrator_835",2026-04-09 10:32:05.807932+00,2026-04-09 10:41:53.850517+00,588.042585
01a3b40f-5a53-4f5a-851c-2d0c52c4dd06,user_login,completed,A,benign,0,,2,[],"• Routine activity — no threat detected
• 2 indicator(s) found (ipv4, username)
• LOW RISK (0/100) — no action needed
• Affected user: SYSTEM_836",2026-04-09 10:32:06.349922+00,2026-04-09 10:40:50.108619+00,523.758697
ccbcbdf1-e203-4468-88b7-3c9133b873b5,scheduled_backup,completed,A,benign,0,,2,[],"• Routine activity — no threat detected
• 2 indicator(s) found (ipv4, username)
• LOW RISK (0/100) — no action needed
• Affected user: svc_backup_837",2026-04-09 10:32:06.866742+00,2026-04-09 10:34:50.582916+00,163.716174
bf567422-0794-4aa9-919d-0251f53b498f,brute_force,completed,A,true_positive,95,,7,"[{""id"": ""T1110"", ""name"": ""Brute Force"", ""tactic"": ""Credential Access""}, {""id"": ""T1110.001"", ""name"": ""Password Guessing"", ""tactic"": ""Credential Access""}, {""id"": ""T1110.003"", ""name"": ""Password Spraying"", ""tactic"": ""Credential Access""}]","• CONFIRMED ATTACK detected from 10.200.4.77
• Attack Signal: Command injection
• 2 indicator(s) found (ipv4, username)
• HIGH RISK (95/100) — immediate action recommended
• MITRE ATT&CK: {'id': 'T1110', 'name': 'Brute Force', 'tactic': 'Credential Access'}, {'id': 'T1110.001', 'name': 'Password Guessing', 'tactic': 'Credential Access'}, {'id': 'T1110.003', 'name': 'Password Spraying', 'tactic': 'Credential Access'}
• Affected user: data_thief_838",2026-04-09 10:32:07.460503+00,2026-04-09 10:42:03.544558+00,596.084055
f77064b9-d8f4-4517-8444-6c97207b96f8,phishing,completed,A,true_positive,85,,10,"[{""id"": ""T1566"", ""name"": ""Phishing"", ""tactic"": ""Initial Access""}, {""id"": ""T1566.001"", ""name"": ""Spearphishing Attachment"", ""tactic"": ""Initial Access""}, {""id"": ""T1566.002"", ""name"": ""Spearphishing Link"", ""tactic"": ""Initial Access""}, {""id"": ""T1204.001"", ""name"": ""Malicious Link"", ""tactic"": ""Execution""}]","• CONFIRMED ATTACK detected from 10.200.4.78
• Urgency/social engineering language detected
• 5 indicator(s) found (domain, email, ipv4, url, username)
• HIGH RISK (85/100) — immediate action recommended
• MITRE ATT&CK: {'id': 'T1566', 'name': 'Phishing', 'tactic': 'Initial Access'}, {'id': 'T1566.001', 'name': 'Spearphishing Attachment', 'tactic': 'Initial Access'}, {'id': 'T1566.002', 'name': 'Spearphishing Link', 'tactic': 'Initial Access'}
• Affected user: admin_839",2026-04-09 10:32:08.041061+00,2026-04-09 10:42:24.091228+00,616.050167
e7fe6680-2ab7-4dca-88cc-2e7c22301440,health_check,completed,A,benign,0,,2,[],"• Routine activity — no threat detected
• 2 indicator(s) found (ipv4, username)
• LOW RISK (0/100) — no action needed
• Affected user: jdoe_840",2026-04-09 10:32:08.590266+00,2026-04-09 10:41:44.783246+00,576.192980
a94f890e-c725-4265-830b-d1128619d787,windows_update,completed,A,benign,0,,2,[],"• Routine activity — no threat detected
• 2 indicator(s) found (ipv4, username)
• LOW RISK (0/100) — no action needed
• Affected user: asmith_841",2026-04-09 10:32:09.121777+00,2026-04-09 10:41:54.39558+00,585.273803
bdb81b08-ff50-4b3b-878c-6f5c3b4283fe,kerberoasting,completed,A,true_positive,100,,7,"[{""id"": ""T1558.003"", ""name"": ""Kerberoasting"", ""tactic"": ""Credential Access""}]","• CONFIRMED ATTACK detected from 10.200.4.81
• SPN enumeration detected — Kerberoasting recon
• 3 indicator(s) found (ipv4, service_name, username)
• HIGH RISK (100/100) — immediate action recommended
• MITRE ATT&CK: {'id': 'T1558.003', 'name': 'Kerberoasting', 'tactic': 'Credential Access'}
• Affected user: attacker_user_842",2026-04-09 10:32:09.642606+00,2026-04-09 10:40:50.023921+00,520.381315
dc685be1-35db-44af-a9bc-e4abfa33fc4a,phishing,completed,A,true_positive,85,,10,"[{""id"": ""T1566"", ""name"": ""Phishing"", ""tactic"": ""Initial Access""}, {""id"": ""T1566.001"", ""name"": ""Spearphishing Attachment"", ""tactic"": ""Initial Access""}, {""id"": ""T1566.002"", ""name"": ""Spearphishing Link"", ""tactic"": ""Initial Access""}, {""id"": ""T1204.001"", ""name"": ""Malicious Link"", ""tactic"": ""Execution""}]","• CONFIRMED ATTACK detected from 10.200.4.82
• Urgency/social engineering language detected
• 5 indicator(s) found (domain, email, ipv4, url, username)
• HIGH RISK (85/100) — immediate action recommended
• MITRE ATT&CK: {'id': 'T1566', 'name': 'Phishing', 'tactic': 'Initial Access'}, {'id': 'T1566.001', 'name': 'Spearphishing Attachment', 'tactic': 'Initial Access'}, {'id': 'T1566.002', 'name': 'Spearphishing Link', 'tactic': 'Initial Access'}
• Affected user: data_thief_843",2026-04-09 10:32:10.17981+00,2026-04-09 10:42:22.125155+00,611.945345
f50c21de-1579-453b-9530-dd7ae172c37f,lateral_movement,completed,A,true_positive,100,,8,"[{""id"": ""T1021"", ""name"": ""Remote Services"", ""tactic"": ""Lateral Movement""}, {""id"": ""T1021.002"", ""name"": ""SMB/Windows Admin Shares"", ""tactic"": ""Lateral Movement""}, {""id"": ""T1570"", ""name"": ""Lateral Tool Transfer"", ""tactic"": ""Lateral Movement""}, {""id"": ""T1047"", ""name"": ""Windows Management Instrumentation"", ""tactic"": ""Execution""}]","• CONFIRMED ATTACK detected from 10.200.4.83
• Detected ipv4: 10.0.30.154
• 3 indicator(s) found (ipv4, username)
• HIGH RISK (100/100) — immediate action recommended
• MITRE ATT&CK: {'id': 'T1021', 'name': 'Remote Services', 'tactic': 'Lateral Movement'}, {'id': 'T1021.002', 'name': 'SMB/Windows Admin Shares', 'tactic': 'Lateral Movement'}, {'id': 'T1570', 'name': 'Lateral Tool Transfer', 'tactic': 'Lateral Movement'}
• Affected user: exfil_user_844",2026-04-09 10:32:10.70559+00,2026-04-09 10:42:23.828256+00,613.122666
0d8d9712-757b-4de2-b618-e864596762c2,c2_communication,completed,A,true_positive,100,,8,"[{""id"": ""T1071"", ""name"": ""Application Layer Protocol"", ""tactic"": ""Command and Control""}, {""id"": ""T1573"", ""name"": ""Encrypted Channel"", ""tactic"": ""Command and Control""}, {""id"": ""T1105"", ""name"": ""Ingress Tool Transfer"", ""tactic"": ""Command and Control""}, {""id"": ""T1571"", ""name"": ""Non-Standard Port"", ""tactic"": ""Command and Control""}]","• CONFIRMED ATTACK detected from 10.200.4.84
• Regular beacon interval detected: 30.0s (stddev=0.5)
• 3 indicator(s) found (ipv4, username)
• HIGH RISK (100/100) — immediate action recommended
• MITRE ATT&CK: {'id': 'T1071', 'name': 'Application Layer Protocol', 'tactic': 'Command and Control'}, {'id': 'T1573', 'name': 'Encrypted Channel', 'tactic': 'Command and Control'}, {'id': 'T1105', 'name': 'Ingress Tool Transfer', 'tactic': 'Command and Control'}
• Affected user: exfil_user_845",2026-04-09 10:32:11.218088+00,2026-04-09 10:41:51.47084+00,580.252752
c1516a75-aae2-4451-95aa-add546cad11a,ransomware,completed,A,true_positive,100,,8,"[{""id"": ""T1486"", ""name"": ""Data Encrypted for Impact"", ""tactic"": ""Impact""}, {""id"": ""T1490"", ""name"": ""Inhibit System Recovery"", ""tactic"": ""Impact""}, {""id"": ""T1059"", ""name"": ""Command and Scripting Interpreter"", ""tactic"": ""Execution""}, {""id"": ""T1547"", ""name"": ""Boot or Logon Autostart Execution"", ""tactic"": ""Persistence""}]","• CONFIRMED ATTACK detected from 10.200.4.85
• Shadow copy deletion detected (vssadmin delete shadows)
• 2 indicator(s) found (ipv4, username)
• HIGH RISK (100/100) — immediate action recommended
• MITRE ATT&CK: {'id': 'T1486', 'name': 'Data Encrypted for Impact', 'tactic': 'Impact'}, {'id': 'T1490', 'name': 'Inhibit System Recovery', 'tactic': 'Impact'}, {'id': 'T1059', 'name': 'Command and Scripting Interpreter', 'tactic': 'Execution'}
• Affected user: sql_svc_846",2026-04-09 10:32:11.743739+00,2026-04-09 10:42:27.621936+00,615.878197
c0d09df0-b266-4f49-8c55-6c60fc298a78,windows_update,completed,A,benign,0,,2,[],"• Routine activity — no threat detected
• 2 indicator(s) found (ipv4, username)
• LOW RISK (0/100) — no action needed
• Affected user: user2_847",2026-04-09 10:32:12.254394+00,2026-04-09 10:42:23.566838+00,611.312444
5246fd1d-e789-4bb2-999d-b2b3cef733de,lateral_movement,completed,A,true_positive,100,,8,"[{""id"": ""T1021"", ""name"": ""Remote Services"", ""tactic"": ""Lateral Movement""}, {""id"": ""T1021.002"", ""name"": ""SMB/Windows Admin Shares"", ""tactic"": ""Lateral Movement""}, {""id"": ""T1570"", ""name"": ""Lateral Tool Transfer"", ""tactic"": ""Lateral Movement""}, {""id"": ""T1047"", ""name"": ""Windows Management Instrumentation"", ""tactic"": ""Execution""}]","• CONFIRMED ATTACK detected from 10.200.4.87
• Detected ipv4: 10.0.60.146
• 3 indicator(s) found (ipv4, username)
• HIGH RISK (100/100) — immediate action recommended
• MITRE ATT&CK: {'id': 'T1021', 'name': 'Remote Services', 'tactic': 'Lateral Movement'}, {'id': 'T1021.002', 'name': 'SMB/Windows Admin Shares', 'tactic': 'Lateral Movement'}, {'id': 'T1570', 'name': 'Lateral Tool Transfer', 'tactic': 'Lateral Movement'}
• Affected user: admin_848",2026-04-09 10:32:12.770221+00,2026-04-09 10:40:49.286849+00,516.516628
af747daa-931a-4583-a66e-454ed60bf39c,c2_communication,completed,A,true_positive,100,,8,"[{""id"": ""T1071"", ""name"": ""Application Layer Protocol"", ""tactic"": ""Command and Control""}, {""id"": ""T1573"", ""name"": ""Encrypted Channel"", ""tactic"": ""Command and Control""}, {""id"": ""T1105"", ""name"": ""Ingress Tool Transfer"", ""tactic"": ""Command and Control""}, {""id"": ""T1571"", ""name"": ""Non-Standard Port"", ""tactic"": ""Command and Control""}]","• CONFIRMED ATTACK detected from 10.200.4.88
• Regular beacon interval detected: 30.0s (stddev=0.5)
• 3 indicator(s) found (ipv4, username)
• HIGH RISK (100/100) — immediate action recommended
• MITRE ATT&CK: {'id': 'T1071', 'name': 'Application Layer Protocol', 'tactic': 'Command and Control'}, {'id': 'T1573', 'name': 'Encrypted Channel', 'tactic': 'Command and Control'}, {'id': 'T1105', 'name': 'Ingress Tool Transfer', 'tactic': 'Command and Control'}
• Affected user: jsmith_849",2026-04-09 10:32:13.282634+00,2026-04-09 10:42:23.263561+00,609.980927
c3a675e1-d3b8-4bbc-9e7b-fec8b5bc9fb4,lolbin_abuse,completed,A,benign,15,,8,"[{""id"": ""T1218"", ""name"": ""System Binary Proxy Execution"", ""tactic"": ""Defense Evasion""}, {""id"": ""T1218.005"", ""name"": ""Mshta"", ""tactic"": ""Defense Evasion""}, {""id"": ""T1218.011"", ""name"": ""Rundll32"", ""tactic"": ""Defense Evasion""}]","• Routine activity — no threat detected
• URL targets suspicious executable: http://bad.host/stage2.ps1
• 3 indicator(s) found (ipv4, url, username)
• LOW RISK (15/100) — no action needed
• MITRE ATT&CK: {'id': 'T1218', 'name': 'System Binary Proxy Execution', 'tactic': 'Defense Evasion'}, {'id': 'T1218.005', 'name': 'Mshta', 'tactic': 'Defense Evasion'}, {'id': 'T1218.011', 'name': 'Rundll32', 'tactic': 'Defense Evasion'}
• Affected user: sql_svc_850",2026-04-09 10:32:13.800386+00,2026-04-09 10:42:23.662773+00,609.862387
408cf4f6-aeb9-4457-885f-6621055a106d,lateral_movement,completed,A,true_positive,100,,8,"[{""id"": ""T1021"", ""name"": ""Remote Services"", ""tactic"": ""Lateral Movement""}, {""id"": ""T1021.002"", ""name"": ""SMB/Windows Admin Shares"", ""tactic"": ""Lateral Movement""}, {""id"": ""T1570"", ""name"": ""Lateral Tool Transfer"", ""tactic"": ""Lateral Movement""}, {""id"": ""T1047"", ""name"": ""Windows Management Instrumentation"", ""tactic"": ""Execution""}]","• CONFIRMED ATTACK detected from 10.200.4.90
• Detected ipv4: 10.0.20.156
• 3 indicator(s) found (ipv4, username)
• HIGH RISK (100/100) — immediate action recommended
• MITRE ATT&CK: {'id': 'T1021', 'name': 'Remote Services', 'tactic': 'Lateral Movement'}, {'id': 'T1021.002', 'name': 'SMB/Windows Admin Shares', 'tactic': 'Lateral Movement'}, {'id': 'T1570', 'name': 'Lateral Tool Transfer', 'tactic': 'Lateral Movement'}
• Affected user: jdoe_851",2026-04-09 10:32:14.315365+00,2026-04-09 10:42:22.376922+00,608.061557
33fef1e5-391a-44ad-8c2c-73f9cbdd2b25,phishing,completed,A,true_positive,70,,10,"[{""id"": ""T1566"", ""name"": ""Phishing"", ""tactic"": ""Initial Access""}, {""id"": ""T1566.001"", ""name"": ""Spearphishing Attachment"", ""tactic"": ""Initial Access""}, {""id"": ""T1566.002"", ""name"": ""Spearphishing Link"", ""tactic"": ""Initial Access""}, {""id"": ""T1204.001"", ""name"": ""Malicious Link"", ""tactic"": ""Execution""}]","• CONFIRMED ATTACK detected from 10.200.4.91
• Credential harvesting indicators detected
• 4 indicator(s) found (domain, email, ipv4, username)
• HIGH RISK (70/100) — immediate action recommended
• MITRE ATT&CK: {'id': 'T1566', 'name': 'Phishing', 'tactic': 'Initial Access'}, {'id': 'T1566.001', 'name': 'Spearphishing Attachment', 'tactic': 'Initial Access'}, {'id': 'T1566.002', 'name': 'Spearphishing Link', 'tactic': 'Initial Access'}
• Affected user: jdoe_852",2026-04-09 10:32:14.828447+00,2026-04-09 10:42:26.924735+00,612.096288
c0570312-c5af-4069-9191-3b6f219bab5d,brute_force,completed,A,true_positive,95,,7,"[{""id"": ""T1110"", ""name"": ""Brute Force"", ""tactic"": ""Credential Access""}, {""id"": ""T1110.001"", ""name"": ""Password Guessing"", ""tactic"": ""Credential Access""}, {""id"": ""T1110.003"", ""name"": ""Password Spraying"", ""tactic"": ""Credential Access""}]","• CONFIRMED ATTACK detected from 10.200.4.92
• Attack Signal: Command injection
• 2 indicator(s) found (ipv4, username)
• HIGH RISK (95/100) — immediate action recommended
• MITRE ATT&CK: {'id': 'T1110', 'name': 'Brute Force', 'tactic': 'Credential Access'}, {'id': 'T1110.001', 'name': 'Password Guessing', 'tactic': 'Credential Access'}, {'id': 'T1110.003', 'name': 'Password Spraying', 'tactic': 'Credential Access'}
• Affected user: web_admin_853",2026-04-09 10:32:15.344357+00,2026-04-09 10:39:42.431927+00,447.087570
54359662-a24a-4767-906e-4da35e1edd2e,lolbin_abuse,completed,A,benign,15,,8,"[{""id"": ""T1218"", ""name"": ""System Binary Proxy Execution"", ""tactic"": ""Defense Evasion""}, {""id"": ""T1218.005"", ""name"": ""Mshta"", ""tactic"": ""Defense Evasion""}, {""id"": ""T1218.011"", ""name"": ""Rundll32"", ""tactic"": ""Defense Evasion""}]","• Routine activity — no threat detected
• URL targets suspicious executable: http://bad.host/stage2.ps1
• 3 indicator(s) found (ipv4, url, username)
• LOW RISK (15/100) — no action needed
• MITRE ATT&CK: {'id': 'T1218', 'name': 'System Binary Proxy Execution', 'tactic': 'Defense Evasion'}, {'id': 'T1218.005', 'name': 'Mshta', 'tactic': 'Defense Evasion'}, {'id': 'T1218.011', 'name': 'Rundll32', 'tactic': 'Defense Evasion'}
• Affected user: exfil_user_854",2026-04-09 10:32:15.857482+00,2026-04-09 10:41:53.924228+00,578.066746
9dae412f-42ae-4c69-9946-d0b98bc86d8a,password_change,completed,A,benign,0,,2,[],"• Routine activity — no threat detected
• 2 indicator(s) found (ipv4, username)
• LOW RISK (0/100) — no action needed
• Affected user: golden_attacker_855",2026-04-09 10:32:16.368637+00,2026-04-09 10:42:23.590088+00,607.221451
08d0a71c-58f0-4335-a732-cfdfb02a2283,ransomware,pending,,,,,,,,2026-04-09 10:32:16.91682+00,,
1791130e-c303-43a8-b021-4745d5f60a13,phishing,completed,A,true_positive,85,,10,"[{""id"": ""T1566"", ""name"": ""Phishing"", ""tactic"": ""Initial Access""}, {""id"": ""T1566.001"", ""name"": ""Spearphishing Attachment"", ""tactic"": ""Initial Access""}, {""id"": ""T1566.002"", ""name"": ""Spearphishing Link"", ""tactic"": ""Initial Access""}, {""id"": ""T1204.001"", ""name"": ""Malicious Link"", ""tactic"": ""Execution""}]","• CONFIRMED ATTACK detected from 10.200.4.96
• Urgency/social engineering language detected
• 5 indicator(s) found (domain, email, ipv4, url, username)
• HIGH RISK (85/100) — immediate action recommended
• MITRE ATT&CK: {'id': 'T1566', 'name': 'Phishing', 'tactic': 'Initial Access'}, {'id': 'T1566.001', 'name': 'Spearphishing Attachment', 'tactic': 'Initial Access'}, {'id': 'T1566.002', 'name': 'Spearphishing Link', 'tactic': 'Initial Access'}
• Affected user: sql_svc_857",2026-04-09 10:32:17.451996+00,2026-04-09 10:41:54.44605+00,576.994054
ad964cc3-3ea2-4252-b537-3b3d4277d370,windows_update,completed,A,benign,0,,2,[],"• Routine activity — no threat detected
• 2 indicator(s) found (ipv4, username)
• LOW RISK (0/100) — no action needed
• Affected user: compromised_858",2026-04-09 10:32:17.996929+00,2026-04-09 10:39:52.632138+00,454.635209
2fbb3e46-2c2f-4d72-9661-4a465f90aafd,lolbin_abuse,completed,A,benign,15,,8,"[{""id"": ""T1218"", ""name"": ""System Binary Proxy Execution"", ""tactic"": ""Defense Evasion""}, {""id"": ""T1218.005"", ""name"": ""Mshta"", ""tactic"": ""Defense Evasion""}, {""id"": ""T1218.011"", ""name"": ""Rundll32"", ""tactic"": ""Defense Evasion""}]","• Routine activity — no threat detected
• URL targets suspicious executable: http://bad.host/stage2.ps1
• 3 indicator(s) found (ipv4, url, username)
• LOW RISK (15/100) — no action needed
• MITRE ATT&CK: {'id': 'T1218', 'name': 'System Binary Proxy Execution', 'tactic': 'Defense Evasion'}, {'id': 'T1218.005', 'name': 'Mshta', 'tactic': 'Defense Evasion'}, {'id': 'T1218.011', 'name': 'Rundll32', 'tactic': 'Defense Evasion'}
• Affected user: Administrator_859",2026-04-09 10:32:18.512662+00,2026-04-09 10:41:33.358261+00,554.845599
1a2ccfec-542e-4fc0-9cfd-59c911195649,lateral_movement,completed,A,true_positive,100,,8,"[{""id"": ""T1021"", ""name"": ""Remote Services"", ""tactic"": ""Lateral Movement""}, {""id"": ""T1021.002"", ""name"": ""SMB/Windows Admin Shares"", ""tactic"": ""Lateral Movement""}, {""id"": ""T1570"", ""name"": ""Lateral Tool Transfer"", ""tactic"": ""Lateral Movement""}, {""id"": ""T1047"", ""name"": ""Windows Management Instrumentation"", ""tactic"": ""Execution""}]","• CONFIRMED ATTACK detected from 10.200.4.99
• Detected ipv4: 172.16.0.46
• 3 indicator(s) found (ipv4, username)
• HIGH RISK (100/100) — immediate action recommended
• MITRE ATT&CK: {'id': 'T1021', 'name': 'Remote Services', 'tactic': 'Lateral Movement'}, {'id': 'T1021.002', 'name': 'SMB/Windows Admin Shares', 'tactic': 'Lateral Movement'}, {'id': 'T1570', 'name': 'Lateral Tool Transfer', 'tactic': 'Lateral Movement'}
• Affected user: exfil_user_860",2026-04-09 10:32:19.029984+00,2026-04-09 10:39:51.650657+00,452.620673
e4457551-fb4d-4948-b8c9-49db4dea564f,windows_update,completed,A,benign,0,,2,[],"• Routine activity — no threat detected
• 2 indicator(s) found (ipv4, username)
• LOW RISK (0/100) — no action needed
• Affected user: root_861",2026-04-09 10:32:19.543724+00,2026-04-09 10:40:48.575578+00,509.031854
803dfaac-d572-4584-a7f2-c6f9dd97429e,phishing,completed,A,true_positive,85,,10,"[{""id"": ""T1566"", ""name"": ""Phishing"", ""tactic"": ""Initial Access""}, {""id"": ""T1566.001"", ""name"": ""Spearphishing Attachment"", ""tactic"": ""Initial Access""}, {""id"": ""T1566.002"", ""name"": ""Spearphishing Link"", ""tactic"": ""Initial Access""}, {""id"": ""T1204.001"", ""name"": ""Malicious Link"", ""tactic"": ""Execution""}]","• CONFIRMED ATTACK detected from 10.200.4.101
• Urgency/social engineering language detected
• 5 indicator(s) found (domain, email, ipv4, url, username)
• HIGH RISK (85/100) — immediate action recommended
• MITRE ATT&CK: {'id': 'T1566', 'name': 'Phishing', 'tactic': 'Initial Access'}, {'id': 'T1566.001', 'name': 'Spearphishing Attachment', 'tactic': 'Initial Access'}, {'id': 'T1566.002', 'name': 'Spearphishing Link', 'tactic': 'Initial Access'}
• Affected user: jdoe_862",2026-04-09 10:32:20.059363+00,2026-04-09 10:42:23.796194+00,603.736831
8ded9401-e57b-41f6-a48e-d72c0bee616c,lateral_movement,completed,A,true_positive,100,,8,"[{""id"": ""T1021"", ""name"": ""Remote Services"", ""tactic"": ""Lateral Movement""}, {""id"": ""T1021.002"", ""name"": ""SMB/Windows Admin Shares"", ""tactic"": ""Lateral Movement""}, {""id"": ""T1570"", ""name"": ""Lateral Tool Transfer"", ""tactic"": ""Lateral Movement""}, {""id"": ""T1047"", ""name"": ""Windows Management Instrumentation"", ""tactic"": ""Execution""}]","• CONFIRMED ATTACK detected from 10.200.4.102
• Detected ipv4: 10.0.60.84
• 3 indicator(s) found (ipv4, username)
• HIGH RISK (100/100) — immediate action recommended
• MITRE ATT&CK: {'id': 'T1021', 'name': 'Remote Services', 'tactic': 'Lateral Movement'}, {'id': 'T1021.002', 'name': 'SMB/Windows Admin Shares', 'tactic': 'Lateral Movement'}, {'id': 'T1570', 'name': 'Lateral Tool Transfer', 'tactic': 'Lateral Movement'}
• Affected user: user2_863",2026-04-09 10:32:20.571233+00,2026-04-09 10:40:14.65418+00,474.082947
cdc81894-2cf8-49b3-a499-e2b52c15d9ff,lateral_movement,completed,A,true_positive,100,,8,"[{""id"": ""T1021"", ""name"": ""Remote Services"", ""tactic"": ""Lateral Movement""}, {""id"": ""T1021.002"", ""name"": ""SMB/Windows Admin Shares"", ""tactic"": ""Lateral Movement""}, {""id"": ""T1570"", ""name"": ""Lateral Tool Transfer"", ""tactic"": ""Lateral Movement""}, {""id"": ""T1047"", ""name"": ""Windows Management Instrumentation"", ""tactic"": ""Execution""}]","• CONFIRMED ATTACK detected from 10.200.4.103
• Detected ipv4: 10.0.20.52
• 3 indicator(s) found (ipv4, username)
• HIGH RISK (100/100) — immediate action recommended
• MITRE ATT&CK: {'id': 'T1021', 'name': 'Remote Services', 'tactic': 'Lateral Movement'}, {'id': 'T1021.002', 'name': 'SMB/Windows Admin Shares', 'tactic': 'Lateral Movement'}, {'id': 'T1570', 'name': 'Lateral Tool Transfer', 'tactic': 'Lateral Movement'}
• Affected user: root_864",2026-04-09 10:32:21.086803+00,2026-04-09 10:40:53.171703+00,512.084900
6b0650f2-4985-440b-ab83-59b21bffeb42,lolbin_abuse,completed,A,true_positive,100,,8,"[{""id"": ""T1218"", ""name"": ""System Binary Proxy Execution"", ""tactic"": ""Defense Evasion""}, {""id"": ""T1218.005"", ""name"": ""Mshta"", ""tactic"": ""Defense Evasion""}, {""id"": ""T1218.011"", ""name"": ""Rundll32"", ""tactic"": ""Defense Evasion""}]","• CONFIRMED ATTACK detected from 10.200.4.104
• LOLBin abuse: certutil download via -urlcache
• 3 indicator(s) found (ipv4, url, username)
• HIGH RISK (100/100) — immediate action recommended
• MITRE ATT&CK: {'id': 'T1218', 'name': 'System Binary Proxy Execution', 'tactic': 'Defense Evasion'}, {'id': 'T1218.005', 'name': 'Mshta', 'tactic': 'Defense Evasion'}, {'id': 'T1218.011', 'name': 'Rundll32', 'tactic': 'Defense Evasion'}
• Affected user: krbtgt_865",2026-04-09 10:32:21.600369+00,2026-04-09 10:42:15.620973+00,594.020604
f3dbccbe-2ead-4296-8ff7-5582c0b86c63,password_change,completed,A,benign,0,,2,[],"• Routine activity — no threat detected
• 2 indicator(s) found (ipv4, username)
• LOW RISK (0/100) — no action needed
• Affected user: user2_866",2026-04-09 10:32:22.116828+00,2026-04-09 10:41:40.758102+00,558.641274
212a658b-4288-4f1e-af73-2fdf5cfc187a,user_login,completed,A,benign,0,,2,[],"• Routine activity — no threat detected
• 2 indicator(s) found (ipv4, username)
• LOW RISK (0/100) — no action needed
• Affected user: sql_svc_867",2026-04-09 10:32:22.626915+00,2026-04-09 10:42:03.576154+00,580.949239
5bf605ec-f4c6-4a32-ba8a-9edf38f4d355,ransomware,completed,A,true_positive,100,,8,"[{""id"": ""T1486"", ""name"": ""Data Encrypted for Impact"", ""tactic"": ""Impact""}, {""id"": ""T1490"", ""name"": ""Inhibit System Recovery"", ""tactic"": ""Impact""}, {""id"": ""T1059"", ""name"": ""Command and Scripting Interpreter"", ""tactic"": ""Execution""}, {""id"": ""T1547"", ""name"": ""Boot or Logon Autostart Execution"", ""tactic"": ""Persistence""}]","• CONFIRMED ATTACK detected from 10.200.4.107
• Shadow copy deletion detected (vssadmin delete shadows)
• 2 indicator(s) found (ipv4, username)
• HIGH RISK (100/100) — immediate action recommended
• MITRE ATT&CK: {'id': 'T1486', 'name': 'Data Encrypted for Impact', 'tactic': 'Impact'}, {'id': 'T1490', 'name': 'Inhibit System Recovery', 'tactic': 'Impact'}, {'id': 'T1059', 'name': 'Command and Scripting Interpreter', 'tactic': 'Execution'}
• Affected user: exfil_user_868",2026-04-09 10:32:23.13994+00,2026-04-09 10:42:22.977196+00,599.837256
25c38795-6735-46cb-9e7f-e55e68b5955d,phishing,completed,A,true_positive,85,,10,"[{""id"": ""T1566"", ""name"": ""Phishing"", ""tactic"": ""Initial Access""}, {""id"": ""T1566.001"", ""name"": ""Spearphishing Attachment"", ""tactic"": ""Initial Access""}, {""id"": ""T1566.002"", ""name"": ""Spearphishing Link"", ""tactic"": ""Initial Access""}, {""id"": ""T1204.001"", ""name"": ""Malicious Link"", ""tactic"": ""Execution""}]","• CONFIRMED ATTACK detected from 10.200.4.108
• Urgency/social engineering language detected
• 5 indicator(s) found (domain, email, ipv4, url, username)
• HIGH RISK (85/100) — immediate action recommended
• MITRE ATT&CK: {'id': 'T1566', 'name': 'Phishing', 'tactic': 'Initial Access'}, {'id': 'T1566.001', 'name': 'Spearphishing Attachment', 'tactic': 'Initial Access'}, {'id': 'T1566.002', 'name': 'Spearphishing Link', 'tactic': 'Initial Access'}
• Affected user: backup_svc_869",2026-04-09 10:32:23.649901+00,2026-04-09 10:41:53.6819+00,570.031999
25429573-9354-4b67-85b0-8a58813d154f,phishing,completed,A,true_positive,70,,10,"[{""id"": ""T1566"", ""name"": ""Phishing"", ""tactic"": ""Initial Access""}, {""id"": ""T1566.001"", ""name"": ""Spearphishing Attachment"", ""tactic"": ""Initial Access""}, {""id"": ""T1566.002"", ""name"": ""Spearphishing Link"", ""tactic"": ""Initial Access""}, {""id"": ""T1204.001"", ""name"": ""Malicious Link"", ""tactic"": ""Execution""}]","• CONFIRMED ATTACK detected from 10.200.4.109
• Credential harvesting indicators detected
• 4 indicator(s) found (domain, email, ipv4, username)
• HIGH RISK (70/100) — immediate action recommended
• MITRE ATT&CK: {'id': 'T1566', 'name': 'Phishing', 'tactic': 'Initial Access'}, {'id': 'T1566.001', 'name': 'Spearphishing Attachment', 'tactic': 'Initial Access'}, {'id': 'T1566.002', 'name': 'Spearphishing Link', 'tactic': 'Initial Access'}
• Affected user: user2_870",2026-04-09 10:32:24.164639+00,2026-04-09 10:42:46.131404+00,621.966765
273135ae-60d7-40fa-8768-5f0375ca8a52,phishing,completed,A,true_positive,70,,10,"[{""id"": ""T1566"", ""name"": ""Phishing"", ""tactic"": ""Initial Access""}, {""id"": ""T1566.001"", ""name"": ""Spearphishing Attachment"", ""tactic"": ""Initial Access""}, {""id"": ""T1566.002"", ""name"": ""Spearphishing Link"", ""tactic"": ""Initial Access""}, {""id"": ""T1204.001"", ""name"": ""Malicious Link"", ""tactic"": ""Execution""}]","• CONFIRMED ATTACK detected from 10.200.4.110
• Credential harvesting indicators detected
• 4 indicator(s) found (domain, email, ipv4, username)
• HIGH RISK (70/100) — immediate action recommended
• MITRE ATT&CK: {'id': 'T1566', 'name': 'Phishing', 'tactic': 'Initial Access'}, {'id': 'T1566.001', 'name': 'Spearphishing Attachment', 'tactic': 'Initial Access'}, {'id': 'T1566.002', 'name': 'Spearphishing Link', 'tactic': 'Initial Access'}
• Affected user: svc_backup_871",2026-04-09 10:32:24.678052+00,2026-04-09 10:42:22.675983+00,597.997931
11da9e83-09d7-4f38-9d48-e42bd3f9645d,lolbin_abuse,completed,A,benign,15,,8,"[{""id"": ""T1218"", ""name"": ""System Binary Proxy Execution"", ""tactic"": ""Defense Evasion""}, {""id"": ""T1218.005"", ""name"": ""Mshta"", ""tactic"": ""Defense Evasion""}, {""id"": ""T1218.011"", ""name"": ""Rundll32"", ""tactic"": ""Defense Evasion""}]","• Routine activity — no threat detected
• URL targets suspicious executable: http://bad.host/stage2.ps1
• 3 indicator(s) found (ipv4, url, username)
• LOW RISK (15/100) — no action needed
• MITRE ATT&CK: {'id': 'T1218', 'name': 'System Binary Proxy Execution', 'tactic': 'Defense Evasion'}, {'id': 'T1218.005', 'name': 'Mshta', 'tactic': 'Defense Evasion'}, {'id': 'T1218.011', 'name': 'Rundll32', 'tactic': 'Defense Evasion'}
• Affected user: krbtgt_872",2026-04-09 10:32:25.191039+00,2026-04-09 10:38:11.64838+00,346.457341
4730d3bd-7bb1-4350-b6da-a610986ff2e7,lolbin_abuse,completed,A,benign,15,,8,"[{""id"": ""T1218"", ""name"": ""System Binary Proxy Execution"", ""tactic"": ""Defense Evasion""}, {""id"": ""T1218.005"", ""name"": ""Mshta"", ""tactic"": ""Defense Evasion""}, {""id"": ""T1218.011"", ""name"": ""Rundll32"", ""tactic"": ""Defense Evasion""}]","• Routine activity — no threat detected
• URL targets suspicious executable: http://bad.host/stage2.ps1
• 3 indicator(s) found (ipv4, url, username)
• LOW RISK (15/100) — no action needed
• MITRE ATT&CK: {'id': 'T1218', 'name': 'System Binary Proxy Execution', 'tactic': 'Defense Evasion'}, {'id': 'T1218.005', 'name': 'Mshta', 'tactic': 'Defense Evasion'}, {'id': 'T1218.011', 'name': 'Rundll32', 'tactic': 'Defense Evasion'}
• Affected user: asmith_873",2026-04-09 10:32:25.705515+00,2026-04-09 10:39:14.534736+00,408.829221
4d8670e5-41cd-4c19-a723-0576223f9ca5,phishing,completed,A,true_positive,85,,10,"[{""id"": ""T1566"", ""name"": ""Phishing"", ""tactic"": ""Initial Access""}, {""id"": ""T1566.001"", ""name"": ""Spearphishing Attachment"", ""tactic"": ""Initial Access""}, {""id"": ""T1566.002"", ""name"": ""Spearphishing Link"", ""tactic"": ""Initial Access""}, {""id"": ""T1204.001"", ""name"": ""Malicious Link"", ""tactic"": ""Execution""}]","• CONFIRMED ATTACK detected from 10.200.4.113
• Urgency/social engineering language detected
• 5 indicator(s) found (domain, email, ipv4, url, username)
• HIGH RISK (85/100) — immediate action recommended
• MITRE ATT&CK: {'id': 'T1566', 'name': 'Phishing', 'tactic': 'Initial Access'}, {'id': 'T1566.001', 'name': 'Spearphishing Attachment', 'tactic': 'Initial Access'}, {'id': 'T1566.002', 'name': 'Spearphishing Link', 'tactic': 'Initial Access'}
• Affected user: krbtgt_874",2026-04-09 10:32:26.223831+00,2026-04-09 10:42:41.650681+00,615.426850
92128e80-699f-4e2b-ae1c-44083d092f84,kerberoasting,completed,A,true_positive,100,,7,"[{""id"": ""T1558.003"", ""name"": ""Kerberoasting"", ""tactic"": ""Credential Access""}]","• CONFIRMED ATTACK detected from 10.200.4.114
• SPN enumeration detected — Kerberoasting recon
• 3 indicator(s) found (ipv4, service_name, username)
• HIGH RISK (100/100) — immediate action recommended
• MITRE ATT&CK: {'id': 'T1558.003', 'name': 'Kerberoasting', 'tactic': 'Credential Access'}
• Affected user: attacker_user_875",2026-04-09 10:32:26.736334+00,2026-04-09 10:41:19.970134+00,533.233800
1a8ecfe7-2b9d-4f76-b840-44084eaba896,lateral_movement,completed,A,true_positive,100,,8,"[{""id"": ""T1021"", ""name"": ""Remote Services"", ""tactic"": ""Lateral Movement""}, {""id"": ""T1021.002"", ""name"": ""SMB/Windows Admin Shares"", ""tactic"": ""Lateral Movement""}, {""id"": ""T1570"", ""name"": ""Lateral Tool Transfer"", ""tactic"": ""Lateral Movement""}, {""id"": ""T1047"", ""name"": ""Windows Management Instrumentation"", ""tactic"": ""Execution""}]","• CONFIRMED ATTACK detected from 10.200.4.115
• Detected ipv4: 10.0.50.17
• 3 indicator(s) found (ipv4, username)
• HIGH RISK (100/100) — immediate action recommended
• MITRE ATT&CK: {'id': 'T1021', 'name': 'Remote Services', 'tactic': 'Lateral Movement'}, {'id': 'T1021.002', 'name': 'SMB/Windows Admin Shares', 'tactic': 'Lateral Movement'}, {'id': 'T1570', 'name': 'Lateral Tool Transfer', 'tactic': 'Lateral Movement'}
• Affected user: svc_backup_876",2026-04-09 10:32:27.251865+00,2026-04-09 10:42:22.475624+00,595.223759
c3d7e5e7-782b-4162-8017-1ec8bd368e45,data_exfiltration,completed,A,true_positive,100,,8,"[{""id"": ""T1041"", ""name"": ""Exfiltration Over C2 Channel"", ""tactic"": ""Exfiltration""}, {""id"": ""T1567"", ""name"": ""Exfiltration Over Web Service"", ""tactic"": ""Exfiltration""}, {""id"": ""T1048"", ""name"": ""Exfiltration Over Alternative Protocol"", ""tactic"": ""Exfiltration""}]","• CONFIRMED ATTACK detected from 10.200.4.116
• Large data transfer: 5.2 GB
• 3 indicator(s) found (ipv4, username)
• HIGH RISK (100/100) — immediate action recommended
• MITRE ATT&CK: {'id': 'T1041', 'name': 'Exfiltration Over C2 Channel', 'tactic': 'Exfiltration'}, {'id': 'T1567', 'name': 'Exfiltration Over Web Service', 'tactic': 'Exfiltration'}, {'id': 'T1048', 'name': 'Exfiltration Over Alternative Protocol', 'tactic': 'Exfiltration'}
• Affected user: user2_877",2026-04-09 10:32:27.769062+00,2026-04-09 10:39:51.241163+00,443.472101
595fbaf6-a097-41bc-a071-4ed96af32975,lateral_movement,completed,A,true_positive,100,,8,"[{""id"": ""T1021"", ""name"": ""Remote Services"", ""tactic"": ""Lateral Movement""}, {""id"": ""T1021.002"", ""name"": ""SMB/Windows Admin Shares"", ""tactic"": ""Lateral Movement""}, {""id"": ""T1570"", ""name"": ""Lateral Tool Transfer"", ""tactic"": ""Lateral Movement""}, {""id"": ""T1047"", ""name"": ""Windows Management Instrumentation"", ""tactic"": ""Execution""}]","• CONFIRMED ATTACK detected from 10.200.4.117
• Detected ipv4: 10.0.40.28
• 3 indicator(s) found (ipv4, username)
• HIGH RISK (100/100) — immediate action recommended
• MITRE ATT&CK: {'id': 'T1021', 'name': 'Remote Services', 'tactic': 'Lateral Movement'}, {'id': 'T1021.002', 'name': 'SMB/Windows Admin Shares', 'tactic': 'Lateral Movement'}, {'id': 'T1570', 'name': 'Lateral Tool Transfer', 'tactic': 'Lateral Movement'}
• Affected user: backup_svc_878",2026-04-09 10:32:28.289104+00,2026-04-09 10:41:20.772559+00,532.483455
923914e2-2f73-4979-87a5-44bc4448fad5,c2_communication,completed,A,true_positive,100,,8,"[{""id"": ""T1071"", ""name"": ""Application Layer Protocol"", ""tactic"": ""Command and Control""}, {""id"": ""T1573"", ""name"": ""Encrypted Channel"", ""tactic"": ""Command and Control""}, {""id"": ""T1105"", ""name"": ""Ingress Tool Transfer"", ""tactic"": ""Command and Control""}, {""id"": ""T1571"", ""name"": ""Non-Standard Port"", ""tactic"": ""Command and Control""}]","• CONFIRMED ATTACK detected from 10.200.4.118
• Regular beacon interval detected: 30.0s (stddev=0.5)
• 3 indicator(s) found (ipv4, username)
• HIGH RISK (100/100) — immediate action recommended
• MITRE ATT&CK: {'id': 'T1071', 'name': 'Application Layer Protocol', 'tactic': 'Command and Control'}, {'id': 'T1573', 'name': 'Encrypted Channel', 'tactic': 'Command and Control'}, {'id': 'T1105', 'name': 'Ingress Tool Transfer', 'tactic': 'Command and Control'}
• Affected user: jdoe_879",2026-04-09 10:32:28.814869+00,2026-04-09 10:40:44.786925+00,495.972056
605dec4e-c179-4088-abd9-dfc2767a2a51,data_exfiltration,completed,A,true_positive,100,,8,"[{""id"": ""T1041"", ""name"": ""Exfiltration Over C2 Channel"", ""tactic"": ""Exfiltration""}, {""id"": ""T1567"", ""name"": ""Exfiltration Over Web Service"", ""tactic"": ""Exfiltration""}, {""id"": ""T1048"", ""name"": ""Exfiltration Over Alternative Protocol"", ""tactic"": ""Exfiltration""}]","• CONFIRMED ATTACK detected from 10.200.4.119
• Large data transfer: 5.2 GB
• 3 indicator(s) found (ipv4, username)
• HIGH RISK (100/100) — immediate action recommended
• MITRE ATT&CK: {'id': 'T1041', 'name': 'Exfiltration Over C2 Channel', 'tactic': 'Exfiltration'}, {'id': 'T1567', 'name': 'Exfiltration Over Web Service', 'tactic': 'Exfiltration'}, {'id': 'T1048', 'name': 'Exfiltration Over Alternative Protocol', 'tactic': 'Exfiltration'}
• Affected user: krbtgt_880",2026-04-09 10:32:29.330751+00,2026-04-09 10:38:11.36559+00,342.034839
a07ad5b9-5a67-4a28-ab83-ff403d8d2c9b,c2_communication,completed,A,true_positive,100,,8,"[{""id"": ""T1071"", ""name"": ""Application Layer Protocol"", ""tactic"": ""Command and Control""}, {""id"": ""T1573"", ""name"": ""Encrypted Channel"", ""tactic"": ""Command and Control""}, {""id"": ""T1105"", ""name"": ""Ingress Tool Transfer"", ""tactic"": ""Command and Control""}, {""id"": ""T1571"", ""name"": ""Non-Standard Port"", ""tactic"": ""Command and Control""}]","• CONFIRMED ATTACK detected from 10.200.4.120
• Regular beacon interval detected: 30.0s (stddev=0.5)
• 3 indicator(s) found (ipv4, username)
• HIGH RISK (100/100) — immediate action recommended
• MITRE ATT&CK: {'id': 'T1071', 'name': 'Application Layer Protocol', 'tactic': 'Command and Control'}, {'id': 'T1573', 'name': 'Encrypted Channel', 'tactic': 'Command and Control'}, {'id': 'T1105', 'name': 'Ingress Tool Transfer', 'tactic': 'Command and Control'}
• Affected user: jdoe_881",2026-04-09 10:32:29.846221+00,2026-04-09 10:42:22.855066+00,593.008845
009bcbac-b023-4116-a745-b6ceabf2e81e,lolbin_abuse,completed,A,benign,15,,8,"[{""id"": ""T1218"", ""name"": ""System Binary Proxy Execution"", ""tactic"": ""Defense Evasion""}, {""id"": ""T1218.005"", ""name"": ""Mshta"", ""tactic"": ""Defense Evasion""}, {""id"": ""T1218.011"", ""name"": ""Rundll32"", ""tactic"": ""Defense Evasion""}]","• Routine activity — no threat detected
• URL targets suspicious executable: http://bad.host/stage2.ps1
• 3 indicator(s) found (ipv4, url, username)
• LOW RISK (15/100) — no action needed
• MITRE ATT&CK: {'id': 'T1218', 'name': 'System Binary Proxy Execution', 'tactic': 'Defense Evasion'}, {'id': 'T1218.005', 'name': 'Mshta', 'tactic': 'Defense Evasion'}, {'id': 'T1218.011', 'name': 'Rundll32', 'tactic': 'Defense Evasion'}
• Affected user: backup_svc_882",2026-04-09 10:32:30.364391+00,2026-04-09 10:39:44.373756+00,434.009365
6ebb0252-cc9a-4b99-b7d8-780a59273681,ransomware,completed,A,true_positive,100,,8,"[{""id"": ""T1486"", ""name"": ""Data Encrypted for Impact"", ""tactic"": ""Impact""}, {""id"": ""T1490"", ""name"": ""Inhibit System Recovery"", ""tactic"": ""Impact""}, {""id"": ""T1059"", ""name"": ""Command and Scripting Interpreter"", ""tactic"": ""Execution""}, {""id"": ""T1547"", ""name"": ""Boot or Logon Autostart Execution"", ""tactic"": ""Persistence""}]","• CONFIRMED ATTACK detected from 10.200.4.122
• Shadow copy deletion detected (vssadmin delete shadows)
• 2 indicator(s) found (ipv4, username)
• HIGH RISK (100/100) — immediate action recommended
• MITRE ATT&CK: {'id': 'T1486', 'name': 'Data Encrypted for Impact', 'tactic': 'Impact'}, {'id': 'T1490', 'name': 'Inhibit System Recovery', 'tactic': 'Impact'}, {'id': 'T1059', 'name': 'Command and Scripting Interpreter', 'tactic': 'Execution'}
• Affected user: asmith_883",2026-04-09 10:32:30.876053+00,2026-04-09 10:42:24.58951+00,593.713457
c234af44-afb8-47b9-a41f-aea552111474,password_change,completed,A,benign,0,,2,[],"• Routine activity — no threat detected
• 2 indicator(s) found (ipv4, username)
• LOW RISK (0/100) — no action needed
• Affected user: SYSTEM_884",2026-04-09 10:32:31.389832+00,2026-04-09 10:38:09.195519+00,337.805687
f4649fa2-9076-4369-a39b-f57d71f3990f,scheduled_backup,completed,A,benign,0,,2,[],"• Routine activity — no threat detected
• 2 indicator(s) found (ipv4, username)
• LOW RISK (0/100) — no action needed
• Affected user: user2_885",2026-04-09 10:32:31.90115+00,2026-04-09 10:40:53.923737+00,502.022587
f6f917e2-c045-44bc-847e-a4b3597d9577,kerberoasting,completed,A,true_positive,100,,7,"[{""id"": ""T1558.003"", ""name"": ""Kerberoasting"", ""tactic"": ""Credential Access""}]","• CONFIRMED ATTACK detected from 10.200.4.125
• SPN enumeration detected — Kerberoasting recon
• 3 indicator(s) found (ipv4, service_name, username)
• HIGH RISK (100/100) — immediate action recommended
• MITRE ATT&CK: {'id': 'T1558.003', 'name': 'Kerberoasting', 'tactic': 'Credential Access'}
• Affected user: compromised_886",2026-04-09 10:32:32.414576+00,2026-04-09 10:42:23.506964+00,591.092388
14302f7d-9e77-454e-9ce5-e39c8227ff6c,password_change,completed,A,benign,0,,2,[],"• Routine activity — no threat detected
• 2 indicator(s) found (ipv4, username)
• LOW RISK (0/100) — no action needed
• Affected user: web_admin_887",2026-04-09 10:32:32.927611+00,2026-04-09 10:41:40.667061+00,547.739450
3aa71930-4f01-4d3e-aa8e-94aa24d06cd4,brute_force,completed,A,true_positive,95,,7,"[{""id"": ""T1110"", ""name"": ""Brute Force"", ""tactic"": ""Credential Access""}, {""id"": ""T1110.001"", ""name"": ""Password Guessing"", ""tactic"": ""Credential Access""}, {""id"": ""T1110.003"", ""name"": ""Password Spraying"", ""tactic"": ""Credential Access""}]","• CONFIRMED ATTACK detected from 10.200.4.127
• Attack Signal: Command injection
• 2 indicator(s) found (ipv4, username)
• HIGH RISK (95/100) — immediate action recommended
• MITRE ATT&CK: {'id': 'T1110', 'name': 'Brute Force', 'tactic': 'Credential Access'}, {'id': 'T1110.001', 'name': 'Password Guessing', 'tactic': 'Credential Access'}, {'id': 'T1110.003', 'name': 'Password Spraying', 'tactic': 'Credential Access'}
• Affected user: SYSTEM_888",2026-04-09 10:32:33.443661+00,2026-04-09 10:41:45.516148+00,552.072487
cde97f97-d483-4ad1-b542-2c46b73babd1,user_login,completed,A,benign,0,,2,[],"• Routine activity — no threat detected
• 2 indicator(s) found (ipv4, username)
• LOW RISK (0/100) — no action needed
• Affected user: golden_attacker_889",2026-04-09 10:32:33.959821+00,2026-04-09 10:42:14.861284+00,580.901463
3c1d2d0b-5547-4de5-b8a8-298c9e50bbb7,lolbin_abuse,completed,A,true_positive,100,,8,"[{""id"": ""T1218"", ""name"": ""System Binary Proxy Execution"", ""tactic"": ""Defense Evasion""}, {""id"": ""T1218.005"", ""name"": ""Mshta"", ""tactic"": ""Defense Evasion""}, {""id"": ""T1218.011"", ""name"": ""Rundll32"", ""tactic"": ""Defense Evasion""}]","• CONFIRMED ATTACK detected from 10.200.4.129
• LOLBin abuse: certutil download via -urlcache
• 3 indicator(s) found (ipv4, url, username)
• HIGH RISK (100/100) — immediate action recommended
• MITRE ATT&CK: {'id': 'T1218', 'name': 'System Binary Proxy Execution', 'tactic': 'Defense Evasion'}, {'id': 'T1218.005', 'name': 'Mshta', 'tactic': 'Defense Evasion'}, {'id': 'T1218.011', 'name': 'Rundll32', 'tactic': 'Defense Evasion'}
• Affected user: backup_svc_890",2026-04-09 10:32:34.476123+00,2026-04-09 10:40:49.437723+00,494.961600
2e3d297e-20b6-4d10-b808-003e8d421ee2,lateral_movement,completed,A,true_positive,100,,8,"[{""id"": ""T1021"", ""name"": ""Remote Services"", ""tactic"": ""Lateral Movement""}, {""id"": ""T1021.002"", ""name"": ""SMB/Windows Admin Shares"", ""tactic"": ""Lateral Movement""}, {""id"": ""T1570"", ""name"": ""Lateral Tool Transfer"", ""tactic"": ""Lateral Movement""}, {""id"": ""T1047"", ""name"": ""Windows Management Instrumentation"", ""tactic"": ""Execution""}]","• CONFIRMED ATTACK detected from 10.200.4.130
• Detected ipv4: 10.0.50.246
• 3 indicator(s) found (ipv4, username)
• HIGH RISK (100/100) — immediate action recommended
• MITRE ATT&CK: {'id': 'T1021', 'name': 'Remote Services', 'tactic': 'Lateral Movement'}, {'id': 'T1021.002', 'name': 'SMB/Windows Admin Shares', 'tactic': 'Lateral Movement'}, {'id': 'T1570', 'name': 'Lateral Tool Transfer', 'tactic': 'Lateral Movement'}
• Affected user: golden_attacker_891",2026-04-09 10:32:34.989488+00,2026-04-09 10:36:09.601594+00,214.612106
ce667cb5-6d9d-427b-89f9-733e004ba3b7,lateral_movement,completed,A,true_positive,100,,8,"[{""id"": ""T1021"", ""name"": ""Remote Services"", ""tactic"": ""Lateral Movement""}, {""id"": ""T1021.002"", ""name"": ""SMB/Windows Admin Shares"", ""tactic"": ""Lateral Movement""}, {""id"": ""T1570"", ""name"": ""Lateral Tool Transfer"", ""tactic"": ""Lateral Movement""}, {""id"": ""T1047"", ""name"": ""Windows Management Instrumentation"", ""tactic"": ""Execution""}]","• CONFIRMED ATTACK detected from 10.200.4.131
• Detected ipv4: 172.16.0.33
• 3 indicator(s) found (ipv4, username)
• HIGH RISK (100/100) — immediate action recommended
• MITRE ATT&CK: {'id': 'T1021', 'name': 'Remote Services', 'tactic': 'Lateral Movement'}, {'id': 'T1021.002', 'name': 'SMB/Windows Admin Shares', 'tactic': 'Lateral Movement'}, {'id': 'T1570', 'name': 'Lateral Tool Transfer', 'tactic': 'Lateral Movement'}
• Affected user: backup_svc_892",2026-04-09 10:32:35.507482+00,2026-04-09 10:40:20.605874+00,465.098392
1db89140-6870-4a43-b3e9-0328f6e4d9c5,scheduled_backup,completed,A,benign,0,,2,[],"• Routine activity — no threat detected
• 2 indicator(s) found (ipv4, username)
• LOW RISK (0/100) — no action needed
• Affected user: root_893",2026-04-09 10:32:36.026039+00,2026-04-09 10:40:04.223493+00,448.197454
4ad8bda3-c2f8-4f10-885a-ea1deecb56de,data_exfiltration,completed,A,true_positive,100,,8,"[{""id"": ""T1041"", ""name"": ""Exfiltration Over C2 Channel"", ""tactic"": ""Exfiltration""}, {""id"": ""T1567"", ""name"": ""Exfiltration Over Web Service"", ""tactic"": ""Exfiltration""}, {""id"": ""T1048"", ""name"": ""Exfiltration Over Alternative Protocol"", ""tactic"": ""Exfiltration""}]","• CONFIRMED ATTACK detected from 10.200.4.133
• Large data transfer: 5.2 GB
• 3 indicator(s) found (ipv4, username)
• HIGH RISK (100/100) — immediate action recommended
• MITRE ATT&CK: {'id': 'T1041', 'name': 'Exfiltration Over C2 Channel', 'tactic': 'Exfiltration'}, {'id': 'T1567', 'name': 'Exfiltration Over Web Service', 'tactic': 'Exfiltration'}, {'id': 'T1048', 'name': 'Exfiltration Over Alternative Protocol', 'tactic': 'Exfiltration'}
• Affected user: svc_backup_894",2026-04-09 10:32:36.540433+00,2026-04-09 10:37:22.81874+00,286.278307
75e60ea9-225b-40f0-a101-2a8e9e1b09b7,lolbin_abuse,completed,A,benign,15,,8,"[{""id"": ""T1218"", ""name"": ""System Binary Proxy Execution"", ""tactic"": ""Defense Evasion""}, {""id"": ""T1218.005"", ""name"": ""Mshta"", ""tactic"": ""Defense Evasion""}, {""id"": ""T1218.011"", ""name"": ""Rundll32"", ""tactic"": ""Defense Evasion""}]","• Routine activity — no threat detected
• URL targets suspicious executable: http://bad.host/stage2.ps1
• 3 indicator(s) found (ipv4, url, username)
• LOW RISK (15/100) — no action needed
• MITRE ATT&CK: {'id': 'T1218', 'name': 'System Binary Proxy Execution', 'tactic': 'Defense Evasion'}, {'id': 'T1218.005', 'name': 'Mshta', 'tactic': 'Defense Evasion'}, {'id': 'T1218.011', 'name': 'Rundll32', 'tactic': 'Defense Evasion'}
• Affected user: sql_svc_895",2026-04-09 10:32:37.050096+00,2026-04-09 10:39:49.597006+00,432.546910
45f20f7a-a271-4e68-b113-33d549fe8064,ransomware,completed,A,true_positive,100,,8,"[{""id"": ""T1486"", ""name"": ""Data Encrypted for Impact"", ""tactic"": ""Impact""}, {""id"": ""T1490"", ""name"": ""Inhibit System Recovery"", ""tactic"": ""Impact""}, {""id"": ""T1059"", ""name"": ""Command and Scripting Interpreter"", ""tactic"": ""Execution""}, {""id"": ""T1547"", ""name"": ""Boot or Logon Autostart Execution"", ""tactic"": ""Persistence""}]","• CONFIRMED ATTACK detected from 10.200.4.135
• Shadow copy deletion detected (vssadmin delete shadows)
• 2 indicator(s) found (ipv4, username)
• HIGH RISK (100/100) — immediate action recommended
• MITRE ATT&CK: {'id': 'T1486', 'name': 'Data Encrypted for Impact', 'tactic': 'Impact'}, {'id': 'T1490', 'name': 'Inhibit System Recovery', 'tactic': 'Impact'}, {'id': 'T1059', 'name': 'Command and Scripting Interpreter', 'tactic': 'Execution'}
• Affected user: compromised_896",2026-04-09 10:32:37.620818+00,2026-04-09 10:39:45.744659+00,428.123841
b1922e03-c90f-4dc2-8d67-68fcb5d18409,password_change,pending,,,,,,,,2026-04-09 10:32:38.14436+00,,
a10f1a7d-8e3b-4d7c-a0cf-36a45a8b5916,brute_force,pending,,,,,,,,2026-04-09 10:32:38.657332+00,,
ef48ce65-a607-451c-89d7-bf3013287dcd,password_change,pending,,,,,,,,2026-04-09 10:32:39.169438+00,,
e6056213-3437-48cf-aa20-1de32b13b646,kerberoasting,pending,,,,,,,,2026-04-09 10:32:39.692033+00,,
40fa4d69-17d9-4e61-acdf-202dc4daf0f2,phishing,pending,,,,,,,,2026-04-09 10:32:40.202008+00,,
4da9f2dd-e93f-4687-8976-bc8b26bf29fb,windows_update,pending,,,,,,,,2026-04-09 10:32:40.712029+00,,
37550af4-3ff9-44f5-943c-8b4248978ae7,phishing,pending,,,,,,,,2026-04-09 10:32:41.2304+00,,
d613a335-02ec-4442-856c-2261b49d6a17,c2_communication,pending,,,,,,,,2026-04-09 10:32:41.754802+00,,
e98cb5d5-d599-4d57-878a-493a726420cf,scheduled_backup,pending,,,,,,,,2026-04-09 10:32:42.26813+00,,
8a69dac6-3c55-4d74-8597-e718aa52de96,lolbin_abuse,pending,,,,,,,,2026-04-09 10:32:42.810085+00,,
5d41f74e-33b5-4498-ac73-9ced7d8c498d,phishing,pending,,,,,,,,2026-04-09 10:32:43.327488+00,,
581cb500-6eb5-4bca-be22-9a0597966cc9,lateral_movement,pending,,,,,,,,2026-04-09 10:32:43.863149+00,,
0a109313-7d5e-4b8b-b158-a973eb4f7727,ransomware,pending,,,,,,,,2026-04-09 10:32:44.381578+00,,
c9af0a0f-68e4-45f5-9c91-23521e450278,ransomware,pending,,,,,,,,2026-04-09 10:32:44.918966+00,,
9a0ba02d-83aa-460d-85aa-23876e782ab7,brute_force,pending,,,,,,,,2026-04-09 10:32:45.43824+00,,
b5dd3696-e492-4366-95ba-9963e63ede6e,user_login,pending,,,,,,,,2026-04-09 10:32:45.949272+00,,
38e6ac18-8000-4c6b-844c-4f1e7a76b3ee,lateral_movement,pending,,,,,,,,2026-04-09 10:32:46.460515+00,,
bb4ae5c1-5986-4402-9690-9b8574fce568,windows_update,pending,,,,,,,,2026-04-09 10:32:46.97603+00,,
32777291-c5ae-4516-8f7b-ba9613b62fc3,scheduled_backup,pending,,,,,,,,2026-04-09 10:32:47.51094+00,,
b3d9854a-8981-4c66-886c-43e34ce258b1,phishing,pending,,,,,,,,2026-04-09 10:32:48.026206+00,,
8d19aa05-76f4-426d-a421-c1f9e83a8f6a,user_login,pending,,,,,,,,2026-04-09 10:32:48.540126+00,,
8a9f68a2-92fe-4856-bca5-eb0e531b065b,health_check,pending,,,,,,,,2026-04-09 10:32:49.053231+00,,
da8768e2-e647-4f92-8850-a286f68b02af,windows_update,pending,,,,,,,,2026-04-09 10:32:49.560948+00,,
66038891-0895-4cc3-8a38-26c93496bfee,user_login,pending,,,,,,,,2026-04-09 10:32:50.070605+00,,
038b7fe3-b7ea-4b5a-88cc-4ba75a7144c5,windows_update,pending,,,,,,,,2026-04-09 10:32:50.577871+00,,
ba163d36-e67d-4531-93be-3e16d86c59a7,health_check,pending,,,,,,,,2026-04-09 10:32:51.087198+00,,
839b58c4-edd7-4fa4-a081-219cb3443058,phishing,pending,,,,,,,,2026-04-09 10:32:51.593308+00,,
39e31335-5183-4050-849d-c697209f9eb1,health_check,pending,,,,,,,,2026-04-09 10:32:52.101804+00,,
0ae53e86-ef1f-418d-870f-366891bf4fd5,health_check,pending,,,,,,,,2026-04-09 10:32:52.60911+00,,
e56ec992-7128-4405-a209-aa2fe5129eb8,lateral_movement,completed,A,true_positive,100,,8,"[{""id"": ""T1021"", ""name"": ""Remote Services"", ""tactic"": ""Lateral Movement""}, {""id"": ""T1021.002"", ""name"": ""SMB/Windows Admin Shares"", ""tactic"": ""Lateral Movement""}, {""id"": ""T1570"", ""name"": ""Lateral Tool Transfer"", ""tactic"": ""Lateral Movement""}, {""id"": ""T1047"", ""name"": ""Windows Management Instrumentation"", ""tactic"": ""Execution""}]","• CONFIRMED ATTACK detected from 10.200.4.165
• Detected ipv4: 172.16.0.115
• 3 indicator(s) found (ipv4, username)
• HIGH RISK (100/100) — immediate action recommended
• MITRE ATT&CK: {'id': 'T1021', 'name': 'Remote Services', 'tactic': 'Lateral Movement'}, {'id': 'T1021.002', 'name': 'SMB/Windows Admin Shares', 'tactic': 'Lateral Movement'}, {'id': 'T1570', 'name': 'Lateral Tool Transfer', 'tactic': 'Lateral Movement'}
• Affected user: jdoe_926",2026-04-09 10:32:53.118882+00,2026-04-09 10:40:23.048017+00,449.929135
e2147888-4f94-43c2-9fc4-87a029368ba2,lolbin_abuse,completed,A,true_positive,100,,8,"[{""id"": ""T1218"", ""name"": ""System Binary Proxy Execution"", ""tactic"": ""Defense Evasion""}, {""id"": ""T1218.005"", ""name"": ""Mshta"", ""tactic"": ""Defense Evasion""}, {""id"": ""T1218.011"", ""name"": ""Rundll32"", ""tactic"": ""Defense Evasion""}]","• CONFIRMED ATTACK detected from 10.200.4.166
• LOLBin abuse: certutil download via -urlcache
• 3 indicator(s) found (ipv4, url, username)
• HIGH RISK (100/100) — immediate action recommended
• MITRE ATT&CK: {'id': 'T1218', 'name': 'System Binary Proxy Execution', 'tactic': 'Defense Evasion'}, {'id': 'T1218.005', 'name': 'Mshta', 'tactic': 'Defense Evasion'}, {'id': 'T1218.011', 'name': 'Rundll32', 'tactic': 'Defense Evasion'}
• Affected user: admin_927",2026-04-09 10:32:53.629446+00,2026-04-09 10:42:24.897871+00,571.268425
d418f254-358b-4a4b-9263-50c2353b0908,phishing,completed,A,true_positive,85,,10,"[{""id"": ""T1566"", ""name"": ""Phishing"", ""tactic"": ""Initial Access""}, {""id"": ""T1566.001"", ""name"": ""Spearphishing Attachment"", ""tactic"": ""Initial Access""}, {""id"": ""T1566.002"", ""name"": ""Spearphishing Link"", ""tactic"": ""Initial Access""}, {""id"": ""T1204.001"", ""name"": ""Malicious Link"", ""tactic"": ""Execution""}]","• CONFIRMED ATTACK detected from 10.200.4.167
• Urgency/social engineering language detected
• 5 indicator(s) found (domain, email, ipv4, url, username)
• HIGH RISK (85/100) — immediate action recommended
• MITRE ATT&CK: {'id': 'T1566', 'name': 'Phishing', 'tactic': 'Initial Access'}, {'id': 'T1566.001', 'name': 'Spearphishing Attachment', 'tactic': 'Initial Access'}, {'id': 'T1566.002', 'name': 'Spearphishing Link', 'tactic': 'Initial Access'}
• Affected user: golden_attacker_928",2026-04-09 10:32:54.142465+00,2026-04-09 10:40:12.797981+00,438.655516
c22bf104-fb7a-4460-9dda-e84a4735973c,brute_force,completed,A,true_positive,95,,7,"[{""id"": ""T1110"", ""name"": ""Brute Force"", ""tactic"": ""Credential Access""}, {""id"": ""T1110.001"", ""name"": ""Password Guessing"", ""tactic"": ""Credential Access""}, {""id"": ""T1110.003"", ""name"": ""Password Spraying"", ""tactic"": ""Credential Access""}]","• CONFIRMED ATTACK detected from 10.200.4.168
• Attack Signal: Command injection
• 2 indicator(s) found (ipv4, username)
• HIGH RISK (95/100) — immediate action recommended
• MITRE ATT&CK: {'id': 'T1110', 'name': 'Brute Force', 'tactic': 'Credential Access'}, {'id': 'T1110.001', 'name': 'Password Guessing', 'tactic': 'Credential Access'}, {'id': 'T1110.003', 'name': 'Password Spraying', 'tactic': 'Credential Access'}
• Affected user: exfil_user_929",2026-04-09 10:32:54.655762+00,2026-04-09 10:40:44.820124+00,470.164362
1e6ea6c1-c9ec-49f2-9423-5f1414f47445,lolbin_abuse,completed,A,benign,15,,8,"[{""id"": ""T1218"", ""name"": ""System Binary Proxy Execution"", ""tactic"": ""Defense Evasion""}, {""id"": ""T1218.005"", ""name"": ""Mshta"", ""tactic"": ""Defense Evasion""}, {""id"": ""T1218.011"", ""name"": ""Rundll32"", ""tactic"": ""Defense Evasion""}]","• Routine activity — no threat detected
• URL targets suspicious executable: http://bad.host/stage2.ps1
• 3 indicator(s) found (ipv4, url, username)
• LOW RISK (15/100) — no action needed
• MITRE ATT&CK: {'id': 'T1218', 'name': 'System Binary Proxy Execution', 'tactic': 'Defense Evasion'}, {'id': 'T1218.005', 'name': 'Mshta', 'tactic': 'Defense Evasion'}, {'id': 'T1218.011', 'name': 'Rundll32', 'tactic': 'Defense Evasion'}
• Affected user: admin_930",2026-04-09 10:32:55.16939+00,2026-04-09 10:40:18.419522+00,443.250132
6f571521-6c67-4bd0-ae24-0bb7fe34ce66,phishing,completed,A,true_positive,70,,10,"[{""id"": ""T1566"", ""name"": ""Phishing"", ""tactic"": ""Initial Access""}, {""id"": ""T1566.001"", ""name"": ""Spearphishing Attachment"", ""tactic"": ""Initial Access""}, {""id"": ""T1566.002"", ""name"": ""Spearphishing Link"", ""tactic"": ""Initial Access""}, {""id"": ""T1204.001"", ""name"": ""Malicious Link"", ""tactic"": ""Execution""}]","• CONFIRMED ATTACK detected from 10.200.4.170
• Credential harvesting indicators detected
• 4 indicator(s) found (domain, email, ipv4, username)
• HIGH RISK (70/100) — immediate action recommended
• MITRE ATT&CK: {'id': 'T1566', 'name': 'Phishing', 'tactic': 'Initial Access'}, {'id': 'T1566.001', 'name': 'Spearphishing Attachment', 'tactic': 'Initial Access'}, {'id': 'T1566.002', 'name': 'Spearphishing Link', 'tactic': 'Initial Access'}
• Affected user: exfil_user_931",2026-04-09 10:32:55.684129+00,2026-04-09 10:40:18.537517+00,442.853388
edc1792e-df8b-4c24-a086-c8ad9909cbcc,kerberoasting,completed,A,true_positive,100,,7,"[{""id"": ""T1558.003"", ""name"": ""Kerberoasting"", ""tactic"": ""Credential Access""}]","• CONFIRMED ATTACK detected from 10.200.4.171
• SPN enumeration detected — Kerberoasting recon
• 3 indicator(s) found (ipv4, service_name, username)
• HIGH RISK (100/100) — immediate action recommended
• MITRE ATT&CK: {'id': 'T1558.003', 'name': 'Kerberoasting', 'tactic': 'Credential Access'}
• Affected user: compromised_932",2026-04-09 10:32:56.200887+00,2026-04-09 10:42:49.445723+00,593.244836
4251f61c-c14c-4e6b-81ef-5e4a6701ab28,lolbin_abuse,completed,A,true_positive,100,,8,"[{""id"": ""T1218"", ""name"": ""System Binary Proxy Execution"", ""tactic"": ""Defense Evasion""}, {""id"": ""T1218.005"", ""name"": ""Mshta"", ""tactic"": ""Defense Evasion""}, {""id"": ""T1218.011"", ""name"": ""Rundll32"", ""tactic"": ""Defense Evasion""}]","• CONFIRMED ATTACK detected from 10.200.4.172
• LOLBin abuse: certutil download via -urlcache
• 3 indicator(s) found (ipv4, url, username)
• HIGH RISK (100/100) — immediate action recommended
• MITRE ATT&CK: {'id': 'T1218', 'name': 'System Binary Proxy Execution', 'tactic': 'Defense Evasion'}, {'id': 'T1218.005', 'name': 'Mshta', 'tactic': 'Defense Evasion'}, {'id': 'T1218.011', 'name': 'Rundll32', 'tactic': 'Defense Evasion'}
• Affected user: web_admin_933",2026-04-09 10:32:56.713114+00,2026-04-09 10:41:44.997027+00,528.283913
c8a55663-d612-48c0-b68d-416baaa85b5b,lateral_movement,completed,A,true_positive,100,,8,"[{""id"": ""T1021"", ""name"": ""Remote Services"", ""tactic"": ""Lateral Movement""}, {""id"": ""T1021.002"", ""name"": ""SMB/Windows Admin Shares"", ""tactic"": ""Lateral Movement""}, {""id"": ""T1570"", ""name"": ""Lateral Tool Transfer"", ""tactic"": ""Lateral Movement""}, {""id"": ""T1047"", ""name"": ""Windows Management Instrumentation"", ""tactic"": ""Execution""}]","• CONFIRMED ATTACK detected from 10.200.4.173
• Detected ipv4: 10.0.30.236
• 3 indicator(s) found (ipv4, username)
• HIGH RISK (100/100) — immediate action recommended
• MITRE ATT&CK: {'id': 'T1021', 'name': 'Remote Services', 'tactic': 'Lateral Movement'}, {'id': 'T1021.002', 'name': 'SMB/Windows Admin Shares', 'tactic': 'Lateral Movement'}, {'id': 'T1570', 'name': 'Lateral Tool Transfer', 'tactic': 'Lateral Movement'}
• Affected user: svc_backup_934",2026-04-09 10:32:57.226752+00,2026-04-09 10:42:22.599443+00,565.372691
1094d25f-b3a4-4832-8527-2dff725640c8,c2_communication,pending,,,,,,,,2026-04-09 10:32:57.743009+00,,
0c220b32-b302-49ff-b0fa-f40d71086f34,ransomware,completed,A,true_positive,100,,8,"[{""id"": ""T1486"", ""name"": ""Data Encrypted for Impact"", ""tactic"": ""Impact""}, {""id"": ""T1490"", ""name"": ""Inhibit System Recovery"", ""tactic"": ""Impact""}, {""id"": ""T1059"", ""name"": ""Command and Scripting Interpreter"", ""tactic"": ""Execution""}, {""id"": ""T1547"", ""name"": ""Boot or Logon Autostart Execution"", ""tactic"": ""Persistence""}]","• CONFIRMED ATTACK detected from 10.200.4.175
• Shadow copy deletion detected (vssadmin delete shadows)
• 2 indicator(s) found (ipv4, username)
• HIGH RISK (100/100) — immediate action recommended
• MITRE ATT&CK: {'id': 'T1486', 'name': 'Data Encrypted for Impact', 'tactic': 'Impact'}, {'id': 'T1490', 'name': 'Inhibit System Recovery', 'tactic': 'Impact'}, {'id': 'T1059', 'name': 'Command and Scripting Interpreter', 'tactic': 'Execution'}
• Affected user: sql_svc_936",2026-04-09 10:32:58.256603+00,2026-04-09 10:40:49.564258+00,471.307655
a50435f9-963d-4089-b869-5049253da4bb,data_exfiltration,completed,A,true_positive,100,,8,"[{""id"": ""T1041"", ""name"": ""Exfiltration Over C2 Channel"", ""tactic"": ""Exfiltration""}, {""id"": ""T1567"", ""name"": ""Exfiltration Over Web Service"", ""tactic"": ""Exfiltration""}, {""id"": ""T1048"", ""name"": ""Exfiltration Over Alternative Protocol"", ""tactic"": ""Exfiltration""}]","• CONFIRMED ATTACK detected from 10.200.4.176
• Large data transfer: 5.2 GB
• 3 indicator(s) found (ipv4, username)
• HIGH RISK (100/100) — immediate action recommended
• MITRE ATT&CK: {'id': 'T1041', 'name': 'Exfiltration Over C2 Channel', 'tactic': 'Exfiltration'}, {'id': 'T1567', 'name': 'Exfiltration Over Web Service', 'tactic': 'Exfiltration'}, {'id': 'T1048', 'name': 'Exfiltration Over Alternative Protocol', 'tactic': 'Exfiltration'}
• Affected user: web_admin_937",2026-04-09 10:32:58.769872+00,2026-04-09 10:41:23.993029+00,505.223157
a31614df-bc33-4ffd-aa2f-2ef64153c1d0,lolbin_abuse,completed,A,true_positive,100,,8,"[{""id"": ""T1218"", ""name"": ""System Binary Proxy Execution"", ""tactic"": ""Defense Evasion""}, {""id"": ""T1218.005"", ""name"": ""Mshta"", ""tactic"": ""Defense Evasion""}, {""id"": ""T1218.011"", ""name"": ""Rundll32"", ""tactic"": ""Defense Evasion""}]","• CONFIRMED ATTACK detected from 10.200.4.177
• LOLBin abuse: certutil download via -urlcache
• 3 indicator(s) found (ipv4, url, username)
• HIGH RISK (100/100) — immediate action recommended
• MITRE ATT&CK: {'id': 'T1218', 'name': 'System Binary Proxy Execution', 'tactic': 'Defense Evasion'}, {'id': 'T1218.005', 'name': 'Mshta', 'tactic': 'Defense Evasion'}, {'id': 'T1218.011', 'name': 'Rundll32', 'tactic': 'Defense Evasion'}
• Affected user: web_admin_938",2026-04-09 10:32:59.326641+00,2026-04-09 10:42:35.50464+00,576.177999
07872807-ab63-472e-8244-4909af5ae046,kerberoasting,completed,A,true_positive,100,,7,"[{""id"": ""T1558.003"", ""name"": ""Kerberoasting"", ""tactic"": ""Credential Access""}]","• CONFIRMED ATTACK detected from 10.200.4.178
• SPN enumeration detected — Kerberoasting recon
• 3 indicator(s) found (ipv4, service_name, username)
• HIGH RISK (100/100) — immediate action recommended
• MITRE ATT&CK: {'id': 'T1558.003', 'name': 'Kerberoasting', 'tactic': 'Credential Access'}
• Affected user: exfil_user_939",2026-04-09 10:32:59.84999+00,2026-04-09 10:37:52.019217+00,292.169227
aaf8a50c-06df-461e-ad47-ce800a33bb34,health_check,completed,A,benign,0,,2,[],"• Routine activity — no threat detected
• 2 indicator(s) found (ipv4, username)
• LOW RISK (0/100) — no action needed
• Affected user: asmith_940",2026-04-09 10:33:00.36802+00,2026-04-09 10:40:04.396837+00,424.028817
796d1ea1-7230-483d-9756-57365d098155,phishing,completed,A,true_positive,85,,10,"[{""id"": ""T1566"", ""name"": ""Phishing"", ""tactic"": ""Initial Access""}, {""id"": ""T1566.001"", ""name"": ""Spearphishing Attachment"", ""tactic"": ""Initial Access""}, {""id"": ""T1566.002"", ""name"": ""Spearphishing Link"", ""tactic"": ""Initial Access""}, {""id"": ""T1204.001"", ""name"": ""Malicious Link"", ""tactic"": ""Execution""}]","• CONFIRMED ATTACK detected from 10.200.4.180
• Urgency/social engineering language detected
• 5 indicator(s) found (domain, email, ipv4, url, username)
• HIGH RISK (85/100) — immediate action recommended
• MITRE ATT&CK: {'id': 'T1566', 'name': 'Phishing', 'tactic': 'Initial Access'}, {'id': 'T1566.001', 'name': 'Spearphishing Attachment', 'tactic': 'Initial Access'}, {'id': 'T1566.002', 'name': 'Spearphishing Link', 'tactic': 'Initial Access'}
• Affected user: svc_backup_941",2026-04-09 10:33:00.883698+00,2026-04-09 10:42:27.438813+00,566.555115
ab78ae9f-7f4d-4800-8963-fb3a7ca979e7,lateral_movement,completed,A,true_positive,100,,8,"[{""id"": ""T1021"", ""name"": ""Remote Services"", ""tactic"": ""Lateral Movement""}, {""id"": ""T1021.002"", ""name"": ""SMB/Windows Admin Shares"", ""tactic"": ""Lateral Movement""}, {""id"": ""T1570"", ""name"": ""Lateral Tool Transfer"", ""tactic"": ""Lateral Movement""}, {""id"": ""T1047"", ""name"": ""Windows Management Instrumentation"", ""tactic"": ""Execution""}]","• CONFIRMED ATTACK detected from 10.200.4.181
• Detected ipv4: 10.0.20.119
• 3 indicator(s) found (ipv4, username)
• HIGH RISK (100/100) — immediate action recommended
• MITRE ATT&CK: {'id': 'T1021', 'name': 'Remote Services', 'tactic': 'Lateral Movement'}, {'id': 'T1021.002', 'name': 'SMB/Windows Admin Shares', 'tactic': 'Lateral Movement'}, {'id': 'T1570', 'name': 'Lateral Tool Transfer', 'tactic': 'Lateral Movement'}
• Affected user: backup_svc_942",2026-04-09 10:33:01.407181+00,2026-04-09 10:42:27.423188+00,566.016007
a14932c6-1320-4c8a-afa4-f10045200d76,data_exfiltration,completed,A,true_positive,100,,8,"[{""id"": ""T1041"", ""name"": ""Exfiltration Over C2 Channel"", ""tactic"": ""Exfiltration""}, {""id"": ""T1567"", ""name"": ""Exfiltration Over Web Service"", ""tactic"": ""Exfiltration""}, {""id"": ""T1048"", ""name"": ""Exfiltration Over Alternative Protocol"", ""tactic"": ""Exfiltration""}]","• CONFIRMED ATTACK detected from 10.200.4.182
• Large data transfer: 5.2 GB
• 3 indicator(s) found (ipv4, username)
• HIGH RISK (100/100) — immediate action recommended
• MITRE ATT&CK: {'id': 'T1041', 'name': 'Exfiltration Over C2 Channel', 'tactic': 'Exfiltration'}, {'id': 'T1567', 'name': 'Exfiltration Over Web Service', 'tactic': 'Exfiltration'}, {'id': 'T1048', 'name': 'Exfiltration Over Alternative Protocol', 'tactic': 'Exfiltration'}
• Affected user: attacker_user_943",2026-04-09 10:33:01.920607+00,2026-04-09 10:42:53.32067+00,591.400063
066fe7ed-5687-4319-b8a2-15938e5e89c8,lolbin_abuse,completed,A,benign,15,,8,"[{""id"": ""T1218"", ""name"": ""System Binary Proxy Execution"", ""tactic"": ""Defense Evasion""}, {""id"": ""T1218.005"", ""name"": ""Mshta"", ""tactic"": ""Defense Evasion""}, {""id"": ""T1218.011"", ""name"": ""Rundll32"", ""tactic"": ""Defense Evasion""}]","• Routine activity — no threat detected
• URL targets suspicious executable: http://bad.host/stage2.ps1
• 3 indicator(s) found (ipv4, url, username)
• LOW RISK (15/100) — no action needed
• MITRE ATT&CK: {'id': 'T1218', 'name': 'System Binary Proxy Execution', 'tactic': 'Defense Evasion'}, {'id': 'T1218.005', 'name': 'Mshta', 'tactic': 'Defense Evasion'}, {'id': 'T1218.011', 'name': 'Rundll32', 'tactic': 'Defense Evasion'}
• Affected user: jsmith_944",2026-04-09 10:33:02.434769+00,2026-04-09 10:41:23.295292+00,500.860523
71ed8e81-5a48-4aa0-ac80-7c70035c30c9,windows_update,completed,A,benign,0,,2,[],"• Routine activity — no threat detected
• 2 indicator(s) found (ipv4, username)
• LOW RISK (0/100) — no action needed
• Affected user: attacker_user_945",2026-04-09 10:33:02.947023+00,2026-04-09 10:42:15.740069+00,552.793046
e023b40d-6e97-47a0-b901-f96ad9e2fdf3,c2_communication,completed,A,true_positive,100,,8,"[{""id"": ""T1071"", ""name"": ""Application Layer Protocol"", ""tactic"": ""Command and Control""}, {""id"": ""T1573"", ""name"": ""Encrypted Channel"", ""tactic"": ""Command and Control""}, {""id"": ""T1105"", ""name"": ""Ingress Tool Transfer"", ""tactic"": ""Command and Control""}, {""id"": ""T1571"", ""name"": ""Non-Standard Port"", ""tactic"": ""Command and Control""}]","• CONFIRMED ATTACK detected from 10.200.4.185
• Regular beacon interval detected: 30.0s (stddev=0.5)
• 3 indicator(s) found (ipv4, username)
• HIGH RISK (100/100) — immediate action recommended
• MITRE ATT&CK: {'id': 'T1071', 'name': 'Application Layer Protocol', 'tactic': 'Command and Control'}, {'id': 'T1573', 'name': 'Encrypted Channel', 'tactic': 'Command and Control'}, {'id': 'T1105', 'name': 'Ingress Tool Transfer', 'tactic': 'Command and Control'}
• Affected user: backup_svc_946",2026-04-09 10:33:03.476189+00,2026-04-09 10:40:17.193971+00,433.717782
ea869155-6def-463c-ae3e-b01996432207,phishing,completed,A,true_positive,85,,10,"[{""id"": ""T1566"", ""name"": ""Phishing"", ""tactic"": ""Initial Access""}, {""id"": ""T1566.001"", ""name"": ""Spearphishing Attachment"", ""tactic"": ""Initial Access""}, {""id"": ""T1566.002"", ""name"": ""Spearphishing Link"", ""tactic"": ""Initial Access""}, {""id"": ""T1204.001"", ""name"": ""Malicious Link"", ""tactic"": ""Execution""}]","• CONFIRMED ATTACK detected from 10.200.4.186
• Urgency/social engineering language detected
• 5 indicator(s) found (domain, email, ipv4, url, username)
• HIGH RISK (85/100) — immediate action recommended
• MITRE ATT&CK: {'id': 'T1566', 'name': 'Phishing', 'tactic': 'Initial Access'}, {'id': 'T1566.001', 'name': 'Spearphishing Attachment', 'tactic': 'Initial Access'}, {'id': 'T1566.002', 'name': 'Spearphishing Link', 'tactic': 'Initial Access'}
• Affected user: asmith_947",2026-04-09 10:33:03.99436+00,2026-04-09 10:42:05.333775+00,541.339415
356b23aa-ffa2-4259-bd8b-77ca185f1b43,kerberoasting,completed,A,true_positive,100,,7,"[{""id"": ""T1558.003"", ""name"": ""Kerberoasting"", ""tactic"": ""Credential Access""}]","• CONFIRMED ATTACK detected from 10.200.4.187
• SPN enumeration detected — Kerberoasting recon
• 3 indicator(s) found (ipv4, service_name, username)
• HIGH RISK (100/100) — immediate action recommended
• MITRE ATT&CK: {'id': 'T1558.003', 'name': 'Kerberoasting', 'tactic': 'Credential Access'}
• Affected user: jsmith_948",2026-04-09 10:33:04.51039+00,2026-04-09 10:42:11.427317+00,546.916927
102e6c11-e31d-48fd-82f4-a465bb40cc41,user_login,completed,A,benign,0,,2,[],"• Routine activity — no threat detected
• 2 indicator(s) found (ipv4, username)
• LOW RISK (0/100) — no action needed
• Affected user: attacker_user_949",2026-04-09 10:33:05.024328+00,2026-04-09 10:42:27.399718+00,562.375390
8b4d9940-cdfd-4bb6-b177-2f009ccfa11f,ransomware,completed,A,true_positive,100,,8,"[{""id"": ""T1486"", ""name"": ""Data Encrypted for Impact"", ""tactic"": ""Impact""}, {""id"": ""T1490"", ""name"": ""Inhibit System Recovery"", ""tactic"": ""Impact""}, {""id"": ""T1059"", ""name"": ""Command and Scripting Interpreter"", ""tactic"": ""Execution""}, {""id"": ""T1547"", ""name"": ""Boot or Logon Autostart Execution"", ""tactic"": ""Persistence""}]","• CONFIRMED ATTACK detected from 10.200.4.189
• Shadow copy deletion detected (vssadmin delete shadows)
• 2 indicator(s) found (ipv4, username)
• HIGH RISK (100/100) — immediate action recommended
• MITRE ATT&CK: {'id': 'T1486', 'name': 'Data Encrypted for Impact', 'tactic': 'Impact'}, {'id': 'T1490', 'name': 'Inhibit System Recovery', 'tactic': 'Impact'}, {'id': 'T1059', 'name': 'Command and Scripting Interpreter', 'tactic': 'Execution'}
• Affected user: svc_backup_950",2026-04-09 10:33:05.539324+00,2026-04-09 10:42:22.269268+00,556.729944
11878f3c-de6a-42c4-9b87-782d326de985,lolbin_abuse,completed,A,benign,15,,8,"[{""id"": ""T1218"", ""name"": ""System Binary Proxy Execution"", ""tactic"": ""Defense Evasion""}, {""id"": ""T1218.005"", ""name"": ""Mshta"", ""tactic"": ""Defense Evasion""}, {""id"": ""T1218.011"", ""name"": ""Rundll32"", ""tactic"": ""Defense Evasion""}]","• Routine activity — no threat detected
• URL targets suspicious executable: http://bad.host/stage2.ps1
• 3 indicator(s) found (ipv4, url, username)
• LOW RISK (15/100) — no action needed
• MITRE ATT&CK: {'id': 'T1218', 'name': 'System Binary Proxy Execution', 'tactic': 'Defense Evasion'}, {'id': 'T1218.005', 'name': 'Mshta', 'tactic': 'Defense Evasion'}, {'id': 'T1218.011', 'name': 'Rundll32', 'tactic': 'Defense Evasion'}
• Affected user: attacker_user_951",2026-04-09 10:33:06.052005+00,2026-04-09 10:42:27.258049+00,561.206044
f3f0a96d-68e1-476b-ba16-b879f9ca5113,phishing,completed,A,true_positive,70,,10,"[{""id"": ""T1566"", ""name"": ""Phishing"", ""tactic"": ""Initial Access""}, {""id"": ""T1566.001"", ""name"": ""Spearphishing Attachment"", ""tactic"": ""Initial Access""}, {""id"": ""T1566.002"", ""name"": ""Spearphishing Link"", ""tactic"": ""Initial Access""}, {""id"": ""T1204.001"", ""name"": ""Malicious Link"", ""tactic"": ""Execution""}]","• CONFIRMED ATTACK detected from 10.200.4.191
• Credential harvesting indicators detected
• 4 indicator(s) found (domain, email, ipv4, username)
• HIGH RISK (70/100) — immediate action recommended
• MITRE ATT&CK: {'id': 'T1566', 'name': 'Phishing', 'tactic': 'Initial Access'}, {'id': 'T1566.001', 'name': 'Spearphishing Attachment', 'tactic': 'Initial Access'}, {'id': 'T1566.002', 'name': 'Spearphishing Link', 'tactic': 'Initial Access'}
• Affected user: golden_attacker_952",2026-04-09 10:33:06.569016+00,2026-04-09 10:42:27.546787+00,560.977771
39a1f317-9e1d-44b4-8194-4ea7cd3093d8,lateral_movement,completed,A,true_positive,100,,8,"[{""id"": ""T1021"", ""name"": ""Remote Services"", ""tactic"": ""Lateral Movement""}, {""id"": ""T1021.002"", ""name"": ""SMB/Windows Admin Shares"", ""tactic"": ""Lateral Movement""}, {""id"": ""T1570"", ""name"": ""Lateral Tool Transfer"", ""tactic"": ""Lateral Movement""}, {""id"": ""T1047"", ""name"": ""Windows Management Instrumentation"", ""tactic"": ""Execution""}]","• CONFIRMED ATTACK detected from 10.200.4.192
• Detected ipv4: 192.168.1.4
• 3 indicator(s) found (ipv4, username)
• HIGH RISK (100/100) — immediate action recommended
• MITRE ATT&CK: {'id': 'T1021', 'name': 'Remote Services', 'tactic': 'Lateral Movement'}, {'id': 'T1021.002', 'name': 'SMB/Windows Admin Shares', 'tactic': 'Lateral Movement'}, {'id': 'T1570', 'name': 'Lateral Tool Transfer', 'tactic': 'Lateral Movement'}
• Affected user: user2_953",2026-04-09 10:33:07.081859+00,2026-04-09 10:42:15.307172+00,548.225313
804b4df7-26c4-479c-b9e6-5789123461b3,scheduled_backup,completed,A,benign,0,,2,[],"• Routine activity — no threat detected
• 2 indicator(s) found (ipv4, username)
• LOW RISK (0/100) — no action needed
• Affected user: compromised_954",2026-04-09 10:33:07.601156+00,2026-04-09 10:42:05.390149+00,537.788993
94867866-1e26-45ab-90b2-8b284dc3822d,windows_update,completed,A,benign,0,,2,[],"• Routine activity — no threat detected
• 2 indicator(s) found (ipv4, username)
• LOW RISK (0/100) — no action needed
• Affected user: web_admin_955",2026-04-09 10:33:08.167841+00,2026-04-09 10:40:40.468291+00,452.300450
38851bae-7dba-46e2-84f8-18287e3f8c6d,kerberoasting,completed,A,true_positive,100,,7,"[{""id"": ""T1558.003"", ""name"": ""Kerberoasting"", ""tactic"": ""Credential Access""}]","• CONFIRMED ATTACK detected from 10.200.4.195
• SPN enumeration detected — Kerberoasting recon
• 3 indicator(s) found (ipv4, service_name, username)
• HIGH RISK (100/100) — immediate action recommended
• MITRE ATT&CK: {'id': 'T1558.003', 'name': 'Kerberoasting', 'tactic': 'Credential Access'}
• Affected user: SYSTEM_956",2026-04-09 10:33:08.702891+00,2026-04-09 10:41:19.76176+00,491.058869
525e6285-398c-4d6b-afff-543a274ba1a1,user_login,completed,A,benign,0,,2,[],"• Routine activity — no threat detected
• 2 indicator(s) found (ipv4, username)
• LOW RISK (0/100) — no action needed
• Affected user: Administrator_957",2026-04-09 10:33:09.217981+00,2026-04-09 10:42:27.579566+00,558.361585
7536c80a-5cde-4398-952a-95f238cdcaf3,scheduled_backup,completed,A,benign,0,,2,[],"• Routine activity — no threat detected
• 2 indicator(s) found (ipv4, username)
• LOW RISK (0/100) — no action needed
• Affected user: svc_backup_958",2026-04-09 10:33:09.737134+00,2026-04-09 10:40:20.813926+00,431.076792
f2b6799d-119c-4990-923e-1e5d4432ada9,c2_communication,completed,A,true_positive,100,,8,"[{""id"": ""T1071"", ""name"": ""Application Layer Protocol"", ""tactic"": ""Command and Control""}, {""id"": ""T1573"", ""name"": ""Encrypted Channel"", ""tactic"": ""Command and Control""}, {""id"": ""T1105"", ""name"": ""Ingress Tool Transfer"", ""tactic"": ""Command and Control""}, {""id"": ""T1571"", ""name"": ""Non-Standard Port"", ""tactic"": ""Command and Control""}]","• CONFIRMED ATTACK detected from 10.200.4.198
• Regular beacon interval detected: 30.0s (stddev=0.5)
• 3 indicator(s) found (ipv4, username)
• HIGH RISK (100/100) — immediate action recommended
• MITRE ATT&CK: {'id': 'T1071', 'name': 'Application Layer Protocol', 'tactic': 'Command and Control'}, {'id': 'T1573', 'name': 'Encrypted Channel', 'tactic': 'Command and Control'}, {'id': 'T1105', 'name': 'Ingress Tool Transfer', 'tactic': 'Command and Control'}
• Affected user: Administrator_959",2026-04-09 10:33:10.25598+00,2026-04-09 10:42:52.013882+00,581.757902
bb4a107f-a1b8-49ec-a079-450d3b3bbeae,lolbin_abuse,completed,A,benign,15,,8,"[{""id"": ""T1218"", ""name"": ""System Binary Proxy Execution"", ""tactic"": ""Defense Evasion""}, {""id"": ""T1218.005"", ""name"": ""Mshta"", ""tactic"": ""Defense Evasion""}, {""id"": ""T1218.011"", ""name"": ""Rundll32"", ""tactic"": ""Defense Evasion""}]","• Routine activity — no threat detected
• URL targets suspicious executable: http://bad.host/stage2.ps1
• 3 indicator(s) found (ipv4, url, username)
• LOW RISK (15/100) — no action needed
• MITRE ATT&CK: {'id': 'T1218', 'name': 'System Binary Proxy Execution', 'tactic': 'Defense Evasion'}, {'id': 'T1218.005', 'name': 'Mshta', 'tactic': 'Defense Evasion'}, {'id': 'T1218.011', 'name': 'Rundll32', 'tactic': 'Defense Evasion'}
• Affected user: sql_svc_960",2026-04-09 10:33:10.772883+00,2026-04-09 10:40:49.262249+00,458.489366
9671bf76-6e8d-4c94-b9bd-587af827cf9f,scheduled_backup,completed,A,benign,0,,2,[],"• Routine activity — no threat detected
• 2 indicator(s) found (ipv4, username)
• LOW RISK (0/100) — no action needed
• Affected user: backup_svc_961",2026-04-09 10:33:11.287745+00,2026-04-09 10:42:27.562495+00,556.274750
5b086d44-10f0-4444-81a1-53a55d164bba,lolbin_abuse,completed,A,benign,15,,8,"[{""id"": ""T1218"", ""name"": ""System Binary Proxy Execution"", ""tactic"": ""Defense Evasion""}, {""id"": ""T1218.005"", ""name"": ""Mshta"", ""tactic"": ""Defense Evasion""}, {""id"": ""T1218.011"", ""name"": ""Rundll32"", ""tactic"": ""Defense Evasion""}]","• Routine activity — no threat detected
• URL targets suspicious executable: http://bad.host/stage2.ps1
• 3 indicator(s) found (ipv4, url, username)
• LOW RISK (15/100) — no action needed
• MITRE ATT&CK: {'id': 'T1218', 'name': 'System Binary Proxy Execution', 'tactic': 'Defense Evasion'}, {'id': 'T1218.005', 'name': 'Mshta', 'tactic': 'Defense Evasion'}, {'id': 'T1218.011', 'name': 'Rundll32', 'tactic': 'Defense Evasion'}
• Affected user: Administrator_962",2026-04-09 10:33:11.804428+00,2026-04-09 10:38:47.6878+00,335.883372
5c2daeb3-7def-490c-b01c-f23a75623d73,health_check,completed,A,benign,0,,2,[],"• Routine activity — no threat detected
• 2 indicator(s) found (ipv4, username)
• LOW RISK (0/100) — no action needed
• Affected user: root_963",2026-04-09 10:33:12.296799+00,2026-04-09 10:40:45.372103+00,453.075304
4484b84b-558b-4644-b983-72d9b9625306,phishing,pending,,,,,,,,2026-04-09 10:33:12.823954+00,,
30a80d59-2e5d-403c-8c4a-54a1af8d5371,ransomware,completed,A,true_positive,100,,8,"[{""id"": ""T1486"", ""name"": ""Data Encrypted for Impact"", ""tactic"": ""Impact""}, {""id"": ""T1490"", ""name"": ""Inhibit System Recovery"", ""tactic"": ""Impact""}, {""id"": ""T1059"", ""name"": ""Command and Scripting Interpreter"", ""tactic"": ""Execution""}, {""id"": ""T1547"", ""name"": ""Boot or Logon Autostart Execution"", ""tactic"": ""Persistence""}]","• CONFIRMED ATTACK detected from 10.200.4.204
• Shadow copy deletion detected (vssadmin delete shadows)
• 2 indicator(s) found (ipv4, username)
• HIGH RISK (100/100) — immediate action recommended
• MITRE ATT&CK: {'id': 'T1486', 'name': 'Data Encrypted for Impact', 'tactic': 'Impact'}, {'id': 'T1490', 'name': 'Inhibit System Recovery', 'tactic': 'Impact'}, {'id': 'T1059', 'name': 'Command and Scripting Interpreter', 'tactic': 'Execution'}
• Affected user: attacker_user_965",2026-04-09 10:33:13.338288+00,2026-04-09 10:42:54.987814+00,581.649526
660fee1d-512a-498e-9815-118307103290,brute_force,completed,A,true_positive,95,,7,"[{""id"": ""T1110"", ""name"": ""Brute Force"", ""tactic"": ""Credential Access""}, {""id"": ""T1110.001"", ""name"": ""Password Guessing"", ""tactic"": ""Credential Access""}, {""id"": ""T1110.003"", ""name"": ""Password Spraying"", ""tactic"": ""Credential Access""}]","• CONFIRMED ATTACK detected from 10.200.4.205
• Attack Signal: Command injection
• 2 indicator(s) found (ipv4, username)
• HIGH RISK (95/100) — immediate action recommended
• MITRE ATT&CK: {'id': 'T1110', 'name': 'Brute Force', 'tactic': 'Credential Access'}, {'id': 'T1110.001', 'name': 'Password Guessing', 'tactic': 'Credential Access'}, {'id': 'T1110.003', 'name': 'Password Spraying', 'tactic': 'Credential Access'}
• Affected user: attacker_user_966",2026-04-09 10:33:13.886779+00,2026-04-09 10:42:15.774581+00,541.887802
048ddc12-9f97-4ec5-9fed-b02883e3022a,scheduled_backup,completed,A,benign,0,,2,[],"• Routine activity — no threat detected
• 2 indicator(s) found (ipv4, username)
• LOW RISK (0/100) — no action needed
• Affected user: compromised_967",2026-04-09 10:33:14.487163+00,2026-04-09 10:40:53.7391+00,459.251937
64daac34-9ecd-4780-8a66-514b0aced0f1,data_exfiltration,completed,A,true_positive,100,,8,"[{""id"": ""T1041"", ""name"": ""Exfiltration Over C2 Channel"", ""tactic"": ""Exfiltration""}, {""id"": ""T1567"", ""name"": ""Exfiltration Over Web Service"", ""tactic"": ""Exfiltration""}, {""id"": ""T1048"", ""name"": ""Exfiltration Over Alternative Protocol"", ""tactic"": ""Exfiltration""}]","• CONFIRMED ATTACK detected from 10.200.4.207
• Large data transfer: 5.2 GB
• 3 indicator(s) found (ipv4, username)
• HIGH RISK (100/100) — immediate action recommended
• MITRE ATT&CK: {'id': 'T1041', 'name': 'Exfiltration Over C2 Channel', 'tactic': 'Exfiltration'}, {'id': 'T1567', 'name': 'Exfiltration Over Web Service', 'tactic': 'Exfiltration'}, {'id': 'T1048', 'name': 'Exfiltration Over Alternative Protocol', 'tactic': 'Exfiltration'}
• Affected user: web_admin_968",2026-04-09 10:33:15.058253+00,2026-04-09 10:41:15.593081+00,480.534828
a7e958fd-066a-4529-b573-703d7036984e,golden_ticket,completed,A,true_positive,100,,7,"[{""id"": ""T1558.001"", ""name"": ""Golden Ticket"", ""tactic"": ""Credential Access""}]","• CONFIRMED ATTACK detected from 10.200.4.208
• Forged Kerberos ticket detected
• 2 indicator(s) found (ipv4, username)
• HIGH RISK (100/100) — immediate action recommended
• MITRE ATT&CK: {'id': 'T1558.001', 'name': 'Golden Ticket', 'tactic': 'Credential Access'}
• Affected user: attacker_user_969",2026-04-09 10:33:15.583665+00,2026-04-09 10:42:46.214777+00,570.631112
5b80e20c-cf11-4f35-9c83-058add4919db,lateral_movement,completed,A,true_positive,100,,8,"[{""id"": ""T1021"", ""name"": ""Remote Services"", ""tactic"": ""Lateral Movement""}, {""id"": ""T1021.002"", ""name"": ""SMB/Windows Admin Shares"", ""tactic"": ""Lateral Movement""}, {""id"": ""T1570"", ""name"": ""Lateral Tool Transfer"", ""tactic"": ""Lateral Movement""}, {""id"": ""T1047"", ""name"": ""Windows Management Instrumentation"", ""tactic"": ""Execution""}]","• CONFIRMED ATTACK detected from 10.200.4.209
• Detected ipv4: 10.0.50.177
• 3 indicator(s) found (ipv4, username)
• HIGH RISK (100/100) — immediate action recommended
• MITRE ATT&CK: {'id': 'T1021', 'name': 'Remote Services', 'tactic': 'Lateral Movement'}, {'id': 'T1021.002', 'name': 'SMB/Windows Admin Shares', 'tactic': 'Lateral Movement'}, {'id': 'T1570', 'name': 'Lateral Tool Transfer', 'tactic': 'Lateral Movement'}
• Affected user: sql_svc_970",2026-04-09 10:33:16.104888+00,2026-04-09 10:42:24.874093+00,548.769205
5cff6919-e4b1-4f56-987d-db1626d28870,brute_force,completed,A,true_positive,95,,7,"[{""id"": ""T1110"", ""name"": ""Brute Force"", ""tactic"": ""Credential Access""}, {""id"": ""T1110.001"", ""name"": ""Password Guessing"", ""tactic"": ""Credential Access""}, {""id"": ""T1110.003"", ""name"": ""Password Spraying"", ""tactic"": ""Credential Access""}]","• CONFIRMED ATTACK detected from 10.200.4.210
• Attack Signal: Command injection
• 2 indicator(s) found (ipv4, username)
• HIGH RISK (95/100) — immediate action recommended
• MITRE ATT&CK: {'id': 'T1110', 'name': 'Brute Force', 'tactic': 'Credential Access'}, {'id': 'T1110.001', 'name': 'Password Guessing', 'tactic': 'Credential Access'}, {'id': 'T1110.003', 'name': 'Password Spraying', 'tactic': 'Credential Access'}
• Affected user: root_971",2026-04-09 10:33:16.619582+00,2026-04-09 10:42:33.776203+00,557.156621
14f6f8f1-97f9-429d-8173-bd41c6c707cb,brute_force,completed,A,true_positive,95,,7,"[{""id"": ""T1110"", ""name"": ""Brute Force"", ""tactic"": ""Credential Access""}, {""id"": ""T1110.001"", ""name"": ""Password Guessing"", ""tactic"": ""Credential Access""}, {""id"": ""T1110.003"", ""name"": ""Password Spraying"", ""tactic"": ""Credential Access""}]","• CONFIRMED ATTACK detected from 10.200.4.211
• Attack Signal: Command injection
• 2 indicator(s) found (ipv4, username)
• HIGH RISK (95/100) — immediate action recommended
• MITRE ATT&CK: {'id': 'T1110', 'name': 'Brute Force', 'tactic': 'Credential Access'}, {'id': 'T1110.001', 'name': 'Password Guessing', 'tactic': 'Credential Access'}, {'id': 'T1110.003', 'name': 'Password Spraying', 'tactic': 'Credential Access'}
• Affected user: Administrator_972",2026-04-09 10:33:17.135155+00,2026-04-09 10:38:43.91699+00,326.781835
74939f3b-df79-4880-ab88-f4ac2e985054,user_login,completed,A,benign,0,,2,[],"• Routine activity — no threat detected
• 2 indicator(s) found (ipv4, username)
• LOW RISK (0/100) — no action needed
• Affected user: data_thief_973",2026-04-09 10:33:17.648238+00,2026-04-09 10:42:27.297444+00,549.649206
e6e38c3d-5aea-4aab-8367-05bfb71d041b,golden_ticket,completed,A,true_positive,100,,7,"[{""id"": ""T1558.001"", ""name"": ""Golden Ticket"", ""tactic"": ""Credential Access""}]","• CONFIRMED ATTACK detected from 10.200.4.213
• Forged Kerberos ticket detected
• 2 indicator(s) found (ipv4, username)
• HIGH RISK (100/100) — immediate action recommended
• MITRE ATT&CK: {'id': 'T1558.001', 'name': 'Golden Ticket', 'tactic': 'Credential Access'}
• Affected user: sql_svc_974",2026-04-09 10:33:18.218489+00,2026-04-09 10:42:24.719258+00,546.500769
868fb906-56c3-4f41-bb2d-7add701628ca,lateral_movement,completed,A,true_positive,100,,8,"[{""id"": ""T1021"", ""name"": ""Remote Services"", ""tactic"": ""Lateral Movement""}, {""id"": ""T1021.002"", ""name"": ""SMB/Windows Admin Shares"", ""tactic"": ""Lateral Movement""}, {""id"": ""T1570"", ""name"": ""Lateral Tool Transfer"", ""tactic"": ""Lateral Movement""}, {""id"": ""T1047"", ""name"": ""Windows Management Instrumentation"", ""tactic"": ""Execution""}]","• CONFIRMED ATTACK detected from 10.200.4.214
• Detected ipv4: 192.168.1.80
• 3 indicator(s) found (ipv4, username)
• HIGH RISK (100/100) — immediate action recommended
• MITRE ATT&CK: {'id': 'T1021', 'name': 'Remote Services', 'tactic': 'Lateral Movement'}, {'id': 'T1021.002', 'name': 'SMB/Windows Admin Shares', 'tactic': 'Lateral Movement'}, {'id': 'T1570', 'name': 'Lateral Tool Transfer', 'tactic': 'Lateral Movement'}
• Affected user: user2_975",2026-04-09 10:33:18.778761+00,2026-04-09 10:41:45.045778+00,506.267017
57685324-1de3-4aaf-9808-012f339abf85,windows_update,completed,A,benign,0,,2,[],"• Routine activity — no threat detected
• 2 indicator(s) found (ipv4, username)
• LOW RISK (0/100) — no action needed
• Affected user: attacker_user_976",2026-04-09 10:33:19.298986+00,2026-04-09 10:42:22.322109+00,543.023123
ab075994-efe8-4607-b2f7-052b59f6c168,c2_communication,completed,A,true_positive,100,,8,"[{""id"": ""T1071"", ""name"": ""Application Layer Protocol"", ""tactic"": ""Command and Control""}, {""id"": ""T1573"", ""name"": ""Encrypted Channel"", ""tactic"": ""Command and Control""}, {""id"": ""T1105"", ""name"": ""Ingress Tool Transfer"", ""tactic"": ""Command and Control""}, {""id"": ""T1571"", ""name"": ""Non-Standard Port"", ""tactic"": ""Command and Control""}]","• CONFIRMED ATTACK detected from 10.200.4.216
• Regular beacon interval detected: 30.0s (stddev=0.5)
• 3 indicator(s) found (ipv4, username)
• HIGH RISK (100/100) — immediate action recommended
• MITRE ATT&CK: {'id': 'T1071', 'name': 'Application Layer Protocol', 'tactic': 'Command and Control'}, {'id': 'T1573', 'name': 'Encrypted Channel', 'tactic': 'Command and Control'}, {'id': 'T1105', 'name': 'Ingress Tool Transfer', 'tactic': 'Command and Control'}
• Affected user: data_thief_977",2026-04-09 10:33:19.815511+00,2026-04-09 10:42:23.221452+00,543.405941
39775734-8af7-4664-90ad-542c7c8fc0d9,phishing,completed,A,true_positive,85,,10,"[{""id"": ""T1566"", ""name"": ""Phishing"", ""tactic"": ""Initial Access""}, {""id"": ""T1566.001"", ""name"": ""Spearphishing Attachment"", ""tactic"": ""Initial Access""}, {""id"": ""T1566.002"", ""name"": ""Spearphishing Link"", ""tactic"": ""Initial Access""}, {""id"": ""T1204.001"", ""name"": ""Malicious Link"", ""tactic"": ""Execution""}]","• CONFIRMED ATTACK detected from 10.200.4.217
• Urgency/social engineering language detected
• 5 indicator(s) found (domain, email, ipv4, url, username)
• HIGH RISK (85/100) — immediate action recommended
• MITRE ATT&CK: {'id': 'T1566', 'name': 'Phishing', 'tactic': 'Initial Access'}, {'id': 'T1566.001', 'name': 'Spearphishing Attachment', 'tactic': 'Initial Access'}, {'id': 'T1566.002', 'name': 'Spearphishing Link', 'tactic': 'Initial Access'}
• Affected user: web_admin_978",2026-04-09 10:33:20.334769+00,2026-04-09 10:42:52.798207+00,572.463438
fc201b7c-5b39-49a3-914f-1333a98b4ea3,ransomware,completed,A,true_positive,100,,8,"[{""id"": ""T1486"", ""name"": ""Data Encrypted for Impact"", ""tactic"": ""Impact""}, {""id"": ""T1490"", ""name"": ""Inhibit System Recovery"", ""tactic"": ""Impact""}, {""id"": ""T1059"", ""name"": ""Command and Scripting Interpreter"", ""tactic"": ""Execution""}, {""id"": ""T1547"", ""name"": ""Boot or Logon Autostart Execution"", ""tactic"": ""Persistence""}]","• CONFIRMED ATTACK detected from 10.200.4.218
• Shadow copy deletion detected (vssadmin delete shadows)
• 2 indicator(s) found (ipv4, username)
• HIGH RISK (100/100) — immediate action recommended
• MITRE ATT&CK: {'id': 'T1486', 'name': 'Data Encrypted for Impact', 'tactic': 'Impact'}, {'id': 'T1490', 'name': 'Inhibit System Recovery', 'tactic': 'Impact'}, {'id': 'T1059', 'name': 'Command and Scripting Interpreter', 'tactic': 'Execution'}
• Affected user: Administrator_979",2026-04-09 10:33:20.850872+00,2026-04-09 10:42:23.127802+00,542.276930
1ae36579-aef2-4035-a7b8-60ba204b3bce,phishing,completed,A,true_positive,85,,10,"[{""id"": ""T1566"", ""name"": ""Phishing"", ""tactic"": ""Initial Access""}, {""id"": ""T1566.001"", ""name"": ""Spearphishing Attachment"", ""tactic"": ""Initial Access""}, {""id"": ""T1566.002"", ""name"": ""Spearphishing Link"", ""tactic"": ""Initial Access""}, {""id"": ""T1204.001"", ""name"": ""Malicious Link"", ""tactic"": ""Execution""}]","• CONFIRMED ATTACK detected from 10.200.4.219
• Urgency/social engineering language detected
• 5 indicator(s) found (domain, email, ipv4, url, username)
• HIGH RISK (85/100) — immediate action recommended
• MITRE ATT&CK: {'id': 'T1566', 'name': 'Phishing', 'tactic': 'Initial Access'}, {'id': 'T1566.001', 'name': 'Spearphishing Attachment', 'tactic': 'Initial Access'}, {'id': 'T1566.002', 'name': 'Spearphishing Link', 'tactic': 'Initial Access'}
• Affected user: admin_980",2026-04-09 10:33:21.368733+00,2026-04-09 10:39:53.561137+00,392.192404
805466b7-eefb-4b81-8d97-c89a3356f87d,user_login,completed,A,benign,0,,2,[],"• Routine activity — no threat detected
• 2 indicator(s) found (ipv4, username)
• LOW RISK (0/100) — no action needed
• Affected user: compromised_981",2026-04-09 10:33:21.884807+00,2026-04-09 10:42:27.490603+00,545.605796
83feb3ca-6b62-4f56-b1d7-f32b7129047f,phishing,completed,A,true_positive,85,,10,"[{""id"": ""T1566"", ""name"": ""Phishing"", ""tactic"": ""Initial Access""}, {""id"": ""T1566.001"", ""name"": ""Spearphishing Attachment"", ""tactic"": ""Initial Access""}, {""id"": ""T1566.002"", ""name"": ""Spearphishing Link"", ""tactic"": ""Initial Access""}, {""id"": ""T1204.001"", ""name"": ""Malicious Link"", ""tactic"": ""Execution""}]","• CONFIRMED ATTACK detected from 10.200.4.221
• Urgency/social engineering language detected
• 5 indicator(s) found (domain, email, ipv4, url, username)
• HIGH RISK (85/100) — immediate action recommended
• MITRE ATT&CK: {'id': 'T1566', 'name': 'Phishing', 'tactic': 'Initial Access'}, {'id': 'T1566.001', 'name': 'Spearphishing Attachment', 'tactic': 'Initial Access'}, {'id': 'T1566.002', 'name': 'Spearphishing Link', 'tactic': 'Initial Access'}
• Affected user: compromised_982",2026-04-09 10:33:22.401657+00,2026-04-09 10:42:22.45077+00,540.049113
9702b1e0-1200-4c66-9dc8-aa8d4cb55fe9,lolbin_abuse,completed,A,true_positive,100,,8,"[{""id"": ""T1218"", ""name"": ""System Binary Proxy Execution"", ""tactic"": ""Defense Evasion""}, {""id"": ""T1218.005"", ""name"": ""Mshta"", ""tactic"": ""Defense Evasion""}, {""id"": ""T1218.011"", ""name"": ""Rundll32"", ""tactic"": ""Defense Evasion""}]","• CONFIRMED ATTACK detected from 10.200.4.222
• LOLBin abuse: certutil download via -urlcache
• 3 indicator(s) found (ipv4, url, username)
• HIGH RISK (100/100) — immediate action recommended
• MITRE ATT&CK: {'id': 'T1218', 'name': 'System Binary Proxy Execution', 'tactic': 'Defense Evasion'}, {'id': 'T1218.005', 'name': 'Mshta', 'tactic': 'Defense Evasion'}, {'id': 'T1218.011', 'name': 'Rundll32', 'tactic': 'Defense Evasion'}
• Affected user: jdoe_983",2026-04-09 10:33:22.913985+00,2026-04-09 10:42:24.678835+00,541.764850
62d8d53f-28a0-4424-8cb3-bd3e1cb85aed,phishing,completed,A,true_positive,85,,10,"[{""id"": ""T1566"", ""name"": ""Phishing"", ""tactic"": ""Initial Access""}, {""id"": ""T1566.001"", ""name"": ""Spearphishing Attachment"", ""tactic"": ""Initial Access""}, {""id"": ""T1566.002"", ""name"": ""Spearphishing Link"", ""tactic"": ""Initial Access""}, {""id"": ""T1204.001"", ""name"": ""Malicious Link"", ""tactic"": ""Execution""}]","• CONFIRMED ATTACK detected from 10.200.4.223
• Urgency/social engineering language detected
• 5 indicator(s) found (domain, email, ipv4, url, username)
• HIGH RISK (85/100) — immediate action recommended
• MITRE ATT&CK: {'id': 'T1566', 'name': 'Phishing', 'tactic': 'Initial Access'}, {'id': 'T1566.001', 'name': 'Spearphishing Attachment', 'tactic': 'Initial Access'}, {'id': 'T1566.002', 'name': 'Spearphishing Link', 'tactic': 'Initial Access'}
• Affected user: data_thief_984",2026-04-09 10:33:23.431761+00,2026-04-09 10:41:53.786803+00,510.355042
7178f357-4267-4762-a31c-dc6d68b9c627,phishing,completed,A,true_positive,70,,10,"[{""id"": ""T1566"", ""name"": ""Phishing"", ""tactic"": ""Initial Access""}, {""id"": ""T1566.001"", ""name"": ""Spearphishing Attachment"", ""tactic"": ""Initial Access""}, {""id"": ""T1566.002"", ""name"": ""Spearphishing Link"", ""tactic"": ""Initial Access""}, {""id"": ""T1204.001"", ""name"": ""Malicious Link"", ""tactic"": ""Execution""}]","• CONFIRMED ATTACK detected from 10.200.4.224
• Credential harvesting indicators detected
• 4 indicator(s) found (domain, email, ipv4, username)
• HIGH RISK (70/100) — immediate action recommended
• MITRE ATT&CK: {'id': 'T1566', 'name': 'Phishing', 'tactic': 'Initial Access'}, {'id': 'T1566.001', 'name': 'Spearphishing Attachment', 'tactic': 'Initial Access'}, {'id': 'T1566.002', 'name': 'Spearphishing Link', 'tactic': 'Initial Access'}
• Affected user: jsmith_985",2026-04-09 10:33:23.944626+00,2026-04-09 10:42:45.503841+00,561.559215
9128d3ac-8cf9-4216-96ca-2bc6de6864d8,user_login,completed,A,benign,0,,2,[],"• Routine activity — no threat detected
• 2 indicator(s) found (ipv4, username)
• LOW RISK (0/100) — no action needed
• Affected user: attacker_user_986",2026-04-09 10:33:24.459827+00,2026-04-09 10:39:52.65869+00,388.198863
4bfc3a3c-dac8-43a8-ba89-b963b05f7048,user_login,completed,A,benign,0,,2,[],"• Routine activity — no threat detected
• 2 indicator(s) found (ipv4, username)
• LOW RISK (0/100) — no action needed
• Affected user: web_admin_987",2026-04-09 10:33:24.969359+00,2026-04-09 10:40:53.239906+00,448.270547
2743d60a-e923-42fd-84bf-70fc8009b298,password_change,completed,A,benign,0,,2,[],"• Routine activity — no threat detected
• 2 indicator(s) found (ipv4, username)
• LOW RISK (0/100) — no action needed
• Affected user: attacker_user_988",2026-04-09 10:33:25.483703+00,2026-04-09 10:41:49.241159+00,503.757456
73b82f5f-c1d1-4f2f-b68e-127110e91b9e,windows_update,completed,A,benign,0,,2,[],"• Routine activity — no threat detected
• 2 indicator(s) found (ipv4, username)
• LOW RISK (0/100) — no action needed
• Affected user: jsmith_989",2026-04-09 10:33:25.994219+00,2026-04-09 10:40:48.215771+00,442.221552
c87a7afc-7398-42a6-a545-a3bd8a3152ea,golden_ticket,completed,A,true_positive,100,,7,"[{""id"": ""T1558.001"", ""name"": ""Golden Ticket"", ""tactic"": ""Credential Access""}]","• CONFIRMED ATTACK detected from 10.200.4.229
• Forged Kerberos ticket detected
• 2 indicator(s) found (ipv4, username)
• HIGH RISK (100/100) — immediate action recommended
• MITRE ATT&CK: {'id': 'T1558.001', 'name': 'Golden Ticket', 'tactic': 'Credential Access'}
• Affected user: SYSTEM_990",2026-04-09 10:33:26.507929+00,2026-04-09 10:41:43.289403+00,496.781474
e3d6b69f-9c5d-4b47-b031-817f4bcdc452,windows_update,completed,A,benign,0,,2,[],"• Routine activity — no threat detected
• 2 indicator(s) found (ipv4, username)
• LOW RISK (0/100) — no action needed
• Affected user: root_991",2026-04-09 10:33:27.019831+00,2026-04-09 10:42:23.861549+00,536.841718
477fe88a-88b6-4347-9cd3-501c6dd026c4,phishing,completed,A,true_positive,85,,10,"[{""id"": ""T1566"", ""name"": ""Phishing"", ""tactic"": ""Initial Access""}, {""id"": ""T1566.001"", ""name"": ""Spearphishing Attachment"", ""tactic"": ""Initial Access""}, {""id"": ""T1566.002"", ""name"": ""Spearphishing Link"", ""tactic"": ""Initial Access""}, {""id"": ""T1204.001"", ""name"": ""Malicious Link"", ""tactic"": ""Execution""}]","• CONFIRMED ATTACK detected from 10.200.4.231
• Urgency/social engineering language detected
• 5 indicator(s) found (domain, email, ipv4, url, username)
• HIGH RISK (85/100) — immediate action recommended
• MITRE ATT&CK: {'id': 'T1566', 'name': 'Phishing', 'tactic': 'Initial Access'}, {'id': 'T1566.001', 'name': 'Spearphishing Attachment', 'tactic': 'Initial Access'}, {'id': 'T1566.002', 'name': 'Spearphishing Link', 'tactic': 'Initial Access'}
• Affected user: golden_attacker_992",2026-04-09 10:33:27.536558+00,2026-04-09 10:42:23.716517+00,536.179959
ae2f754c-8636-4f7f-a80e-68f54309e1ca,password_change,completed,A,benign,0,,2,[],"• Routine activity — no threat detected
• 2 indicator(s) found (ipv4, username)
• LOW RISK (0/100) — no action needed
• Affected user: asmith_993",2026-04-09 10:33:28.05594+00,2026-04-09 10:42:05.301547+00,517.245607
359bf4be-aabb-440c-a168-1974f37069dc,lateral_movement,completed,A,true_positive,100,,8,"[{""id"": ""T1021"", ""name"": ""Remote Services"", ""tactic"": ""Lateral Movement""}, {""id"": ""T1021.002"", ""name"": ""SMB/Windows Admin Shares"", ""tactic"": ""Lateral Movement""}, {""id"": ""T1570"", ""name"": ""Lateral Tool Transfer"", ""tactic"": ""Lateral Movement""}, {""id"": ""T1047"", ""name"": ""Windows Management Instrumentation"", ""tactic"": ""Execution""}]","• CONFIRMED ATTACK detected from 10.200.4.233
• Detected ipv4: 172.16.0.225
• 3 indicator(s) found (ipv4, username)
• HIGH RISK (100/100) — immediate action recommended
• MITRE ATT&CK: {'id': 'T1021', 'name': 'Remote Services', 'tactic': 'Lateral Movement'}, {'id': 'T1021.002', 'name': 'SMB/Windows Admin Shares', 'tactic': 'Lateral Movement'}, {'id': 'T1570', 'name': 'Lateral Tool Transfer', 'tactic': 'Lateral Movement'}
• Affected user: sql_svc_994",2026-04-09 10:33:28.573903+00,2026-04-09 10:41:37.746675+00,489.172772
b1e241f3-3371-4f11-bc9b-15d5177872ce,lolbin_abuse,completed,A,benign,15,,8,"[{""id"": ""T1218"", ""name"": ""System Binary Proxy Execution"", ""tactic"": ""Defense Evasion""}, {""id"": ""T1218.005"", ""name"": ""Mshta"", ""tactic"": ""Defense Evasion""}, {""id"": ""T1218.011"", ""name"": ""Rundll32"", ""tactic"": ""Defense Evasion""}]","• Routine activity — no threat detected
• URL targets suspicious executable: http://bad.host/stage2.ps1
• 3 indicator(s) found (ipv4, url, username)
• LOW RISK (15/100) — no action needed
• MITRE ATT&CK: {'id': 'T1218', 'name': 'System Binary Proxy Execution', 'tactic': 'Defense Evasion'}, {'id': 'T1218.005', 'name': 'Mshta', 'tactic': 'Defense Evasion'}, {'id': 'T1218.011', 'name': 'Rundll32', 'tactic': 'Defense Evasion'}
• Affected user: web_admin_995",2026-04-09 10:33:29.085304+00,2026-04-09 10:41:03.23729+00,454.151986
9e0bb115-e938-4e1c-9de4-824d0e93202a,golden_ticket,completed,A,true_positive,100,,7,"[{""id"": ""T1558.001"", ""name"": ""Golden Ticket"", ""tactic"": ""Credential Access""}]","• CONFIRMED ATTACK detected from 10.200.4.235
• Forged Kerberos ticket detected
• 2 indicator(s) found (ipv4, username)
• HIGH RISK (100/100) — immediate action recommended
• MITRE ATT&CK: {'id': 'T1558.001', 'name': 'Golden Ticket', 'tactic': 'Credential Access'}
• Affected user: backup_svc_996",2026-04-09 10:33:29.600001+00,2026-04-09 10:40:53.271591+00,443.671590
2e61cfba-2294-4c2b-9e0d-abe5f2ee57a5,ransomware,completed,A,true_positive,100,,8,"[{""id"": ""T1486"", ""name"": ""Data Encrypted for Impact"", ""tactic"": ""Impact""}, {""id"": ""T1490"", ""name"": ""Inhibit System Recovery"", ""tactic"": ""Impact""}, {""id"": ""T1059"", ""name"": ""Command and Scripting Interpreter"", ""tactic"": ""Execution""}, {""id"": ""T1547"", ""name"": ""Boot or Logon Autostart Execution"", ""tactic"": ""Persistence""}]","• CONFIRMED ATTACK detected from 10.200.4.236
• Shadow copy deletion detected (vssadmin delete shadows)
• 2 indicator(s) found (ipv4, username)
• HIGH RISK (100/100) — immediate action recommended
• MITRE ATT&CK: {'id': 'T1486', 'name': 'Data Encrypted for Impact', 'tactic': 'Impact'}, {'id': 'T1490', 'name': 'Inhibit System Recovery', 'tactic': 'Impact'}, {'id': 'T1059', 'name': 'Command and Scripting Interpreter', 'tactic': 'Execution'}
• Affected user: SYSTEM_997",2026-04-09 10:33:30.177156+00,2026-04-09 10:42:27.283303+00,537.106147
3e807774-2c4f-4237-a879-c44500ad7109,ransomware,completed,A,true_positive,100,,8,"[{""id"": ""T1486"", ""name"": ""Data Encrypted for Impact"", ""tactic"": ""Impact""}, {""id"": ""T1490"", ""name"": ""Inhibit System Recovery"", ""tactic"": ""Impact""}, {""id"": ""T1059"", ""name"": ""Command and Scripting Interpreter"", ""tactic"": ""Execution""}, {""id"": ""T1547"", ""name"": ""Boot or Logon Autostart Execution"", ""tactic"": ""Persistence""}]","• CONFIRMED ATTACK detected from 10.200.4.237
• Shadow copy deletion detected (vssadmin delete shadows)
• 2 indicator(s) found (ipv4, username)
• HIGH RISK (100/100) — immediate action recommended
• MITRE ATT&CK: {'id': 'T1486', 'name': 'Data Encrypted for Impact', 'tactic': 'Impact'}, {'id': 'T1490', 'name': 'Inhibit System Recovery', 'tactic': 'Impact'}, {'id': 'T1059', 'name': 'Command and Scripting Interpreter', 'tactic': 'Execution'}
• Affected user: svc_backup_998",2026-04-09 10:33:30.693535+00,2026-04-09 10:42:24.653733+00,533.960198
fa3b2e0b-08e9-44d1-906a-d89b0835e5c1,phishing,completed,A,true_positive,70,,10,"[{""id"": ""T1566"", ""name"": ""Phishing"", ""tactic"": ""Initial Access""}, {""id"": ""T1566.001"", ""name"": ""Spearphishing Attachment"", ""tactic"": ""Initial Access""}, {""id"": ""T1566.002"", ""name"": ""Spearphishing Link"", ""tactic"": ""Initial Access""}, {""id"": ""T1204.001"", ""name"": ""Malicious Link"", ""tactic"": ""Execution""}]","• CONFIRMED ATTACK detected from 10.200.4.238
• Credential harvesting indicators detected
• 4 indicator(s) found (domain, email, ipv4, username)
• HIGH RISK (70/100) — immediate action recommended
• MITRE ATT&CK: {'id': 'T1566', 'name': 'Phishing', 'tactic': 'Initial Access'}, {'id': 'T1566.001', 'name': 'Spearphishing Attachment', 'tactic': 'Initial Access'}, {'id': 'T1566.002', 'name': 'Spearphishing Link', 'tactic': 'Initial Access'}
• Affected user: Administrator_999",2026-04-09 10:33:31.209272+00,2026-04-09 10:42:22.899017+00,531.689745
0f055eb3-30f6-4293-bd38-5ec785ecf846,golden_ticket,completed,A,true_positive,100,,7,"[{""id"": ""T1558.001"", ""name"": ""Golden Ticket"", ""tactic"": ""Credential Access""}]","• CONFIRMED ATTACK detected from 10.200.4.239
• Forged Kerberos ticket detected
• 2 indicator(s) found (ipv4, username)
• HIGH RISK (100/100) — immediate action recommended
• MITRE ATT&CK: {'id': 'T1558.001', 'name': 'Golden Ticket', 'tactic': 'Credential Access'}
• Affected user: attacker_user_1000",2026-04-09 10:33:31.738626+00,2026-04-09 10:39:19.507755+00,347.769129
